2025-09-21 14:56:19,552 [INFO] Activator:176 - 


2025-09-21 14:56:19,555 [INFO] Activator:177 - !SESSION log4j initialized
2025-09-21 14:56:22,958 [INFO] LogOutputStream:77 - [STDOUT_REDIRECT] 
2025-09-21 14:56:30,425 [INFO] ApplicationProperties:184 - Using Application install path: C:\ST\STM32CubeIDE_1.18.0\STM32CubeIDE\plugins\com.st.stm32cube.common.mx_6.14.1.202504091515
2025-09-21 14:56:30,439 [INFO] DbMcusXml:78 - Set database path to: C:\ST\STM32CubeIDE_1.18.0\STM32CubeIDE\plugins\com.st.stm32cube.common.mx_6.14.1.202504091515\\db\/mcu/
2025-09-21 14:56:30,440 [INFO] ApiDb:274 - Set plugin database path to: C:\ST\STM32CubeIDE_1.18.0\STM32CubeIDE\plugins\com.st.stm32cube.common.mx_6.14.1.202504091515\\db\/plugins/boardmanager/
2025-09-21 14:56:30,442 [WARN] ApiDb:259 - Overriding images path with different value:  => C:\ST\STM32CubeIDE_1.18.0\STM32CubeIDE\plugins\com.st.stm32cube.common.mx_6.14.1.202504091515\\db\/plugins/mcufinder/images/
2025-09-21 14:56:30,448 [INFO] ApiDb:250 - Set database path to: C:\Users\User\.stmcufinder\plugins\mcufinder//mcu/
2025-09-21 14:56:30,449 [INFO] DbMcusAds:125 - Set database path to: C:\Users\User\.stmcufinder\plugins\mcufinder//mcu/
2025-09-21 14:56:30,451 [INFO] CrossReferenceDbSqlite:203 - Set database path to: C:\Users\User\.stmcufinder\plugins\mcufinder//mcu/cs/
2025-09-21 14:56:30,559 [INFO] RulesReader:64 - Compatibility file has been processed (302 Rules)
2025-09-21 14:56:30,670 [INFO] DbMcusXml:78 - Set database path to: C:\ST\STM32CubeIDE_1.18.0\STM32CubeIDE\plugins\com.st.stm32cube.common.mx_6.14.1.202504091515\\db\/mcu/
2025-09-21 14:56:30,670 [INFO] ApiDb:274 - Set plugin database path to: C:\ST\STM32CubeIDE_1.18.0\STM32CubeIDE\plugins\com.st.stm32cube.common.mx_6.14.1.202504091515\\db\/plugins/boardmanager/
2025-09-21 14:56:30,670 [INFO] ApiDb:261 - Set plugin images path to: C:\ST\STM32CubeIDE_1.18.0\STM32CubeIDE\plugins\com.st.stm32cube.common.mx_6.14.1.202504091515\\db\/plugins/mcufinder/images/
2025-09-21 14:56:30,670 [WARN] DbFile:41 - Overriding database path with different value: C:\Users\User\.stmcufinder\plugins\mcufinder/ => C:\Users\User\.stmcufinder\plugins\mcufinder
2025-09-21 14:56:30,670 [INFO] ApiDb:250 - Set database path to: C:\Users\User\.stmcufinder\plugins\mcufinder//mcu/
2025-09-21 14:56:30,670 [WARN] DbFile:41 - Overriding database path with different value: C:\Users\User\.stmcufinder\plugins\mcufinder/ => C:\Users\User\.stmcufinder\plugins\mcufinder
2025-09-21 14:56:30,670 [INFO] DbMcusAds:125 - Set database path to: C:\Users\User\.stmcufinder\plugins\mcufinder//mcu/
2025-09-21 14:56:30,671 [WARN] DbFile:41 - Overriding database path with different value: C:\Users\User\.stmcufinder\plugins\mcufinder/ => C:\Users\User\.stmcufinder\plugins\mcufinder
2025-09-21 14:56:30,671 [WARN] DbFile:41 - Overriding database path with different value: C:\Users\User\.stmcufinder\plugins\mcufinder/ => C:\Users\User\.stmcufinder\plugins\mcufinder
2025-09-21 14:56:30,671 [INFO] CrossReferenceDbSqlite:203 - Set database path to: C:\Users\User\.stmcufinder\plugins\mcufinder//mcu/cs/
2025-09-21 14:56:30,787 [INFO] MainPanel:272 - HeapMemory: 268435456
2025-09-21 14:56:30,881 [INFO] DbMcusXml:78 - Set database path to: C:\ST\STM32CubeIDE_1.18.0\STM32CubeIDE\plugins\com.st.stm32cube.common.mx_6.14.1.202504091515\\db\/mcu/
2025-09-21 14:56:30,881 [INFO] ApiDb:274 - Set plugin database path to: C:\ST\STM32CubeIDE_1.18.0\STM32CubeIDE\plugins\com.st.stm32cube.common.mx_6.14.1.202504091515\\db\/plugins/boardmanager/
2025-09-21 14:56:30,883 [INFO] ApiDb:261 - Set plugin images path to: C:\ST\STM32CubeIDE_1.18.0\STM32CubeIDE\plugins\com.st.stm32cube.common.mx_6.14.1.202504091515\\db\/plugins/mcufinder/images/
2025-09-21 14:56:30,883 [WARN] DbFile:41 - Overriding database path with different value: C:\Users\User\.stmcufinder\plugins\mcufinder/ => C:\Users\User\.stmcufinder\plugins\mcufinder
2025-09-21 14:56:30,883 [INFO] ApiDb:250 - Set database path to: C:\Users\User\.stmcufinder\plugins\mcufinder//mcu/
2025-09-21 14:56:30,883 [WARN] DbFile:41 - Overriding database path with different value: C:\Users\User\.stmcufinder\plugins\mcufinder/ => C:\Users\User\.stmcufinder\plugins\mcufinder
2025-09-21 14:56:30,884 [INFO] DbMcusAds:125 - Set database path to: C:\Users\User\.stmcufinder\plugins\mcufinder//mcu/
2025-09-21 14:56:30,884 [WARN] DbFile:41 - Overriding database path with different value: C:\Users\User\.stmcufinder\plugins\mcufinder/ => C:\Users\User\.stmcufinder\plugins\mcufinder
2025-09-21 14:56:30,884 [WARN] DbFile:41 - Overriding database path with different value: C:\Users\User\.stmcufinder\plugins\mcufinder/ => C:\Users\User\.stmcufinder\plugins\mcufinder
2025-09-21 14:56:30,884 [INFO] CrossReferenceDbSqlite:203 - Set database path to: C:\Users\User\.stmcufinder\plugins\mcufinder//mcu/cs/
2025-09-21 14:56:30,905 [INFO] ApplicationProperties:184 - Using Application install path: C:\ST\STM32CubeIDE_1.18.0\STM32CubeIDE\plugins\com.st.stm32cube.common.mx_6.14.1.202504091515
2025-09-21 14:56:30,906 [INFO] PluginManage:196 - Search for loadable plugins [exclusion list=, ]
2025-09-21 14:56:30,907 [INFO] PluginManage:310 - Check plugin analytics
2025-09-21 14:56:36,026 [INFO] AnalyticsPlugin:253 - Accepted Software Licenses: 
2025-09-21 14:56:36,027 [INFO] AnalyticsPlugin:255 - Accepted CMSIS Pack Licenses: 
2025-09-21 14:56:36,027 [INFO] AnalyticsPlugin:257 - Accepted Firmware Licenses: FW.C0.1.1.0
2025-09-21 14:56:36,032 [INFO] PluginManage:359 - Loaded plugin analytics (category:tool,tabindex:-1)
2025-09-21 14:56:36,032 [INFO] PluginManage:310 - Check plugin cadmodel
2025-09-21 14:56:36,036 [INFO] CADModel:105 - Init CAD model plugin
2025-09-21 14:56:36,037 [INFO] PluginManage:359 - Loaded plugin cadmodel (category:power,tabindex:5)
2025-09-21 14:56:36,037 [INFO] PluginManage:310 - Check plugin clock
2025-09-21 14:56:36,051 [INFO] PluginManage:359 - Loaded plugin clock (category:base,tabindex:2)
2025-09-21 14:56:36,051 [INFO] PluginManage:310 - Check plugin ddr
2025-09-21 14:56:36,053 [INFO] PluginManage:359 - Loaded plugin ddr (category:tool,tabindex:6)
2025-09-21 14:56:36,054 [INFO] PluginManage:310 - Check plugin filemanager
2025-09-21 14:56:36,202 [INFO] PluginManage:359 - Loaded plugin filemanager (category:base,tabindex:10)
2025-09-21 14:56:36,202 [INFO] PluginManage:310 - Check plugin ipmanager
2025-09-21 14:56:36,211 [INFO] PluginManage:359 - Loaded plugin ipmanager (category:base,tabindex:5)
2025-09-21 14:56:36,212 [INFO] PluginManage:310 - Check plugin lpbam
2025-09-21 14:56:36,219 [INFO] PluginManage:359 - Loaded plugin lpbam (category:base,tabindex:0)
2025-09-21 14:56:36,219 [INFO] PluginManage:310 - Check plugin memorymap
2025-09-21 14:56:36,231 [INFO] PluginManage:359 - Loaded plugin memorymap (category:base,tabindex:4)
2025-09-21 14:56:36,231 [INFO] PluginManage:310 - Check plugin pinoutandconfiguration
2025-09-21 14:56:36,241 [INFO] PluginManage:359 - Loaded plugin pinoutandconfiguration (category:base,tabindex:1)
2025-09-21 14:56:36,241 [INFO] PluginManage:310 - Check plugin pinoutconfig
2025-09-21 14:56:36,373 [WARN] SupportedApi:132 - Cannot load RTOS API schema: s4s-elt-must-match.1: The content of 'definitions' must match (annotation?, (simpleType | complexType)?, (unique | key | keyref)*)). A problem was found starting at: attribute.
2025-09-21 14:56:36,531 [INFO] PluginManage:359 - Loaded plugin pinoutconfig (category:base,tabindex:0)
2025-09-21 14:56:36,531 [INFO] PluginManage:310 - Check plugin power
2025-09-21 14:56:36,541 [INFO] PluginManage:359 - Loaded plugin power (category:power,tabindex:4)
2025-09-21 14:56:36,541 [INFO] PluginManage:310 - Check plugin projectmanager
2025-09-21 14:56:36,560 [INFO] PluginManage:359 - Loaded plugin projectmanager (category:projectmanager,tabindex:4)
2025-09-21 14:56:36,560 [INFO] PluginManage:310 - Check plugin rif
2025-09-21 14:56:36,567 [INFO] PluginManage:359 - Loaded plugin rif (category:base,tabindex:3)
2025-09-21 14:56:36,567 [INFO] PluginManage:310 - Check plugin thirdparty
2025-09-21 14:56:36,704 [INFO] PluginManage:359 - Loaded plugin thirdparty (category:base,tabindex:-1)
2025-09-21 14:56:36,704 [WARN] IntegrityCheckThread:84 - waiting for thirdparty lock release [integrity check]
2025-09-21 14:56:36,705 [INFO] IntegrityCheckThread:86 - entering critical section [integrity check]
2025-09-21 14:56:36,705 [INFO] PluginManage:310 - Check plugin tools
2025-09-21 14:56:36,706 [INFO] ThirdPartyUpdaterWithRetryManager:70 - Updater plugin not ready yet. [1/15]
2025-09-21 14:56:36,710 [INFO] PluginManage:359 - Loaded plugin tools (category:base,tabindex:7)
2025-09-21 14:56:36,710 [INFO] PluginManage:310 - Check plugin tutovideos
2025-09-21 14:56:36,891 [INFO] PluginManage:359 - Loaded plugin tutovideos (category:base,tabindex:-1)
2025-09-21 14:56:36,892 [INFO] PluginManage:310 - Check plugin updater
2025-09-21 14:56:36,917 [INFO] PluginManage:359 - Loaded plugin updater (category:base,tabindex:12)
2025-09-21 14:56:36,918 [INFO] PluginManage:310 - Check plugin userauth
2025-09-21 14:56:36,922 [INFO] UserAuth:118 - Init User Auth plugin
2025-09-21 14:56:36,925 [INFO] PluginManage:359 - Loaded plugin userauth (category:base,tabindex:14)
2025-09-21 14:56:36,926 [INFO] PluginManage:283 - PluginManage : Loaded plugins [18]
2025-09-21 14:56:37,178 [INFO] PinOutPanel:1589 - setPackage(No Configuration,No Configuration)
2025-09-21 14:56:37,284 [INFO] CADModel:165 - CPN selected for project level
2025-09-21 14:56:37,285 [INFO] CADModel:114 - Register for checkConnection events
2025-09-21 14:56:37,306 [INFO] IPUIPlugin:80 - create IPUIPlugin
2025-09-21 14:56:37,306 [INFO] PluginManager:220 - loadIPPluginJar : add adc
2025-09-21 14:56:37,310 [INFO] IPUIPlugin:80 - create IPUIPlugin
2025-09-21 14:56:37,311 [INFO] PluginManager:220 - loadIPPluginJar : add aes
2025-09-21 14:56:37,314 [INFO] IPUIPlugin:80 - create IPUIPlugin
2025-09-21 14:56:37,314 [INFO] PluginManager:220 - loadIPPluginJar : add can
2025-09-21 14:56:37,316 [INFO] IPUIPlugin:80 - create IPUIPlugin
2025-09-21 14:56:37,316 [INFO] PluginManager:220 - loadIPPluginJar : add comp
2025-09-21 14:56:37,320 [INFO] IPUIPlugin:80 - create IPUIPlugin
2025-09-21 14:56:37,320 [INFO] PluginManager:220 - loadIPPluginJar : add cryp
2025-09-21 14:56:37,323 [INFO] IPUIPlugin:80 - create IPUIPlugin
2025-09-21 14:56:37,323 [INFO] PluginManager:220 - loadIPPluginJar : add ddr_ctrl_phy
2025-09-21 14:56:37,327 [INFO] IPUIPlugin:80 - create IPUIPlugin
2025-09-21 14:56:37,327 [INFO] PluginManager:220 - loadIPPluginJar : add dfsdm
2025-09-21 14:56:37,333 [INFO] IPUIPlugin:80 - create IPUIPlugin
2025-09-21 14:56:37,333 [INFO] PluginManager:220 - loadIPPluginJar : add dma
2025-09-21 14:56:37,338 [INFO] IPUIPlugin:80 - create IPUIPlugin
2025-09-21 14:56:37,339 [INFO] PluginManager:220 - loadIPPluginJar : add dma3
2025-09-21 14:56:37,342 [INFO] IPUIPlugin:80 - create IPUIPlugin
2025-09-21 14:56:37,342 [INFO] PluginManager:220 - loadIPPluginJar : add extmemmanager
2025-09-21 14:56:37,344 [INFO] IPUIPlugin:80 - create IPUIPlugin
2025-09-21 14:56:37,344 [INFO] PluginManager:220 - loadIPPluginJar : add fatfs
2025-09-21 14:56:37,349 [INFO] IPUIPlugin:80 - create IPUIPlugin
2025-09-21 14:56:37,349 [INFO] PluginManager:220 - loadIPPluginJar : add fmc
2025-09-21 14:56:37,356 [INFO] IPUIPlugin:80 - create IPUIPlugin
2025-09-21 14:56:37,356 [INFO] PluginManager:220 - loadIPPluginJar : add freertos
2025-09-21 14:56:37,359 [INFO] IPUIPlugin:80 - create IPUIPlugin
2025-09-21 14:56:37,359 [INFO] PluginManager:220 - loadIPPluginJar : add genericplugin
2025-09-21 14:56:37,361 [INFO] IPUIPlugin:80 - create IPUIPlugin
2025-09-21 14:56:37,362 [INFO] PluginManager:220 - loadIPPluginJar : add gfxmmu
2025-09-21 14:56:37,367 [INFO] IPUIPlugin:80 - create IPUIPlugin
2025-09-21 14:56:37,367 [INFO] PluginManager:220 - loadIPPluginJar : add gic
2025-09-21 14:56:37,372 [INFO] IPUIPlugin:80 - create IPUIPlugin
2025-09-21 14:56:37,373 [INFO] PluginManager:220 - loadIPPluginJar : add gpio
2025-09-21 14:56:37,377 [INFO] IPUIPlugin:80 - create IPUIPlugin
2025-09-21 14:56:37,377 [INFO] PluginManager:220 - loadIPPluginJar : add gtzc
2025-09-21 14:56:37,380 [INFO] IPUIPlugin:80 - create IPUIPlugin
2025-09-21 14:56:37,381 [INFO] PluginManager:220 - loadIPPluginJar : add hash
2025-09-21 14:56:37,384 [INFO] IPUIPlugin:80 - create IPUIPlugin
2025-09-21 14:56:37,384 [INFO] PluginManager:220 - loadIPPluginJar : add i2c
2025-09-21 14:56:37,387 [INFO] IPUIPlugin:80 - create IPUIPlugin
2025-09-21 14:56:37,387 [INFO] PluginManager:220 - loadIPPluginJar : add i2s
2025-09-21 14:56:37,391 [INFO] IPUIPlugin:80 - create IPUIPlugin
2025-09-21 14:56:37,391 [INFO] PluginManager:220 - loadIPPluginJar : add i3c
2025-09-21 14:56:37,394 [INFO] IPUIPlugin:80 - create IPUIPlugin
2025-09-21 14:56:37,395 [INFO] PluginManager:220 - loadIPPluginJar : add ipddr
2025-09-21 14:56:37,401 [INFO] IPUIPlugin:80 - create IPUIPlugin
2025-09-21 14:56:37,402 [INFO] PluginManager:220 - loadIPPluginJar : add linkedlist
2025-09-21 14:56:37,406 [INFO] IPUIPlugin:80 - create IPUIPlugin
2025-09-21 14:56:37,406 [INFO] PluginManager:220 - loadIPPluginJar : add lorawan
2025-09-21 14:56:37,408 [INFO] IPUIPlugin:80 - create IPUIPlugin
2025-09-21 14:56:37,408 [INFO] PluginManager:220 - loadIPPluginJar : add ltdc
2025-09-21 14:56:37,415 [INFO] IPUIPlugin:80 - create IPUIPlugin
2025-09-21 14:56:37,415 [INFO] PluginManager:220 - loadIPPluginJar : add mdma
2025-09-21 14:56:37,419 [INFO] IPUIPlugin:80 - create IPUIPlugin
2025-09-21 14:56:37,419 [INFO] PluginManager:220 - loadIPPluginJar : add nvic
2025-09-21 14:56:37,422 [INFO] IPUIPlugin:80 - create IPUIPlugin
2025-09-21 14:56:37,423 [INFO] PluginManager:220 - loadIPPluginJar : add opamp
2025-09-21 14:56:37,427 [INFO] IPUIPlugin:80 - create IPUIPlugin
2025-09-21 14:56:37,427 [INFO] PluginManager:220 - loadIPPluginJar : add openamp
2025-09-21 14:56:37,430 [INFO] IPUIPlugin:80 - create IPUIPlugin
2025-09-21 14:56:37,430 [INFO] PluginManager:220 - loadIPPluginJar : add pdm2pcm
2025-09-21 14:56:37,437 [INFO] IPUIPlugin:80 - create IPUIPlugin
2025-09-21 14:56:37,440 [INFO] PluginManager:220 - loadIPPluginJar : add plateformsettings
2025-09-21 14:56:37,442 [INFO] IPUIPlugin:80 - create IPUIPlugin
2025-09-21 14:56:37,442 [INFO] PluginManager:220 - loadIPPluginJar : add quadspi
2025-09-21 14:56:37,445 [INFO] IPUIPlugin:80 - create IPUIPlugin
2025-09-21 14:56:37,448 [INFO] PluginManager:220 - loadIPPluginJar : add radio
2025-09-21 14:56:37,451 [INFO] IPUIPlugin:80 - create IPUIPlugin
2025-09-21 14:56:37,452 [INFO] PluginManager:220 - loadIPPluginJar : add resmgrutility
2025-09-21 14:56:37,455 [INFO] IPUIPlugin:80 - create IPUIPlugin
2025-09-21 14:56:37,455 [INFO] PluginManager:220 - loadIPPluginJar : add sai
2025-09-21 14:56:37,458 [INFO] IPUIPlugin:80 - create IPUIPlugin
2025-09-21 14:56:37,458 [INFO] PluginManager:220 - loadIPPluginJar : add spi
2025-09-21 14:56:37,466 [INFO] IPUIPlugin:80 - create IPUIPlugin
2025-09-21 14:56:37,466 [INFO] PluginManager:220 - loadIPPluginJar : add stm32_wpan
2025-09-21 14:56:37,468 [INFO] IPUIPlugin:80 - create IPUIPlugin
2025-09-21 14:56:37,469 [INFO] PluginManager:220 - loadIPPluginJar : add tim
2025-09-21 14:56:37,473 [INFO] IPUIPlugin:80 - create IPUIPlugin
2025-09-21 14:56:37,473 [INFO] PluginManager:220 - loadIPPluginJar : add touchsensing
2025-09-21 14:56:37,476 [INFO] IPUIPlugin:80 - create IPUIPlugin
2025-09-21 14:56:37,476 [INFO] PluginManager:220 - loadIPPluginJar : add tracer_emb
2025-09-21 14:56:37,478 [INFO] IPUIPlugin:80 - create IPUIPlugin
2025-09-21 14:56:37,479 [INFO] PluginManager:220 - loadIPPluginJar : add ts
2025-09-21 14:56:37,481 [INFO] IPUIPlugin:80 - create IPUIPlugin
2025-09-21 14:56:37,481 [INFO] PluginManager:220 - loadIPPluginJar : add tsc
2025-09-21 14:56:37,483 [INFO] IPUIPlugin:80 - create IPUIPlugin
2025-09-21 14:56:37,484 [INFO] PluginManager:220 - loadIPPluginJar : add ucpd
2025-09-21 14:56:37,486 [INFO] IPUIPlugin:80 - create IPUIPlugin
2025-09-21 14:56:37,486 [INFO] PluginManager:220 - loadIPPluginJar : add usart
2025-09-21 14:56:37,491 [INFO] IPUIPlugin:80 - create IPUIPlugin
2025-09-21 14:56:37,491 [INFO] PluginManager:220 - loadIPPluginJar : add usbx
2025-09-21 14:56:37,645 [FATAL] Updater:351 - Updater called before beeing initialized
2025-09-21 14:56:37,668 [INFO] RulesReader:64 - Compatibility file has been processed (302 Rules)
2025-09-21 14:56:37,683 [INFO] RulesReader:64 - Compatibility file has been processed (302 Rules)
2025-09-21 14:56:37,692 [INFO] CADModel:165 - CPN selected for project level
2025-09-21 14:56:37,692 [INFO] CADModel:114 - Register for checkConnection events
2025-09-21 14:56:37,692 [FATAL] Updater:351 - Updater called before beeing initialized
2025-09-21 14:56:37,693 [ERROR] CADModel:125 - Updater not yet initialized, retry later 
2025-09-21 14:56:37,830 [FATAL] Updater:351 - Updater called before beeing initialized
2025-09-21 14:56:37,831 [INFO] CADModel:165 - CPN selected for project level
2025-09-21 14:56:37,832 [INFO] CADModel:114 - Register for checkConnection events
2025-09-21 14:56:37,832 [FATAL] Updater:351 - Updater called before beeing initialized
2025-09-21 14:56:37,832 [ERROR] CADModel:125 - Updater not yet initialized, retry later 
2025-09-21 14:56:37,835 [FATAL] Updater:351 - Updater called before beeing initialized
2025-09-21 14:56:37,994 [FATAL] Updater:351 - Updater called before beeing initialized
2025-09-21 14:56:37,998 [INFO] DbMcusAds:53 - JSON generation date=Tue Jul 08 05:14:23 BRT 2025 (1751962463582)
2025-09-21 14:56:37,998 [FATAL] Updater:351 - Updater called before beeing initialized
2025-09-21 14:56:38,034 [WARN] DetailPanel:346 - Failed to get advertising image, set to default
2025-09-21 14:56:38,314 [FATAL] Updater:351 - Updater called before beeing initialized
2025-09-21 14:56:38,316 [FATAL] Updater:351 - Updater called before beeing initialized
2025-09-21 14:56:38,316 [FATAL] Updater:351 - Updater called before beeing initialized
2025-09-21 14:56:38,316 [WARN] DetailPanel:346 - Failed to get advertising image, set to default
2025-09-21 14:56:38,317 [FATAL] Updater:351 - Updater called before beeing initialized
2025-09-21 14:56:38,370 [ERROR] Updater:1198 - MainUpdater not yet initialized. External WinMGr cannot be set.
2025-09-21 14:56:38,372 [INFO] Updater:1134 - Updater Version found : 6.14.1
2025-09-21 14:56:38,387 [INFO] ApplicationProperties:184 - Using Application install path: C:\ST\STM32CubeIDE_1.18.0\STM32CubeIDE\plugins\com.st.stm32cube.common.mx_6.14.1.202504091515
2025-09-21 14:56:38,734 [INFO] MainUpdater:2872 - connection check result : 10
2025-09-21 14:56:38,734 [INFO] MainUpdater:289 - Updater Check For Update Now.
2025-09-21 14:56:38,735 [INFO] MicroXplorer:498 - Change Database Version : DB.6.0.141
2025-09-21 14:56:38,743 [INFO] McuFinderGlobals:63 - Set McuFinder mode to 2 (CubeIDE integrated)
2025-09-21 14:56:38,745 [INFO] UserAuth:484 - Internet connection configuration mode: 1
2025-09-21 14:56:38,771 [INFO] JxBrowserEngine:152 - Initiate JxBrowser Engine with user profile folder
2025-09-21 14:56:38,943 [INFO] CheckServerUpdateThread:120 - End of CheckServer Thread
2025-09-21 14:56:39,571 [INFO] WebApp:169 - Instantiating new browser for Auth
2025-09-21 14:56:40,165 [WARN] PackLoader:240 - Cannot read IP mode file for STMicroelectronics.FP-SNS-MOTENVWB1.1.4.0
2025-09-21 14:56:40,179 [WARN] PackLoader:240 - Cannot read IP mode file for STMicroelectronics.FP-ATR-ASTRA1.2.0.2
2025-09-21 14:56:40,185 [WARN] PackLoader:240 - Cannot read IP mode file for STMicroelectronics.FP-ATR-ASTRA1.2.0.1
2025-09-21 14:56:40,199 [WARN] PackLoader:240 - Cannot read IP mode file for STMicroelectronics.X-CUBE-SMBUS.2.1.0
2025-09-21 14:56:40,210 [WARN] PackLoader:240 - Cannot read IP mode file for STMicroelectronics.X-CUBE-WB05N.1.1.0
2025-09-21 14:56:40,220 [WARN] PackLoader:240 - Cannot read IP mode file for STMicroelectronics.X-CUBE-ST60.1.0.0
2025-09-21 14:56:40,228 [WARN] PackLoader:240 - Cannot read IP mode file for STMicroelectronics.X-CUBE-TOUCHGFX.4.23.0
2025-09-21 14:56:40,233 [WARN] PackLoader:240 - Cannot read IP mode file for STMicroelectronics.X-CUBE-TOUCHGFX.4.23.2
2025-09-21 14:56:40,274 [WARN] PackLoader:240 - Cannot read IP mode file for STMicroelectronics.X-CUBE-AZRTOS-F7.1.1.0
2025-09-21 14:56:40,285 [WARN] PackLoader:240 - Cannot read IP mode file for STMicroelectronics.FP-SNS-MOTENV1.4.3.2
2025-09-21 14:56:40,387 [WARN] PackLoader:240 - Cannot read IP mode file for STMicroelectronics.X-CUBE-MEMS1.11.0.0
2025-09-21 14:56:40,675 [INFO] WebApp:463 - Apply proxy settings
2025-09-21 14:56:40,676 [INFO] WebApp:548 - Chromium requires no authentication
2025-09-21 14:56:40,697 [INFO] WebApp:491 - Direct internet connection detected
2025-09-21 14:56:40,699 [WARN] PackLoader:240 - Cannot read IP mode file for STMicroelectronics.FP-SNS-FLIGHT1.5.0.2
2025-09-21 14:56:40,738 [WARN] PackLoader:240 - Cannot read IP mode file for STMicroelectronics.X-CUBE-AZRTOS-H7.3.4.0
2025-09-21 14:56:40,739 [INFO] WebApp:894 - Register for checkConnection events
2025-09-21 14:56:40,740 [INFO] WebApp:463 - Apply proxy settings
2025-09-21 14:56:40,740 [INFO] WebApp:548 - Chromium requires no authentication
2025-09-21 14:56:40,742 [INFO] WebApp:491 - Direct internet connection detected
2025-09-21 14:56:40,755 [WARN] PackLoader:240 - Cannot read IP mode file for STMicroelectronics.X-CUBE-DISPLAY.3.0.0
2025-09-21 14:56:40,785 [WARN] PackLoader:240 - Cannot read IP mode file for STMicroelectronics.X-CUBE-BLE1.7.0.0
2025-09-21 14:56:40,795 [WARN] PackLoader:240 - Cannot read IP mode file for STMicroelectronics.X-CUBE-NFC10.1.0.0
2025-09-21 14:56:40,813 [WARN] PackLoader:240 - Cannot read IP mode file for STMicroelectronics.X-CUBE-BLEMGR.4.0.0
2025-09-21 14:56:40,826 [WARN] PackLoader:240 - Cannot read IP mode file for emotas.I-CUBE-CANOPEN.1.3.0
2025-09-21 14:56:40,838 [WARN] PackLoader:240 - Cannot read IP mode file for STMicroelectronics.X-CUBE-BLEMGR.3.1.0
2025-09-21 14:56:40,847 [WARN] PackLoader:240 - Cannot read IP mode file for STMicroelectronics.X-CUBE-AI.10.0.0
2025-09-21 14:56:40,856 [ERROR] Engine:466 - C:\Users\User\.stm32cubemx\thirdparties\pdsc\STMicroelectronics.FP-SNS-STBOX1.2.1.0.pdsc: PDSC version is not supported
2025-09-21 14:56:40,863 [WARN] PackLoader:240 - Cannot read IP mode file for STMicroelectronics.FP-SNS-SMARTAG2.1.2.0
2025-09-21 14:56:40,892 [WARN] PackLoader:240 - Cannot read IP mode file for STMicroelectronics.FP-SNS-FLIGHT1.5.1.0
2025-09-21 14:56:40,959 [WARN] PackLoader:240 - Cannot read IP mode file for STMicroelectronics.X-CUBE-MEMS1.11.1.0
2025-09-21 14:56:41,136 [INFO] LogOutputStream:77 - [STDOUT_REDIRECT] 1 : Invalid condition id : UX_CORESTACK_Condition cause : null
2025-09-21 14:56:41,137 [INFO] LogOutputStream:77 - [STDOUT_REDIRECT] 1 : Invalid condition id : UX_CORESTACK_Condition cause : null
2025-09-21 14:56:41,139 [INFO] LogOutputStream:77 - [STDOUT_REDIRECT] 1 : Invalid condition id : UX_CORESTACK_Condition cause : null
2025-09-21 14:56:41,139 [INFO] WebApp:191 - Connection restablished
2025-09-21 14:56:41,141 [INFO] LogOutputStream:77 - [STDOUT_REDIRECT] 1 : Invalid condition id : UX_CORESTACK_Condition cause : null
2025-09-21 14:56:41,143 [INFO] LogOutputStream:77 - [STDOUT_REDIRECT] 1 : Invalid condition id : UX_CORESTACK_Condition cause : null
2025-09-21 14:56:41,148 [WARN] PackLoader:240 - Cannot read IP mode file for STMicroelectronics.X-CUBE-AZRTOS-WL.2.0.0
2025-09-21 14:56:41,158 [WARN] PackLoader:240 - Cannot read IP mode file for STMicroelectronics.FP-SNS-MOTENV1.5.0.0
2025-09-21 14:56:41,171 [WARN] PackLoader:240 - Cannot read IP mode file for wolfSSL.I-CUBE-wolfMQTT.1.19.0
2025-09-21 14:56:41,186 [WARN] PackLoader:240 - Cannot read IP mode file for WES.I-CUBE-Cesium.1.3.0
2025-09-21 14:56:41,198 [WARN] PackLoader:240 - Cannot read IP mode file for STMicroelectronics.X-CUBE-BLE2.3.3.0
2025-09-21 14:56:41,209 [WARN] PackLoader:240 - Cannot read IP mode file for STMicroelectronics.X-CUBE-NFC9.1.0.0
2025-09-21 14:56:41,219 [WARN] PackLoader:240 - Cannot read IP mode file for STMicroelectronics.X-CUBE-BLE1.7.1.0
2025-09-21 14:56:41,226 [INFO] WebApp:225 - Starting web application
2025-09-21 14:56:41,226 [INFO] WebApp:593 - Web application path used C:\ST\STM32CubeIDE_1.18.0\STM32CubeIDE\plugins\com.st.stm32cube.common.mx_6.14.1.202504091515\db\plugins\mcufinder\reactClient1\index.html
2025-09-21 14:56:41,228 [WARN] PackLoader:240 - Cannot read IP mode file for STMicroelectronics.X-CUBE-TCPP.4.1.0
2025-09-21 14:56:41,240 [WARN] PackLoader:240 - Cannot read IP mode file for STMicroelectronics.X-CUBE-EEPRMA1.5.2.0
2025-09-21 14:56:41,249 [WARN] PackLoader:240 - Cannot read IP mode file for STMicroelectronics.X-CUBE-AI.10.1.0
2025-09-21 14:56:41,258 [WARN] PackLoader:240 - Cannot read IP mode file for STMicroelectronics.X-CUBE-ALGOBUILD.1.3.0
2025-09-21 14:56:41,344 [WARN] PackLoader:240 - Cannot read IP mode file for STMicroelectronics.X-CUBE-MEMS1.11.2.0
2025-09-21 14:56:41,527 [INFO] UserAuth:484 - Internet connection configuration mode: 1
2025-09-21 14:56:41,563 [WARN] PackLoader:240 - Cannot read IP mode file for STMicroelectronics.X-CUBE-AZRTOS-G0.1.1.0
2025-09-21 14:56:41,577 [WARN] PackLoader:240 - Cannot read IP mode file for STMicroelectronics.X-CUBE-SAFEA1.1.2.2
2025-09-21 14:56:41,586 [WARN] PackLoader:240 - Cannot read IP mode file for STMicroelectronics.X-CUBE-NFC4.3.0.0
2025-09-21 14:56:41,603 [WARN] PackLoader:240 - Cannot read IP mode file for EmbeddedOffice.I-CUBE-FS-RTOS.1.0.1
2025-09-21 14:56:41,611 [WARN] PackLoader:240 - Cannot read IP mode file for STMicroelectronics.X-CUBE-WB05N.2.0.0
2025-09-21 14:56:41,627 [WARN] PackLoader:240 - Cannot read IP mode file for STMicroelectronics.X-CUBE-BLEMGR.3.0.0
2025-09-21 14:56:41,637 [WARN] PackLoader:240 - Cannot read IP mode file for STMicroelectronics.X-CUBE-TCPP.4.2.0
2025-09-21 14:56:41,646 [WARN] PackLoader:240 - Cannot read IP mode file for RealThread.X-CUBE-RT-Thread_Nano.4.1.1
2025-09-21 14:56:41,653 [WARN] PackLoader:240 - Cannot read IP mode file for wolfSSL.I-CUBE-wolfSSL.5.7.0
2025-09-21 14:56:41,659 [WARN] PackLoader:240 - Cannot read IP mode file for STMicroelectronics.FP-ATR-SIGFOX1.3.2.0
2025-09-21 14:56:41,666 [WARN] ConditionMgr:438 - getConditionDescription Invalid condition id : Cortex-A Device cause : null
2025-09-21 14:56:41,685 [WARN] ConditionMgr:1044 - genDependencies : Invalid condition id : Cortex-A Device cause : null
2025-09-21 14:56:41,685 [WARN] ConditionMgr:1044 - genDependencies : Invalid condition id : Cortex-A Device cause : null
2025-09-21 14:56:41,686 [WARN] ConditionMgr:1044 - genDependencies : Invalid condition id : Cortex-A Device cause : null
2025-09-21 14:56:41,694 [WARN] PackLoader:240 - Cannot read IP mode file for STMicroelectronics.X-CUBE-EEPRMA1.5.1.0
2025-09-21 14:56:41,706 [WARN] PackLoader:240 - Cannot read IP mode file for ITTIA_DB.I-CUBE-ITTIADB.8.9.0
2025-09-21 14:56:41,716 [WARN] PackLoader:240 - Cannot read IP mode file for STMicroelectronics.X-CUBE-ST67W61.1.0.0
2025-09-21 14:56:41,722 [WARN] PackLoader:240 - Cannot read IP mode file for STMicroelectronics.X-CUBE-AI.10.2.0
2025-09-21 14:56:41,943 [WARN] PackLoader:240 - Cannot read IP mode file for SEGGER.I-CUBE-embOS.1.3.1
2025-09-21 14:56:42,007 [WARN] PackLoader:240 - Cannot read IP mode file for STMicroelectronics.X-CUBE-ALGOBUILD.1.4.0
2025-09-21 14:56:42,105 [WARN] PackLoader:240 - Cannot read IP mode file for STMicroelectronics.X-CUBE-MEMS1.11.3.0
2025-09-21 14:56:42,287 [WARN] PackLoader:240 - Cannot read IP mode file for STMicroelectronics.X-CUBE-AI.9.1.0
2025-09-21 14:56:42,295 [WARN] PackLoader:240 - Cannot read IP mode file for STMicroelectronics.X-CUBE-PM33A1.1.0.0
2025-09-21 14:56:42,306 [WARN] PackLoader:240 - Cannot read IP mode file for STMicroelectronics.X-CUBE-GNSS1.6.0.0
2025-09-21 14:56:42,327 [WARN] PackLoader:240 - Cannot read IP mode file for STMicroelectronics.X-CUBE-AZRTOS-F4.1.1.0
2025-09-21 14:56:42,335 [WARN] PackLoader:240 - Cannot read IP mode file for Avnet-IotConnect.X-CUBE-IoTC-DA16k-PMOD.1.0.0
2025-09-21 14:56:42,344 [WARN] PackLoader:240 - Cannot read IP mode file for STMicroelectronics.X-CUBE-ISPU.2.1.0
2025-09-21 14:56:42,353 [WARN] PackLoader:240 - Cannot read IP mode file for STMicroelectronics.X-CUBE-FREERTOS.1.2.0
2025-09-21 14:56:42,363 [WARN] PackLoader:240 - Cannot read IP mode file for STMicroelectronics.X-CUBE-NFC12.1.0.0
2025-09-21 14:56:42,385 [WARN] PackLoader:240 - Cannot read IP mode file for STMicroelectronics.X-CUBE-AZRTOS-L5.2.0.0
2025-09-21 14:56:42,394 [WARN] PackLoader:240 - Cannot read IP mode file for STMicroelectronics.X-CUBE-EEPRMA1.4.2.0
2025-09-21 14:56:42,405 [WARN] PackLoader:240 - Cannot read IP mode file for STMicroelectronics.X-CUBE-NFC6.3.1.0
2025-09-21 14:56:42,416 [WARN] PackLoader:240 - Cannot read IP mode file for STMicroelectronics.X-CUBE-DPower.1.2.0
2025-09-21 14:56:42,422 [WARN] PackLoader:240 - Cannot read IP mode file for STMicroelectronics.X-CUBE-AI.9.0.0
2025-09-21 14:56:42,429 [WARN] PackLoader:240 - Cannot read IP mode file for STMicroelectronics.X-CUBE-FREERTOS.1.3.1
2025-09-21 14:56:42,434 [WARN] PackLoader:240 - Cannot read IP mode file for STMicroelectronics.X-CUBE-FREERTOS.1.3.0
2025-09-21 14:56:42,442 [WARN] PackLoader:240 - Cannot read IP mode file for STMicroelectronics.X-CUBE-NFC7.1.0.1
2025-09-21 14:56:42,453 [WARN] PackLoader:240 - Cannot read IP mode file for STMicroelectronics.X-CUBE-NFC6.3.0.0
2025-09-21 14:56:42,464 [WARN] PackLoader:240 - Cannot read IP mode file for STMicroelectronics.X-CUBE-DPower.1.3.0
2025-09-21 14:56:42,468 [WARN] PackLoader:240 - Cannot read IP mode file for STMicroelectronics.X-CUBE-AI.8.1.0
2025-09-21 14:56:42,491 [WARN] ConditionMgr:438 - getConditionDescription Invalid condition id : LAN8742 Phy interface Condition cause : null
2025-09-21 14:56:42,493 [WARN] PackLoader:240 - Cannot read IP mode file for STMicroelectronics.X-CUBE-AZRTOS-L4.2.0.0
2025-09-21 14:56:42,496 [WARN] ConditionMgr:1044 - genDependencies : Invalid condition id : LAN8742 Phy interface Condition cause : null
2025-09-21 14:56:42,497 [WARN] ConditionMgr:1044 - genDependencies : Invalid condition id : LAN8742 Phy interface Condition cause : null
2025-09-21 14:56:42,497 [WARN] ConditionMgr:1044 - genDependencies : Invalid condition id : LAN8742 Phy interface Condition cause : null
2025-09-21 14:56:42,508 [WARN] PackLoader:240 - Cannot read IP mode file for STMicroelectronics.X-CUBE-SFXS2LP1.4.0.0
2025-09-21 14:56:42,534 [WARN] PackLoader:240 - Cannot read IP mode file for STMicroelectronics.X-CUBE-AZRTOS-H7.3.3.0
2025-09-21 14:56:42,546 [WARN] PackLoader:240 - Cannot read IP mode file for STMicroelectronics.X-CUBE-BLEMGR.4.1.0
2025-09-21 14:56:42,567 [WARN] PackLoader:240 - Cannot read IP mode file for STMicroelectronics.X-CUBE-IPS.3.0.0
2025-09-21 14:56:42,583 [WARN] ConditionMgr:438 - getConditionDescription Invalid condition id : UX DEVICE CLASS RTOS Condition cause : null
2025-09-21 14:56:42,583 [WARN] ConditionMgr:438 - getConditionDescription Invalid condition id : UX DEVICE CLASS RTOS Condition cause : null
2025-09-21 14:56:42,586 [WARN] PackLoader:240 - Cannot read IP mode file for STMicroelectronics.X-CUBE-AZRTOS-WB.2.0.0
2025-09-21 14:56:42,588 [WARN] ConditionMgr:1044 - genDependencies : Invalid condition id : UX DEVICE CLASS RTOS Condition cause : null
2025-09-21 14:56:42,589 [WARN] ConditionMgr:1044 - genDependencies : Invalid condition id : UX DEVICE CLASS RTOS Condition cause : null
2025-09-21 14:56:42,589 [WARN] ConditionMgr:1044 - genDependencies : Invalid condition id : UX DEVICE CLASS RTOS Condition cause : null
2025-09-21 14:56:42,591 [WARN] ConditionMgr:1044 - genDependencies : Invalid condition id : UX DEVICE CLASS RTOS Condition cause : null
2025-09-21 14:56:42,591 [WARN] ConditionMgr:1044 - genDependencies : Invalid condition id : UX DEVICE CLASS RTOS Condition cause : null
2025-09-21 14:56:42,595 [WARN] PackLoader:240 - Cannot read IP mode file for STMicroelectronics.X-CUBE-GNSS1.7.0.0
2025-09-21 14:56:42,601 [WARN] PackLoader:240 - Cannot read IP mode file for STMicroelectronics.X-CUBE-GNSS1.7.0.1
2025-09-21 14:56:42,607 [WARN] PackLoader:240 - Cannot read IP mode file for STMicroelectronics.X-CUBE-TOUCHGFX.4.25.0
2025-09-21 14:56:42,614 [WARN] PackLoader:240 - Cannot read IP mode file for STMicroelectronics.FP-SNS-STBOX1.2.0.0
2025-09-21 14:56:42,627 [WARN] PackLoader:240 - Cannot read IP mode file for STMicroelectronics.X-CUBE-SUBG2.5.0.0
2025-09-21 14:56:42,650 [WARN] PackLoader:240 - Cannot read IP mode file for STMicroelectronics.X-CUBE-AZRTOS-H7RS.1.1.0
2025-09-21 14:56:42,657 [WARN] PackLoader:240 - Cannot read IP mode file for Cesanta.I-CUBE-Mongoose.7.13.0
2025-09-21 14:56:42,673 [WARN] PackLoader:240 - Cannot read IP mode file for STMicroelectronics.X-CUBE-AZRTOS-G4.2.0.0
2025-09-21 14:56:42,680 [WARN] PackLoader:240 - Cannot read IP mode file for STMicroelectronics.X-CUBE-NFC7.2.0.0
2025-09-21 14:56:42,685 [WARN] PackLoader:240 - Cannot read IP mode file for STMicroelectronics.FP-SNS-MOTENVWB1.1.3.1
2025-09-21 14:56:42,691 [WARN] PackLoader:240 - Cannot read IP mode file for STMicroelectronics.X-CUBE-ISPU.2.0.0
2025-09-21 14:56:42,700 [WARN] PackLoader:240 - Cannot read IP mode file for STMicroelectronics.X-CUBE-IPS.3.1.0
2025-09-21 14:56:42,710 [WARN] PackLoader:240 - Cannot read IP mode file for STMicroelectronics.X-CUBE-ALS.1.0.2
2025-09-21 14:56:42,757 [WARN] PackLoader:240 - Cannot read IP mode file for STMicroelectronics.X-CUBE-MEMS1.10.0.0
2025-09-21 14:56:42,907 [WARN] PackLoader:240 - Cannot read IP mode file for STMicroelectronics.X-CUBE-FREERTOS.1.1.0
2025-09-21 14:56:42,911 [WARN] PackLoader:240 - Cannot read IP mode file for STMicroelectronics.X-CUBE-TOUCHGFX.4.24.0
2025-09-21 14:56:42,915 [WARN] PackLoader:240 - Cannot read IP mode file for STMicroelectronics.X-CUBE-TOUCHGFX.4.24.2
2025-09-21 14:56:42,919 [WARN] PackLoader:240 - Cannot read IP mode file for STMicroelectronics.X-CUBE-TOUCHGFX.4.24.1
2025-09-21 14:56:42,930 [WARN] PackLoader:240 - Cannot read IP mode file for STMicroelectronics.X-CUBE-STSE01.1.0.0
2025-09-21 14:56:42,940 [WARN] PackLoader:240 - Cannot read IP mode file for wolfSSL.I-CUBE-wolfTPM.3.4.0
2025-09-21 14:56:42,947 [WARN] PackLoader:240 - Cannot read IP mode file for portGmbH.I-Cube-SoM-uGOAL.1.1.0
2025-09-21 14:56:42,956 [WARN] PackLoader:240 - Cannot read IP mode file for STMicroelectronics.X-CUBE-ALS.1.0.1
2025-09-21 14:56:42,981 [WARN] PackLoader:240 - Cannot read IP mode file for STMicroelectronics.X-CUBE-AZRTOS-H7RS.1.0.0
2025-09-21 14:56:42,992 [WARN] PackLoader:240 - Cannot read IP mode file for STMicroelectronics.FP-ATR-ASTRA1.2.0.0
2025-09-21 14:56:43,006 [WARN] PackLoader:240 - Cannot read IP mode file for STMicroelectronics.X-CUBE-TOF1.3.4.2
2025-09-21 14:56:43,044 [WARN] PackLoader:240 - Cannot read IP mode file for STMicroelectronics.X-CUBE-TOF1.3.4.3
2025-09-21 14:56:43,076 [WARN] PackLoader:240 - Cannot read IP mode file for STMicroelectronics.X-CUBE-TOF1.3.4.0
2025-09-21 14:56:43,095 [WARN] PackLoader:240 - Cannot read IP mode file for STMicroelectronics.X-CUBE-TOF1.3.4.1
2025-09-21 14:56:43,125 [WARN] PackLoader:240 - Cannot read IP mode file for STMicroelectronics.X-CUBE-AZRTOS-H7.3.2.0
2025-09-21 14:56:43,137 [WARN] PackLoader:240 - Cannot read IP mode file for Infineon.AIROC-Wi-Fi-Bluetooth-STM32.1.6.0
2025-09-21 14:56:43,145 [WARN] PackLoader:240 - Cannot read IP mode file for wolfSSL.I-CUBE-wolfSSH.1.4.17
2025-09-21 14:56:43,146 [INFO] ThirdParty:978 - Integrity check success = true
2025-09-21 14:56:43,146 [INFO] IntegrityCheckThread:100 - exiting critical section [integrity check]
2025-09-21 14:56:43,146 [INFO] IntegrityCheckThread:103 - End integrity checks thread
2025-09-21 14:59:49,326 [INFO] McuFinderGlobals:63 - Set McuFinder mode to 2 (CubeIDE integrated)
2025-09-21 14:59:49,331 [INFO] MainUpdater:2872 - connection check result : 10
2025-09-21 14:59:49,335 [INFO] McuFinderGlobals:76 - Set McuFinderConnectedMode to true
2025-09-21 14:59:49,897 [INFO] ServerAccessManage:473 - Download File mcusAds.json._tmp_
2025-09-21 14:59:50,017 [INFO] LoadUrlFilesThread:156 - End of LoadUrlFiles Thread
2025-09-21 14:59:50,253 [INFO] ServerAccessManage:473 - Download File cube-finder-db.zip
2025-09-21 14:59:51,485 [INFO] FileExtend:242 - Unzip File : cube-finder-db.zip
2025-09-21 14:59:51,485 [INFO] FileExtend:257 - Standard Zip Deflate
2025-09-21 14:59:52,387 [INFO] LoadUrlFilesThread:156 - End of LoadUrlFiles Thread
2025-09-21 14:59:53,847 [INFO] ServerAccessManage:473 - Download File crdb.zip
2025-09-21 14:59:55,059 [INFO] FileExtend:242 - Unzip File : crdb.zip
2025-09-21 14:59:55,059 [INFO] FileExtend:257 - Standard Zip Deflate
2025-09-21 14:59:55,189 [INFO] LoadUrlFilesThread:156 - End of LoadUrlFiles Thread
2025-09-21 14:59:55,348 [INFO] ServerAccessManage:473 - Download File tutoVideoDB.zip
2025-09-21 14:59:55,354 [INFO] FileExtend:242 - Unzip File : tutoVideoDB.zip
2025-09-21 14:59:55,355 [INFO] FileExtend:257 - Standard Zip Deflate
2025-09-21 14:59:55,469 [INFO] LoadUrlFilesThread:156 - End of LoadUrlFiles Thread
2025-09-21 14:59:55,474 [WARN] DbFile:41 - Overriding database path with different value: C:\Users\User\.stmcufinder\plugins\mcufinder/ => C:\Users\User\.stmcufinder\plugins\mcufinder
2025-09-21 14:59:55,646 [INFO] ServerAccessManage:473 - Download File api_config.json
2025-09-21 14:59:55,759 [INFO] LoadUrlFilesThread:156 - End of LoadUrlFiles Thread
2025-09-21 14:59:55,762 [INFO] DbMcusAds:53 - JSON generation date=Tue Jul 08 05:14:23 BRT 2025 (1751962463541)
2025-09-21 14:59:55,817 [INFO] LoadUrlFilesThread:185 - End of LoadServerUrlFiles without Thread
2025-09-21 14:59:55,818 [INFO] TargetSelectorAdapter:259 - Refresh data is successful
2025-09-21 14:59:56,187 [INFO] ApiDb:581 - Connected to CubeFinder SQLite database (C:\Users\User\.stmcufinder\plugins\mcufinder\mcu\cube-finder-db.db)
2025-09-21 14:59:56,277 [INFO] ApiDb:668 - CubeFinder database Data Model version=2.1
2025-09-21 14:59:56,277 [INFO] ApiDb:669 - CubeFinder database Configuration version=3.0.39
2025-09-21 14:59:56,277 [INFO] ApiDb:670 - CubeFinder database generation date=2025-08-25 (1756130511)
2025-09-21 14:59:56,278 [INFO] ApiDb:671 - CubeFinder database FW Pack versions=[FP-ATR-ASTRA1_V2.0.0, FP-SNS-FLIGHT1_V5.1.0, FP-SNS-MOTENV1_V5.0.0, FP-SNS-MOTENVWB1_V1.4.0, FP-SNS-SMARTAG2_V1.2.0, FP-SNS-STBOX1_V2.1.0, STM32Cube_FW_C0_V1.4.0, STM32Cube_FW_F4_V1.28.3, STM32Cube_FW_F7_V1.17.4, STM32Cube_FW_G0_V1.6.2, STM32Cube_FW_G4_V1.6.1, STM32Cube_FW_H5_V1.5.0, STM32Cube_FW_H7RS_V1.2.0, STM32Cube_FW_H7_V1.12.1, STM32Cube_FW_L0_V1.12.2, STM32Cube_FW_L4_V1.18.1, STM32Cube_FW_L5_V1.5.1, STM32Cube_FW_N6_V1.2.0, STM32Cube_FW_U0_V1.3.0, STM32Cube_FW_U3_V1.2.0, STM32Cube_FW_U5_V1.8.0, STM32Cube_FW_WB0_V1.3.0, STM32Cube_FW_WBA_V1.7.0, STM32Cube_FW_WB_V1.23.0, STM32Cube_FW_WL3_V1.2.0, STM32Cube_FW_WL_V1.3.1, X-CUBE-ALGOBUILD_V1.4.0, X-CUBE-ALS_V1.0.2, X-CUBE-AZRTOS-F4_V1.1.0, X-CUBE-AZRTOS-F7_V1.1.0, X-CUBE-AZRTOS-G0_V1.1.0, X-CUBE-AZRTOS-G4_V2.0.0, X-CUBE-AZRTOS-H7RS_V1.1.0, X-CUBE-AZRTOS-H7_V3.4.0, X-CUBE-AZRTOS-L4_V2.0.0, X-CUBE-AZRTOS-L5_V2.0.0, X-CUBE-AZRTOS-WB_V2.0.0, X-CUBE-AZRTOS-WL_V2.0.0, X-CUBE-BLE1_V7.1.0, X-CUBE-BLE2_V3.3.0, X-CUBE-BLEMGR_V4.1.0, X-CUBE-EEPRMA1_V5.2.0, X-CUBE-FREERTOS_V1.3.1, X-CUBE-GNSS1_V6.0.0, X-CUBE-MEMS1_V11.3.0, X-CUBE-NFC4_V3.0.0, X-CUBE-NFC7_V2.0.0, X-CUBE-SFXS2LP1_V4.0.0, X-CUBE-ST67W61_V1.0.0, X-CUBE-SUBG2_V5.0.0, X-CUBE-TOF1_V3.4.3]
2025-09-21 14:59:59,385 [INFO] ApiDb:240 - Found 895 in-development CPN: [B-G473E-ZEST1S, B-WB1M-WPAN1, B-WBA5M-WPAN, B-WL5M-SUBG1, NUCLEO-C031C6, NUCLEO-C051C8, NUCLEO-C071RB, NUCLEO-C092RC, NUCLEO-H503RB, NUCLEO-H533RE, NUCLEO-H563ZI, NUCLEO-H7S3L8, NUCLEO-N657X0-Q, NUCLEO-U031R8, NUCLEO-U083RC, NUCLEO-U385RG-Q, NUCLEO-U545RE-Q, NUCLEO-U5A5ZJ-Q, NUCLEO-WB05KZ, NUCLEO-WB07CC, NUCLEO-WB09KE, NUCLEO-WBA52CG, NUCLEO-WBA55CG, NUCLEO-WBA65RI, NUCLEO-WL33CC1, NUCLEO-WL33CC2, STEVAL-PROTEUS1, STEVAL-SMARTAG2, STEVAL-STWINBX1, STM320518-EVAL, STM32C0116-DK, STM32C011D6Y3TR, STM32C011D6Y6TR, STM32C011F4P3, STM32C011F4P6, STM32C011F4U3, STM32C011F4U6TR, STM32C011F6P3, STM32C011F6P6, STM32C011F6U3, STM32C011F6U6TR, STM32C011J4M3, STM32C011J4M6, STM32C011J6M3, STM32C011J6M6, STM32C0316-DK, STM32C031C4T3, STM32C031C4T6, STM32C031C4U3, STM32C031C4U6, STM32C031C6T3, STM32C031C6T6, STM32C031C6U3, STM32C031C6U6, STM32C031F4P3, STM32C031F4P6, STM32C031F6P3, STM32C031F6P6, STM32C031G4U3, STM32C031G4U6, STM32C031G6U3, STM32C031G6U6, STM32C031K4T3, STM32C031K4T6, STM32C031K4U3, STM32C031K4U6, STM32C031K6T3, STM32C031K6T6, STM32C031K6U3, STM32C031K6U6, STM32C051C6T6, STM32C051C6U6, STM32C051C8T6, STM32C051C8U6, STM32C051D8Y6TR, STM32C051F6P6, STM32C051F8P6, STM32C051G6U6, STM32C051G8U6, STM32C051K6T6, STM32C051K6U6, STM32C051K8T6, STM32C071C8T6, STM32C071C8T6N, STM32C071C8U6, STM32C071C8U6N, STM32C071CBT6, STM32C071CBT6N, STM32C071CBU6, STM32C071CBU6N, STM32C071F8P6, STM32C071F8P6N, STM32C071FBP6, STM32C071FBP6N, STM32C071FBY6TR, STM32C071G8U6, STM32C071G8U6N, STM32C071GBU6, STM32C071GBU6N, STM32C071K8T6, STM32C071K8T6N, STM32C071K8U6, STM32C071K8U6N, STM32C071KBT6, STM32C071KBT6N, STM32C071KBU6, STM32C071KBU6N, STM32C071R8T6, STM32C071R8T6N, STM32C071RBI6N, STM32C071RBT6, STM32C071RBT6N, STM32C091CBT6, STM32C091CBU6, STM32C091CCT6, STM32C091CCU6, STM32C091ECY6TR, STM32C091FBP6, STM32C091FCP6, STM32C091GBU6, STM32C091GCU6, STM32C091KBT6, STM32C091KBU6, STM32C091KCT6, STM32C091KCU6, STM32C091RBT6, STM32C091RCI6, STM32C091RCT6, STM32C092CBT6, STM32C092CBU6, STM32C092CCT6, STM32C092CCU6, STM32C092ECY6TR, STM32C092FBP6, STM32C092FCP6, STM32C092GBU6, STM32C092GCU6, STM32C092KBT6, STM32C092KBU6, STM32C092KCT6, STM32C092KCU6, STM32C092RBT6, STM32C092RCI6, STM32C092RCT6, STM32G071K8TXN, STM32G071K8UXN, STM32G081GBU6N, STM32G081KBT6N, STM32G081KBUXN, STM32G0B1CCT6N, STM32G0B1KCT6, STM32G0B1NEY6TR, STM32G0B1RCT6N, STM32G0C1CCT6, STM32G0C1CCT6N, STM32G0C1CCU6N, STM32G0C1CET6N, STM32G0C1CEU6N, STM32G0C1KCT6, STM32G0C1NEY6TR, STM32G0C1RCI6N, STM32G0C1RCT6N, STM32G0C1REI6N, STM32G0C1RET6N, STM32G0C1VCI6, STM32G0C1VEI6, STM32G411C6T3, STM32G411C6T6, STM32G411C6U3, STM32G411C6U6, STM32G411C8T3, STM32G411C8T6, STM32G411C8U3, STM32G411C8U6, STM32G411CBT3, STM32G411CBT6, STM32G411CBU3, STM32G411CBU6, STM32G411CCT3, STM32G411CCT6, STM32G411CCU3, STM32G411CCU6, STM32G411K6T3, STM32G411K6T6, STM32G411K6U3, STM32G411K6U6, STM32G411K8T3, STM32G411K8T6, STM32G411K8U3, STM32G411K8U6, STM32G411KBT3, STM32G411KBT6, STM32G411KBU3, STM32G411KBU6, STM32G411M6T3, STM32G411M6T6, STM32G411M8T3, STM32G411M8T6, STM32G411MBT3, STM32G411MBT6, STM32G411MCT3, STM32G411MCT6, STM32G411R6T3, STM32G411R6T6, STM32G411R8T3, STM32G411R8T6, STM32G411RBT3, STM32G411RBT6, STM32G411RCT3, STM32G411RCT6, STM32G414CBT3, STM32G414CBT6, STM32G414CBU3, STM32G414CBU6, STM32G414CCT3, STM32G414CCT6, STM32G414CCU3, STM32G414CCU6, STM32G414MBT3, STM32G414MBT6, STM32G414MCT3, STM32G414MCT6, STM32G414RBT3, STM32G414RBT6, STM32G414RCT3, STM32G414RCT6, STM32G414VBT3, STM32G414VBT6, STM32G414VCT3, STM32G414VCT6, STM32G431CBT3Z, STM32G431RBT3Z, STM32G471CCT6, STM32G471CCU6, STM32G471CET3, STM32G471CET6, STM32G471CEU3, STM32G471CEU6, STM32G471MCT6, STM32G471MET3, STM32G471MET6, STM32G471MEY6TR, STM32G471QCT6, STM32G471QET3, STM32G471RCT6, STM32G471RET3, STM32G471RET6, STM32G471VCH6, STM32G471VCI6, STM32G471VCT6, STM32G471VEH3, STM32G471VEH6, STM32G471VEI3, STM32G471VEI6, STM32G471VET3, STM32G471VET6, STM32G473QET3Z, STM32G473RET3Z, STM32G474CCT6, STM32G491RET3Z, STM32H503CBT6, STM32H503CBU6, STM32H503EBY6TR, STM32H503KBU6, STM32H503RBT6, STM32H523CCT6, STM32H523CCU6, STM32H523CET6, STM32H523CEU6, STM32H523HEY6TR, STM32H523RCT6, STM32H523RET6, STM32H523VCI6, STM32H523VCT6, STM32H523VEI6, STM32H523VET6, STM32H523ZCJ6, STM32H523ZCT6, STM32H523ZEJ6, STM32H523ZET6, STM32H533CET6, STM32H533CEU6, STM32H533HEY6TR, STM32H533RET6, STM32H533VEI6, STM32H533VET6, STM32H533ZEJ6, STM32H533ZET6, STM32H562AGI6, STM32H562AII6, STM32H562IGK6, STM32H562IGT6, STM32H562IIK6, STM32H562IIT6, STM32H562RGT6, STM32H562RGV6, STM32H562RIT6, STM32H562RIV6, STM32H562VGT6, STM32H562VIT6, STM32H562ZGT6, STM32H562ZIT6, STM32H563AGI6, STM32H563AII3Q, STM32H563AII6, STM32H563IGK6, STM32H563IGT6, STM32H563IIK3Q, STM32H563IIK6, STM32H563IIT3Q, STM32H563IIT6, STM32H563MIY3QTR, STM32H563RGT6, STM32H563RGV6, STM32H563RIT6, STM32H563RIV6, STM32H563VGT6, STM32H563VIT3Q, STM32H563VIT6, STM32H563ZGT6, STM32H563ZIT3Q, STM32H563ZIT6, STM32H573AII3Q, STM32H573AII6, STM32H573I-DK, STM32H573IIK3Q, STM32H573IIK6, STM32H573IIT3Q, STM32H573IIT6, STM32H573MIY3QTR, STM32H573RIT6, STM32H573RIV6, STM32H573VIT3Q, STM32H573VIT6, STM32H573ZIT3Q, STM32H573ZIT6, STM32H7R3A8I6, STM32H7R3I8K6, STM32H7R3I8T6, STM32H7R3L8H6, STM32H7R3L8H6H, STM32H7R3R8V6, STM32H7R3V8H6, STM32H7R3V8T6, STM32H7R3V8Y6TR, STM32H7R3Z8J6, STM32H7R3Z8T6, STM32H7R7A8I6, STM32H7R7I8K6, STM32H7R7I8T6, STM32H7R7L8H6, STM32H7R7L8H6H, STM32H7R7Z8J6, STM32H7S3A8I6, STM32H7S3I8K6, STM32H7S3I8T6, STM32H7S3L8H6, STM32H7S3L8H6H, STM32H7S3R8V6, STM32H7S3V8H6, STM32H7S3V8T6, STM32H7S3V8Y6TR, STM32H7S3Z8J6, STM32H7S3Z8T6, STM32H7S78-DK, STM32H7S7A8I6, STM32H7S7I8K6, STM32H7S7I8T6, STM32H7S7L8H6, STM32H7S7L8H6H, STM32H7S7Z8J6, STM32L4R5QGI6STR, STM32MP131AAE3, STM32MP131AAF3, STM32MP131AAG3, STM32MP131CAE3, STM32MP131CAF3, STM32MP131CAG3, STM32MP131DAE7, STM32MP131DAF7, STM32MP131DAG7, STM32MP131FAE7, STM32MP131FAF7, STM32MP131FAG7, STM32MP133AAE3, STM32MP133AAF3, STM32MP133AAG3, STM32MP133CAE3, STM32MP133CAF3, STM32MP133CAG3, STM32MP133DAE7, STM32MP133DAF7, STM32MP133DAG7, STM32MP133FAE7, STM32MP133FAF7, STM32MP133FAG7, STM32MP135AAE3, STM32MP135AAF3, STM32MP135AAG3, STM32MP135CAE3, STM32MP135CAF3, STM32MP135CAG3, STM32MP135DAE7, STM32MP135DAF7, STM32MP135DAG7, STM32MP135F-DK, STM32MP135FAE7, STM32MP135FAF7, STM32MP135FAF7T, STM32MP135FAF7U, STM32MP135FAG7, STM32MP231AAJ3, STM32MP231AAK3, STM32MP231AAL3, STM32MP231CAJ3, STM32MP231CAK3, STM32MP231CAL3, STM32MP231DAJ3, STM32MP231DAK3, STM32MP231DAL3, STM32MP231FAJ3, STM32MP231FAK3, STM32MP231FAL3, STM32MP233AAJ3, STM32MP233AAK3, STM32MP233AAL3, STM32MP233CAJ3, STM32MP233CAK3, STM32MP233CAL3, STM32MP233DAJ3, STM32MP233DAK3, STM32MP233DAL3, STM32MP233FAJ3, STM32MP233FAK3, STM32MP233FAL3, STM32MP235AAJ3, STM32MP235AAK3, STM32MP235AAL3, STM32MP235CAJ3, STM32MP235CAK3, STM32MP235CAL3, STM32MP235DAJ3, STM32MP235DAK3, STM32MP235DAL3, STM32MP235FAJ3, STM32MP235FAK3, STM32MP235FAL3, STM32MP251AAI3, STM32MP251AAJ3, STM32MP251AAK3, STM32MP251AAL3, STM32MP251CAI3, STM32MP251CAJ3, STM32MP251CAK3, STM32MP251CAL3, STM32MP251DAI3, STM32MP251DAJ3, STM32MP251DAK3, STM32MP251DAL3, STM32MP251FAI3, STM32MP251FAJ3, STM32MP251FAK3, STM32MP251FAL3, STM32MP253AAI3, STM32MP253AAJ3, STM32MP253AAK3, STM32MP253AAL3, STM32MP253CAI3, STM32MP253CAJ3, STM32MP253CAK3, STM32MP253CAL3, STM32MP253DAI3, STM32MP253DAJ3, STM32MP253DAK3, STM32MP253DAL3, STM32MP253FAI3, STM32MP253FAJ3, STM32MP253FAK3, STM32MP253FAL3, STM32MP255AAI3, STM32MP255AAJ3, STM32MP255AAK3, STM32MP255AAL3, STM32MP255CAI3, STM32MP255CAJ3, STM32MP255CAK3, STM32MP255CAL3, STM32MP255DAI3, STM32MP255DAJ3, STM32MP255DAK3, STM32MP255DAL3, STM32MP255FAI3, STM32MP255FAJ3, STM32MP255FAK3, STM32MP255FAL3, STM32MP257AAI3, STM32MP257AAJ3, STM32MP257AAK3, STM32MP257AAL3, STM32MP257CAI3, STM32MP257CAJ3, STM32MP257CAK3, STM32MP257CAL3, STM32MP257DAI3, STM32MP257DAJ3, STM32MP257DAK3, STM32MP257DAL3, STM32MP257F-DK, STM32MP257F-EV1, STM32MP257FAI3, STM32MP257FAJ3, STM32MP257FAK3, STM32MP257FAL3, STM32N645A0H3Q, STM32N645B0H3Q, STM32N645I0H3Q, STM32N645L0H3Q, STM32N645X0H3Q, STM32N645Z0H3Q, STM32N647A0H3Q, STM32N647B0H3Q, STM32N647I0H3Q, STM32N647L0H3Q, STM32N647X0H3Q, STM32N647Z0H3Q, STM32N655A0H3Q, STM32N655B0H3Q, STM32N655I0H3Q, STM32N655L0H3Q, STM32N655X0H3Q, STM32N655Z0H3Q, STM32N6570-DK, STM32N657A0H3Q, STM32N657B0H3Q, STM32N657I0H3Q, STM32N657L0H3Q, STM32N657X0H3Q, STM32N657Z0H3Q, STM32U031C6T6, STM32U031C6U6, STM32U031C8T6, STM32U031C8U6, STM32U031F4P6, STM32U031F6P6, STM32U031F8P6, STM32U031G6Y6TR, STM32U031G8Y6TR, STM32U031K4U6, STM32U031K6U6, STM32U031K8U6, STM32U031R6I6, STM32U031R6T6, STM32U031R8I6, STM32U031R8T6, STM32U073C8T6, STM32U073C8U6, STM32U073CBT6, STM32U073CBU6, STM32U073CCT6, STM32U073CCU6, STM32U073H8Y6TR, STM32U073HBY6TR, STM32U073HCY6TR, STM32U073K8U6, STM32U073KBU6, STM32U073KCU6, STM32U073M8I6, STM32U073M8T6, STM32U073MBI6, STM32U073MBT6, STM32U073MCI6, STM32U073MCT6, STM32U073R8I6, STM32U073R8T6, STM32U073RBI6, STM32U073RBT6, STM32U073RCI6, STM32U073RCT6, STM32U083C-DK, STM32U083CCT6, STM32U083CCU6, STM32U083HCY6TR, STM32U083KCU6, STM32U083MCI6, STM32U083MCT6, STM32U083RCI6, STM32U083RCT6, STM32U375CET6, STM32U375CET6Q, STM32U375CEU6, STM32U375CEU6Q, STM32U375CEY6QTR, STM32U375CGT6, STM32U375CGT6Q, STM32U375CGU6, STM32U375CGU6Q, STM32U375CGY6QTR, STM32U375KEU6, STM32U375KGU6, STM32U375REI6, STM32U375REI6Q, STM32U375RET6, STM32U375RET6Q, STM32U375REY6GTR, STM32U375REY6QTR, STM32U375RGI6, STM32U375RGI6Q, STM32U375RGT6, STM32U375RGT6Q, STM32U375RGY6GTR, STM32U375RGY6QTR, STM32U375VEI6, STM32U375VEI6Q, STM32U375VET6, STM32U375VET6Q, STM32U375VGI6, STM32U375VGI6Q, STM32U375VGT6, STM32U375VGT6Q, STM32U385CGT6, STM32U385CGT6Q, STM32U385CGU6, STM32U385CGU6Q, STM32U385CGY6QTR, STM32U385KGU6, STM32U385RGI6, STM32U385RGI6Q, STM32U385RGT6, STM32U385RGT6Q, STM32U385RGY6GTR, STM32U385RGY6QTR, STM32U385VGI6, STM32U385VGI6Q, STM32U385VGT6, STM32U385VGT6Q, STM32U535CBT6, STM32U535CBT6Q, STM32U535CBU6, STM32U535CBU6Q, STM32U535CCT6, STM32U535CCT6Q, STM32U535CCU6, STM32U535CCU6Q, STM32U535CET6, STM32U535CET6Q, STM32U535CEU6, STM32U535CEU6Q, STM32U535JEY6QTR, STM32U535NCY6QTR, STM32U535NEY6QTR, STM32U535RBI6, STM32U535RBI6Q, STM32U535RBT6, STM32U535RBT6Q, STM32U535RCI6, STM32U535RCI6Q, STM32U535RCT6, STM32U535RCT6Q, STM32U535REI6, STM32U535REI6Q, STM32U535RET6, STM32U535RET6Q, STM32U535VCI6, STM32U535VCI6Q, STM32U535VCT6, STM32U535VCT6Q, STM32U535VEI6, STM32U535VEI6Q, STM32U535VET6, STM32U535VET6Q, STM32U545CET6, STM32U545CET6Q, STM32U545CEU6, STM32U545CEU6Q, STM32U545JEY6QTR, STM32U545NEY6QTR, STM32U545REI6, STM32U545REI6Q, STM32U545RET6, STM32U545RET6Q, STM32U545VEI6, STM32U545VEI6Q, STM32U545VET6, STM32U545VET6Q, STM32U595AIH6, STM32U595AIH6Q, STM32U595AJH6, STM32U595AJH6Q, STM32U595QII6, STM32U595QII6Q, STM32U595QJI6, STM32U595QJI6Q, STM32U595RIT6, STM32U595RIT6Q, STM32U595RJT6, STM32U595RJT6Q, STM32U595VIT6, STM32U595VIT6Q, STM32U595VJT6, STM32U595VJT6Q, STM32U595ZIT6, STM32U595ZIT6Q, STM32U595ZIY6QTR, STM32U595ZJT6, STM32U595ZJT6Q, STM32U595ZJY6QTR, STM32U599BJY6QTR, STM32U599NIH6Q, STM32U599NJH6Q, STM32U599VIT6Q, STM32U599VJT6, STM32U599VJT6Q, STM32U599ZIT6Q, STM32U599ZIY6QTR, STM32U599ZJT6Q, STM32U599ZJY6QTR, STM32U5A5AJH6, STM32U5A5AJH6Q, STM32U5A5QII3Q , STM32U5A5QJI6, STM32U5A5QJI6Q, STM32U5A5RJT6, STM32U5A5RJT6Q, STM32U5A5VJT6, STM32U5A5VJT6Q, STM32U5A5ZJT6, STM32U5A5ZJT6Q, STM32U5A5ZJY6QTR, STM32U5A9BJY6QTR, STM32U5A9J-DK, STM32U5A9NJH6Q, STM32U5A9VJT6Q, STM32U5A9ZJT6Q, STM32U5A9ZJY6QTR, STM32U5F7VIT6, STM32U5F7VIT6Q, STM32U5F7VJT6, STM32U5F7VJT6Q, STM32U5F9BJY6QTR, STM32U5F9NJH6Q, STM32U5F9VIT6Q, STM32U5F9VJT6Q, STM32U5F9ZIJ6QTR, STM32U5F9ZIT6Q, STM32U5F9ZJJ6QTR, STM32U5F9ZJT6Q, STM32U5G7VJT6, STM32U5G7VJT6Q, STM32U5G9BJY6QTR, STM32U5G9J-DK1, STM32U5G9J-DK2, STM32U5G9NJH6Q, STM32U5G9VJT6Q, STM32U5G9ZJJ6QTR, STM32U5G9ZJT6Q, STM32WB05KZV6TR, STM32WB05KZV7TR, STM32WB05TZF6TR, STM32WB05TZF7TR, STM32WB06CCF6TR, STM32WB06CCF7TR, STM32WB06CCV6TR, STM32WB06CCV7TR, STM32WB06KCV6TR, STM32WB06KCV7TR, STM32WB07CCF6TR, STM32WB07CCF7TR, STM32WB07CCV6TR, STM32WB07CCV7TR, STM32WB07KCV6TR, STM32WB07KCV7TR, STM32WB09KEV6TR, STM32WB09KEV7TR, STM32WB09TEF6TR, STM32WB09TEF7TR, STM32WB1MMCH6, STM32WBA50KGU6, STM32WBA50KGU6TR, STM32WBA52CEU6, STM32WBA52CEU6TR, STM32WBA52CEU7, STM32WBA52CEU7TR, STM32WBA52CGU6, STM32WBA52CGU6TR, STM32WBA52CGU6U, STM32WBA52CGU7, STM32WBA52CGU7TR, STM32WBA52KEU6, STM32WBA52KEU6TR, STM32WBA52KGU6, STM32WBA52KGU6TR, STM32WBA54CEU6, STM32WBA54CEU6TR, STM32WBA54CEU7, STM32WBA54CEU7TR, STM32WBA54CGU6, STM32WBA54CGU6TR, STM32WBA54CGU7, STM32WBA54CGU7TR, STM32WBA54KEU6, STM32WBA54KEU6TR, STM32WBA54KEU7, STM32WBA54KEU7TR, STM32WBA54KGU6, STM32WBA54KGU6TR, STM32WBA54KGU7, STM32WBA54KGU7TR, STM32WBA55CEU6, STM32WBA55CEU6TR, STM32WBA55CEU7, STM32WBA55CEU7TR, STM32WBA55CGU6, STM32WBA55CGU6TR, STM32WBA55CGU6U, STM32WBA55CGU7, STM32WBA55CGU7TR, STM32WBA55G-DK1, STM32WBA55HEF6, STM32WBA55HEF7, STM32WBA55HGF6, STM32WBA55HGF7, STM32WBA55UEI6, STM32WBA55UEI6TR, STM32WBA55UEI7, STM32WBA55UEI7TR, STM32WBA55UGI6, STM32WBA55UGI6TR, STM32WBA55UGI7, STM32WBA55UGI7TR, STM32WBA5MJGH6TR, STM32WBA62CGU6, STM32WBA62CIU6, STM32WBA62MGF6, STM32WBA62MIF6, STM32WBA62PGI6, STM32WBA62PII6, STM32WBA63CGU6, STM32WBA63CGU7, STM32WBA63CIU6, STM32WBA63CIU7, STM32WBA64CGU6, STM32WBA64CGU7, STM32WBA64CIU6, STM32WBA64CIU7, STM32WBA65CGU6, STM32WBA65CGU7, STM32WBA65CIU6, STM32WBA65CIU7, STM32WBA65I-DK1, STM32WBA65MGF6, STM32WBA65MGF7, STM32WBA65MIF6, STM32WBA65MIF7, STM32WBA65PGI6, STM32WBA65PGI7, STM32WBA65PII6, STM32WBA65PII7, STM32WBA65RGV6, STM32WBA65RGV7, STM32WBA65RIV6, STM32WBA65RIV7, STM32WL30K8V6, STM32WL30KBV6, STM32WL31C8V6, STM32WL31CBV6, STM32WL31K8V6, STM32WL31KBV6, STM32WL33C8V6, STM32WL33C8V6TR, STM32WL33C8V7, STM32WL33C8V7TR, STM32WL33CBV6, STM32WL33CBV6TR, STM32WL33CBV7, STM32WL33CBV7TR, STM32WL33CCV6, STM32WL33CCV6TR, STM32WL33CCV7, STM32WL33CCV7A, STM32WL33CCV7ATR, STM32WL33CCV7TR, STM32WL33K8V6, STM32WL33K8V6TR, STM32WL33K8V7, STM32WL33K8V7TR, STM32WL33KBV6, STM32WL33KBV6TR, STM32WL33KBV7, STM32WL33KBV7TR, STM32WL33KCV6, STM32WL33KCV6TR, STM32WL33KCV7, STM32WL33KCV7TR, STM32WL5MOCH6, STM32WL5MOCH6TR]
2025-09-21 14:59:59,393 [INFO] DbMcus:218 - Found 4747 MCUs, 4747 are supported
2025-09-21 14:59:59,394 [INFO] ApiDb:423 - Load user favorites file C:\Users\User/.stm32cubeide/favorites.mcus.txt: 1 item(s)
2025-09-21 14:59:59,394 [INFO] ApiDb:427 - User favorites MCUs=[STM32F103C8T6]
2025-09-21 14:59:59,395 [INFO] DbMcus:224 - Set 1 / 1 favorites MCUs
2025-09-21 15:00:00,064 [INFO] ApiDb:668 - CubeFinder database Data Model version=2.1
2025-09-21 15:00:00,064 [INFO] ApiDb:669 - CubeFinder database Configuration version=3.0.39
2025-09-21 15:00:00,064 [INFO] ApiDb:670 - CubeFinder database generation date=2025-08-25 (1756130511)
2025-09-21 15:00:00,064 [INFO] ApiDb:671 - CubeFinder database FW Pack versions=[FP-ATR-ASTRA1_V2.0.0, FP-SNS-FLIGHT1_V5.1.0, FP-SNS-MOTENV1_V5.0.0, FP-SNS-MOTENVWB1_V1.4.0, FP-SNS-SMARTAG2_V1.2.0, FP-SNS-STBOX1_V2.1.0, STM32Cube_FW_C0_V1.4.0, STM32Cube_FW_F4_V1.28.3, STM32Cube_FW_F7_V1.17.4, STM32Cube_FW_G0_V1.6.2, STM32Cube_FW_G4_V1.6.1, STM32Cube_FW_H5_V1.5.0, STM32Cube_FW_H7RS_V1.2.0, STM32Cube_FW_H7_V1.12.1, STM32Cube_FW_L0_V1.12.2, STM32Cube_FW_L4_V1.18.1, STM32Cube_FW_L5_V1.5.1, STM32Cube_FW_N6_V1.2.0, STM32Cube_FW_U0_V1.3.0, STM32Cube_FW_U3_V1.2.0, STM32Cube_FW_U5_V1.8.0, STM32Cube_FW_WB0_V1.3.0, STM32Cube_FW_WBA_V1.7.0, STM32Cube_FW_WB_V1.23.0, STM32Cube_FW_WL3_V1.2.0, STM32Cube_FW_WL_V1.3.1, X-CUBE-ALGOBUILD_V1.4.0, X-CUBE-ALS_V1.0.2, X-CUBE-AZRTOS-F4_V1.1.0, X-CUBE-AZRTOS-F7_V1.1.0, X-CUBE-AZRTOS-G0_V1.1.0, X-CUBE-AZRTOS-G4_V2.0.0, X-CUBE-AZRTOS-H7RS_V1.1.0, X-CUBE-AZRTOS-H7_V3.4.0, X-CUBE-AZRTOS-L4_V2.0.0, X-CUBE-AZRTOS-L5_V2.0.0, X-CUBE-AZRTOS-WB_V2.0.0, X-CUBE-AZRTOS-WL_V2.0.0, X-CUBE-BLE1_V7.1.0, X-CUBE-BLE2_V3.3.0, X-CUBE-BLEMGR_V4.1.0, X-CUBE-EEPRMA1_V5.2.0, X-CUBE-FREERTOS_V1.3.1, X-CUBE-GNSS1_V6.0.0, X-CUBE-MEMS1_V11.3.0, X-CUBE-NFC4_V3.0.0, X-CUBE-NFC7_V2.0.0, X-CUBE-SFXS2LP1_V4.0.0, X-CUBE-ST67W61_V1.0.0, X-CUBE-SUBG2_V5.0.0, X-CUBE-TOF1_V3.4.3]
2025-09-21 15:00:00,150 [INFO] DbBoardsSqlite:226 - include board P-NUCLEO-WB55-NUCLEO as a kit item of type 'Nucleo-64'
2025-09-21 15:00:00,151 [INFO] DbBoardsSqlite:226 - include board P-NUCLEO-WB55-USBDONGLE as a kit item of type 'Nucleo USB Dongle'
2025-09-21 15:00:00,151 [INFO] DbBoardsSqlite:226 - include board STEVAL-IDP005V1 as a kit item of type 'Evaluation Board'
2025-09-21 15:00:00,151 [INFO] DbBoardsSqlite:226 - include board STEVAL-IDP005V2 as a kit item of type 'Evaluation Board'
2025-09-21 15:00:00,228 [INFO] ApiDb:240 - Found 895 in-development CPN: [B-G473E-ZEST1S, B-WB1M-WPAN1, B-WBA5M-WPAN, B-WL5M-SUBG1, NUCLEO-C031C6, NUCLEO-C051C8, NUCLEO-C071RB, NUCLEO-C092RC, NUCLEO-H503RB, NUCLEO-H533RE, NUCLEO-H563ZI, NUCLEO-H7S3L8, NUCLEO-N657X0-Q, NUCLEO-U031R8, NUCLEO-U083RC, NUCLEO-U385RG-Q, NUCLEO-U545RE-Q, NUCLEO-U5A5ZJ-Q, NUCLEO-WB05KZ, NUCLEO-WB07CC, NUCLEO-WB09KE, NUCLEO-WBA52CG, NUCLEO-WBA55CG, NUCLEO-WBA65RI, NUCLEO-WL33CC1, NUCLEO-WL33CC2, STEVAL-PROTEUS1, STEVAL-SMARTAG2, STEVAL-STWINBX1, STM320518-EVAL, STM32C0116-DK, STM32C011D6Y3TR, STM32C011D6Y6TR, STM32C011F4P3, STM32C011F4P6, STM32C011F4U3, STM32C011F4U6TR, STM32C011F6P3, STM32C011F6P6, STM32C011F6U3, STM32C011F6U6TR, STM32C011J4M3, STM32C011J4M6, STM32C011J6M3, STM32C011J6M6, STM32C0316-DK, STM32C031C4T3, STM32C031C4T6, STM32C031C4U3, STM32C031C4U6, STM32C031C6T3, STM32C031C6T6, STM32C031C6U3, STM32C031C6U6, STM32C031F4P3, STM32C031F4P6, STM32C031F6P3, STM32C031F6P6, STM32C031G4U3, STM32C031G4U6, STM32C031G6U3, STM32C031G6U6, STM32C031K4T3, STM32C031K4T6, STM32C031K4U3, STM32C031K4U6, STM32C031K6T3, STM32C031K6T6, STM32C031K6U3, STM32C031K6U6, STM32C051C6T6, STM32C051C6U6, STM32C051C8T6, STM32C051C8U6, STM32C051D8Y6TR, STM32C051F6P6, STM32C051F8P6, STM32C051G6U6, STM32C051G8U6, STM32C051K6T6, STM32C051K6U6, STM32C051K8T6, STM32C071C8T6, STM32C071C8T6N, STM32C071C8U6, STM32C071C8U6N, STM32C071CBT6, STM32C071CBT6N, STM32C071CBU6, STM32C071CBU6N, STM32C071F8P6, STM32C071F8P6N, STM32C071FBP6, STM32C071FBP6N, STM32C071FBY6TR, STM32C071G8U6, STM32C071G8U6N, STM32C071GBU6, STM32C071GBU6N, STM32C071K8T6, STM32C071K8T6N, STM32C071K8U6, STM32C071K8U6N, STM32C071KBT6, STM32C071KBT6N, STM32C071KBU6, STM32C071KBU6N, STM32C071R8T6, STM32C071R8T6N, STM32C071RBI6N, STM32C071RBT6, STM32C071RBT6N, STM32C091CBT6, STM32C091CBU6, STM32C091CCT6, STM32C091CCU6, STM32C091ECY6TR, STM32C091FBP6, STM32C091FCP6, STM32C091GBU6, STM32C091GCU6, STM32C091KBT6, STM32C091KBU6, STM32C091KCT6, STM32C091KCU6, STM32C091RBT6, STM32C091RCI6, STM32C091RCT6, STM32C092CBT6, STM32C092CBU6, STM32C092CCT6, STM32C092CCU6, STM32C092ECY6TR, STM32C092FBP6, STM32C092FCP6, STM32C092GBU6, STM32C092GCU6, STM32C092KBT6, STM32C092KBU6, STM32C092KCT6, STM32C092KCU6, STM32C092RBT6, STM32C092RCI6, STM32C092RCT6, STM32G071K8TXN, STM32G071K8UXN, STM32G081GBU6N, STM32G081KBT6N, STM32G081KBUXN, STM32G0B1CCT6N, STM32G0B1KCT6, STM32G0B1NEY6TR, STM32G0B1RCT6N, STM32G0C1CCT6, STM32G0C1CCT6N, STM32G0C1CCU6N, STM32G0C1CET6N, STM32G0C1CEU6N, STM32G0C1KCT6, STM32G0C1NEY6TR, STM32G0C1RCI6N, STM32G0C1RCT6N, STM32G0C1REI6N, STM32G0C1RET6N, STM32G0C1VCI6, STM32G0C1VEI6, STM32G411C6T3, STM32G411C6T6, STM32G411C6U3, STM32G411C6U6, STM32G411C8T3, STM32G411C8T6, STM32G411C8U3, STM32G411C8U6, STM32G411CBT3, STM32G411CBT6, STM32G411CBU3, STM32G411CBU6, STM32G411CCT3, STM32G411CCT6, STM32G411CCU3, STM32G411CCU6, STM32G411K6T3, STM32G411K6T6, STM32G411K6U3, STM32G411K6U6, STM32G411K8T3, STM32G411K8T6, STM32G411K8U3, STM32G411K8U6, STM32G411KBT3, STM32G411KBT6, STM32G411KBU3, STM32G411KBU6, STM32G411M6T3, STM32G411M6T6, STM32G411M8T3, STM32G411M8T6, STM32G411MBT3, STM32G411MBT6, STM32G411MCT3, STM32G411MCT6, STM32G411R6T3, STM32G411R6T6, STM32G411R8T3, STM32G411R8T6, STM32G411RBT3, STM32G411RBT6, STM32G411RCT3, STM32G411RCT6, STM32G414CBT3, STM32G414CBT6, STM32G414CBU3, STM32G414CBU6, STM32G414CCT3, STM32G414CCT6, STM32G414CCU3, STM32G414CCU6, STM32G414MBT3, STM32G414MBT6, STM32G414MCT3, STM32G414MCT6, STM32G414RBT3, STM32G414RBT6, STM32G414RCT3, STM32G414RCT6, STM32G414VBT3, STM32G414VBT6, STM32G414VCT3, STM32G414VCT6, STM32G431CBT3Z, STM32G431RBT3Z, STM32G471CCT6, STM32G471CCU6, STM32G471CET3, STM32G471CET6, STM32G471CEU3, STM32G471CEU6, STM32G471MCT6, STM32G471MET3, STM32G471MET6, STM32G471MEY6TR, STM32G471QCT6, STM32G471QET3, STM32G471RCT6, STM32G471RET3, STM32G471RET6, STM32G471VCH6, STM32G471VCI6, STM32G471VCT6, STM32G471VEH3, STM32G471VEH6, STM32G471VEI3, STM32G471VEI6, STM32G471VET3, STM32G471VET6, STM32G473QET3Z, STM32G473RET3Z, STM32G474CCT6, STM32G491RET3Z, STM32H503CBT6, STM32H503CBU6, STM32H503EBY6TR, STM32H503KBU6, STM32H503RBT6, STM32H523CCT6, STM32H523CCU6, STM32H523CET6, STM32H523CEU6, STM32H523HEY6TR, STM32H523RCT6, STM32H523RET6, STM32H523VCI6, STM32H523VCT6, STM32H523VEI6, STM32H523VET6, STM32H523ZCJ6, STM32H523ZCT6, STM32H523ZEJ6, STM32H523ZET6, STM32H533CET6, STM32H533CEU6, STM32H533HEY6TR, STM32H533RET6, STM32H533VEI6, STM32H533VET6, STM32H533ZEJ6, STM32H533ZET6, STM32H562AGI6, STM32H562AII6, STM32H562IGK6, STM32H562IGT6, STM32H562IIK6, STM32H562IIT6, STM32H562RGT6, STM32H562RGV6, STM32H562RIT6, STM32H562RIV6, STM32H562VGT6, STM32H562VIT6, STM32H562ZGT6, STM32H562ZIT6, STM32H563AGI6, STM32H563AII3Q, STM32H563AII6, STM32H563IGK6, STM32H563IGT6, STM32H563IIK3Q, STM32H563IIK6, STM32H563IIT3Q, STM32H563IIT6, STM32H563MIY3QTR, STM32H563RGT6, STM32H563RGV6, STM32H563RIT6, STM32H563RIV6, STM32H563VGT6, STM32H563VIT3Q, STM32H563VIT6, STM32H563ZGT6, STM32H563ZIT3Q, STM32H563ZIT6, STM32H573AII3Q, STM32H573AII6, STM32H573I-DK, STM32H573IIK3Q, STM32H573IIK6, STM32H573IIT3Q, STM32H573IIT6, STM32H573MIY3QTR, STM32H573RIT6, STM32H573RIV6, STM32H573VIT3Q, STM32H573VIT6, STM32H573ZIT3Q, STM32H573ZIT6, STM32H7R3A8I6, STM32H7R3I8K6, STM32H7R3I8T6, STM32H7R3L8H6, STM32H7R3L8H6H, STM32H7R3R8V6, STM32H7R3V8H6, STM32H7R3V8T6, STM32H7R3V8Y6TR, STM32H7R3Z8J6, STM32H7R3Z8T6, STM32H7R7A8I6, STM32H7R7I8K6, STM32H7R7I8T6, STM32H7R7L8H6, STM32H7R7L8H6H, STM32H7R7Z8J6, STM32H7S3A8I6, STM32H7S3I8K6, STM32H7S3I8T6, STM32H7S3L8H6, STM32H7S3L8H6H, STM32H7S3R8V6, STM32H7S3V8H6, STM32H7S3V8T6, STM32H7S3V8Y6TR, STM32H7S3Z8J6, STM32H7S3Z8T6, STM32H7S78-DK, STM32H7S7A8I6, STM32H7S7I8K6, STM32H7S7I8T6, STM32H7S7L8H6, STM32H7S7L8H6H, STM32H7S7Z8J6, STM32L4R5QGI6STR, STM32MP131AAE3, STM32MP131AAF3, STM32MP131AAG3, STM32MP131CAE3, STM32MP131CAF3, STM32MP131CAG3, STM32MP131DAE7, STM32MP131DAF7, STM32MP131DAG7, STM32MP131FAE7, STM32MP131FAF7, STM32MP131FAG7, STM32MP133AAE3, STM32MP133AAF3, STM32MP133AAG3, STM32MP133CAE3, STM32MP133CAF3, STM32MP133CAG3, STM32MP133DAE7, STM32MP133DAF7, STM32MP133DAG7, STM32MP133FAE7, STM32MP133FAF7, STM32MP133FAG7, STM32MP135AAE3, STM32MP135AAF3, STM32MP135AAG3, STM32MP135CAE3, STM32MP135CAF3, STM32MP135CAG3, STM32MP135DAE7, STM32MP135DAF7, STM32MP135DAG7, STM32MP135F-DK, STM32MP135FAE7, STM32MP135FAF7, STM32MP135FAF7T, STM32MP135FAF7U, STM32MP135FAG7, STM32MP231AAJ3, STM32MP231AAK3, STM32MP231AAL3, STM32MP231CAJ3, STM32MP231CAK3, STM32MP231CAL3, STM32MP231DAJ3, STM32MP231DAK3, STM32MP231DAL3, STM32MP231FAJ3, STM32MP231FAK3, STM32MP231FAL3, STM32MP233AAJ3, STM32MP233AAK3, STM32MP233AAL3, STM32MP233CAJ3, STM32MP233CAK3, STM32MP233CAL3, STM32MP233DAJ3, STM32MP233DAK3, STM32MP233DAL3, STM32MP233FAJ3, STM32MP233FAK3, STM32MP233FAL3, STM32MP235AAJ3, STM32MP235AAK3, STM32MP235AAL3, STM32MP235CAJ3, STM32MP235CAK3, STM32MP235CAL3, STM32MP235DAJ3, STM32MP235DAK3, STM32MP235DAL3, STM32MP235FAJ3, STM32MP235FAK3, STM32MP235FAL3, STM32MP251AAI3, STM32MP251AAJ3, STM32MP251AAK3, STM32MP251AAL3, STM32MP251CAI3, STM32MP251CAJ3, STM32MP251CAK3, STM32MP251CAL3, STM32MP251DAI3, STM32MP251DAJ3, STM32MP251DAK3, STM32MP251DAL3, STM32MP251FAI3, STM32MP251FAJ3, STM32MP251FAK3, STM32MP251FAL3, STM32MP253AAI3, STM32MP253AAJ3, STM32MP253AAK3, STM32MP253AAL3, STM32MP253CAI3, STM32MP253CAJ3, STM32MP253CAK3, STM32MP253CAL3, STM32MP253DAI3, STM32MP253DAJ3, STM32MP253DAK3, STM32MP253DAL3, STM32MP253FAI3, STM32MP253FAJ3, STM32MP253FAK3, STM32MP253FAL3, STM32MP255AAI3, STM32MP255AAJ3, STM32MP255AAK3, STM32MP255AAL3, STM32MP255CAI3, STM32MP255CAJ3, STM32MP255CAK3, STM32MP255CAL3, STM32MP255DAI3, STM32MP255DAJ3, STM32MP255DAK3, STM32MP255DAL3, STM32MP255FAI3, STM32MP255FAJ3, STM32MP255FAK3, STM32MP255FAL3, STM32MP257AAI3, STM32MP257AAJ3, STM32MP257AAK3, STM32MP257AAL3, STM32MP257CAI3, STM32MP257CAJ3, STM32MP257CAK3, STM32MP257CAL3, STM32MP257DAI3, STM32MP257DAJ3, STM32MP257DAK3, STM32MP257DAL3, STM32MP257F-DK, STM32MP257F-EV1, STM32MP257FAI3, STM32MP257FAJ3, STM32MP257FAK3, STM32MP257FAL3, STM32N645A0H3Q, STM32N645B0H3Q, STM32N645I0H3Q, STM32N645L0H3Q, STM32N645X0H3Q, STM32N645Z0H3Q, STM32N647A0H3Q, STM32N647B0H3Q, STM32N647I0H3Q, STM32N647L0H3Q, STM32N647X0H3Q, STM32N647Z0H3Q, STM32N655A0H3Q, STM32N655B0H3Q, STM32N655I0H3Q, STM32N655L0H3Q, STM32N655X0H3Q, STM32N655Z0H3Q, STM32N6570-DK, STM32N657A0H3Q, STM32N657B0H3Q, STM32N657I0H3Q, STM32N657L0H3Q, STM32N657X0H3Q, STM32N657Z0H3Q, STM32U031C6T6, STM32U031C6U6, STM32U031C8T6, STM32U031C8U6, STM32U031F4P6, STM32U031F6P6, STM32U031F8P6, STM32U031G6Y6TR, STM32U031G8Y6TR, STM32U031K4U6, STM32U031K6U6, STM32U031K8U6, STM32U031R6I6, STM32U031R6T6, STM32U031R8I6, STM32U031R8T6, STM32U073C8T6, STM32U073C8U6, STM32U073CBT6, STM32U073CBU6, STM32U073CCT6, STM32U073CCU6, STM32U073H8Y6TR, STM32U073HBY6TR, STM32U073HCY6TR, STM32U073K8U6, STM32U073KBU6, STM32U073KCU6, STM32U073M8I6, STM32U073M8T6, STM32U073MBI6, STM32U073MBT6, STM32U073MCI6, STM32U073MCT6, STM32U073R8I6, STM32U073R8T6, STM32U073RBI6, STM32U073RBT6, STM32U073RCI6, STM32U073RCT6, STM32U083C-DK, STM32U083CCT6, STM32U083CCU6, STM32U083HCY6TR, STM32U083KCU6, STM32U083MCI6, STM32U083MCT6, STM32U083RCI6, STM32U083RCT6, STM32U375CET6, STM32U375CET6Q, STM32U375CEU6, STM32U375CEU6Q, STM32U375CEY6QTR, STM32U375CGT6, STM32U375CGT6Q, STM32U375CGU6, STM32U375CGU6Q, STM32U375CGY6QTR, STM32U375KEU6, STM32U375KGU6, STM32U375REI6, STM32U375REI6Q, STM32U375RET6, STM32U375RET6Q, STM32U375REY6GTR, STM32U375REY6QTR, STM32U375RGI6, STM32U375RGI6Q, STM32U375RGT6, STM32U375RGT6Q, STM32U375RGY6GTR, STM32U375RGY6QTR, STM32U375VEI6, STM32U375VEI6Q, STM32U375VET6, STM32U375VET6Q, STM32U375VGI6, STM32U375VGI6Q, STM32U375VGT6, STM32U375VGT6Q, STM32U385CGT6, STM32U385CGT6Q, STM32U385CGU6, STM32U385CGU6Q, STM32U385CGY6QTR, STM32U385KGU6, STM32U385RGI6, STM32U385RGI6Q, STM32U385RGT6, STM32U385RGT6Q, STM32U385RGY6GTR, STM32U385RGY6QTR, STM32U385VGI6, STM32U385VGI6Q, STM32U385VGT6, STM32U385VGT6Q, STM32U535CBT6, STM32U535CBT6Q, STM32U535CBU6, STM32U535CBU6Q, STM32U535CCT6, STM32U535CCT6Q, STM32U535CCU6, STM32U535CCU6Q, STM32U535CET6, STM32U535CET6Q, STM32U535CEU6, STM32U535CEU6Q, STM32U535JEY6QTR, STM32U535NCY6QTR, STM32U535NEY6QTR, STM32U535RBI6, STM32U535RBI6Q, STM32U535RBT6, STM32U535RBT6Q, STM32U535RCI6, STM32U535RCI6Q, STM32U535RCT6, STM32U535RCT6Q, STM32U535REI6, STM32U535REI6Q, STM32U535RET6, STM32U535RET6Q, STM32U535VCI6, STM32U535VCI6Q, STM32U535VCT6, STM32U535VCT6Q, STM32U535VEI6, STM32U535VEI6Q, STM32U535VET6, STM32U535VET6Q, STM32U545CET6, STM32U545CET6Q, STM32U545CEU6, STM32U545CEU6Q, STM32U545JEY6QTR, STM32U545NEY6QTR, STM32U545REI6, STM32U545REI6Q, STM32U545RET6, STM32U545RET6Q, STM32U545VEI6, STM32U545VEI6Q, STM32U545VET6, STM32U545VET6Q, STM32U595AIH6, STM32U595AIH6Q, STM32U595AJH6, STM32U595AJH6Q, STM32U595QII6, STM32U595QII6Q, STM32U595QJI6, STM32U595QJI6Q, STM32U595RIT6, STM32U595RIT6Q, STM32U595RJT6, STM32U595RJT6Q, STM32U595VIT6, STM32U595VIT6Q, STM32U595VJT6, STM32U595VJT6Q, STM32U595ZIT6, STM32U595ZIT6Q, STM32U595ZIY6QTR, STM32U595ZJT6, STM32U595ZJT6Q, STM32U595ZJY6QTR, STM32U599BJY6QTR, STM32U599NIH6Q, STM32U599NJH6Q, STM32U599VIT6Q, STM32U599VJT6, STM32U599VJT6Q, STM32U599ZIT6Q, STM32U599ZIY6QTR, STM32U599ZJT6Q, STM32U599ZJY6QTR, STM32U5A5AJH6, STM32U5A5AJH6Q, STM32U5A5QII3Q , STM32U5A5QJI6, STM32U5A5QJI6Q, STM32U5A5RJT6, STM32U5A5RJT6Q, STM32U5A5VJT6, STM32U5A5VJT6Q, STM32U5A5ZJT6, STM32U5A5ZJT6Q, STM32U5A5ZJY6QTR, STM32U5A9BJY6QTR, STM32U5A9J-DK, STM32U5A9NJH6Q, STM32U5A9VJT6Q, STM32U5A9ZJT6Q, STM32U5A9ZJY6QTR, STM32U5F7VIT6, STM32U5F7VIT6Q, STM32U5F7VJT6, STM32U5F7VJT6Q, STM32U5F9BJY6QTR, STM32U5F9NJH6Q, STM32U5F9VIT6Q, STM32U5F9VJT6Q, STM32U5F9ZIJ6QTR, STM32U5F9ZIT6Q, STM32U5F9ZJJ6QTR, STM32U5F9ZJT6Q, STM32U5G7VJT6, STM32U5G7VJT6Q, STM32U5G9BJY6QTR, STM32U5G9J-DK1, STM32U5G9J-DK2, STM32U5G9NJH6Q, STM32U5G9VJT6Q, STM32U5G9ZJJ6QTR, STM32U5G9ZJT6Q, STM32WB05KZV6TR, STM32WB05KZV7TR, STM32WB05TZF6TR, STM32WB05TZF7TR, STM32WB06CCF6TR, STM32WB06CCF7TR, STM32WB06CCV6TR, STM32WB06CCV7TR, STM32WB06KCV6TR, STM32WB06KCV7TR, STM32WB07CCF6TR, STM32WB07CCF7TR, STM32WB07CCV6TR, STM32WB07CCV7TR, STM32WB07KCV6TR, STM32WB07KCV7TR, STM32WB09KEV6TR, STM32WB09KEV7TR, STM32WB09TEF6TR, STM32WB09TEF7TR, STM32WB1MMCH6, STM32WBA50KGU6, STM32WBA50KGU6TR, STM32WBA52CEU6, STM32WBA52CEU6TR, STM32WBA52CEU7, STM32WBA52CEU7TR, STM32WBA52CGU6, STM32WBA52CGU6TR, STM32WBA52CGU6U, STM32WBA52CGU7, STM32WBA52CGU7TR, STM32WBA52KEU6, STM32WBA52KEU6TR, STM32WBA52KGU6, STM32WBA52KGU6TR, STM32WBA54CEU6, STM32WBA54CEU6TR, STM32WBA54CEU7, STM32WBA54CEU7TR, STM32WBA54CGU6, STM32WBA54CGU6TR, STM32WBA54CGU7, STM32WBA54CGU7TR, STM32WBA54KEU6, STM32WBA54KEU6TR, STM32WBA54KEU7, STM32WBA54KEU7TR, STM32WBA54KGU6, STM32WBA54KGU6TR, STM32WBA54KGU7, STM32WBA54KGU7TR, STM32WBA55CEU6, STM32WBA55CEU6TR, STM32WBA55CEU7, STM32WBA55CEU7TR, STM32WBA55CGU6, STM32WBA55CGU6TR, STM32WBA55CGU6U, STM32WBA55CGU7, STM32WBA55CGU7TR, STM32WBA55G-DK1, STM32WBA55HEF6, STM32WBA55HEF7, STM32WBA55HGF6, STM32WBA55HGF7, STM32WBA55UEI6, STM32WBA55UEI6TR, STM32WBA55UEI7, STM32WBA55UEI7TR, STM32WBA55UGI6, STM32WBA55UGI6TR, STM32WBA55UGI7, STM32WBA55UGI7TR, STM32WBA5MJGH6TR, STM32WBA62CGU6, STM32WBA62CIU6, STM32WBA62MGF6, STM32WBA62MIF6, STM32WBA62PGI6, STM32WBA62PII6, STM32WBA63CGU6, STM32WBA63CGU7, STM32WBA63CIU6, STM32WBA63CIU7, STM32WBA64CGU6, STM32WBA64CGU7, STM32WBA64CIU6, STM32WBA64CIU7, STM32WBA65CGU6, STM32WBA65CGU7, STM32WBA65CIU6, STM32WBA65CIU7, STM32WBA65I-DK1, STM32WBA65MGF6, STM32WBA65MGF7, STM32WBA65MIF6, STM32WBA65MIF7, STM32WBA65PGI6, STM32WBA65PGI7, STM32WBA65PII6, STM32WBA65PII7, STM32WBA65RGV6, STM32WBA65RGV7, STM32WBA65RIV6, STM32WBA65RIV7, STM32WL30K8V6, STM32WL30KBV6, STM32WL31C8V6, STM32WL31CBV6, STM32WL31K8V6, STM32WL31KBV6, STM32WL33C8V6, STM32WL33C8V6TR, STM32WL33C8V7, STM32WL33C8V7TR, STM32WL33CBV6, STM32WL33CBV6TR, STM32WL33CBV7, STM32WL33CBV7TR, STM32WL33CCV6, STM32WL33CCV6TR, STM32WL33CCV7, STM32WL33CCV7A, STM32WL33CCV7ATR, STM32WL33CCV7TR, STM32WL33K8V6, STM32WL33K8V6TR, STM32WL33K8V7, STM32WL33K8V7TR, STM32WL33KBV6, STM32WL33KBV6TR, STM32WL33KBV7, STM32WL33KBV7TR, STM32WL33KCV6, STM32WL33KCV6TR, STM32WL33KCV7, STM32WL33KCV7TR, STM32WL5MOCH6, STM32WL5MOCH6TR]
2025-09-21 15:00:00,623 [INFO] BoardInfo:889 - No configuration file found for board P-NUCLEO-WB55
2025-09-21 15:00:00,626 [INFO] DbBoards:161 - Kit is not supported: P-NUCLEO-WB55
2025-09-21 15:00:00,637 [INFO] BoardInfo:889 - No configuration file found for board STEVAL-BFA001V1B
2025-09-21 15:00:00,640 [INFO] DbBoards:161 - Kit is not supported: STEVAL-BFA001V1B
2025-09-21 15:00:00,641 [INFO] BoardInfo:889 - No configuration file found for board STEVAL-BFA001V2B
2025-09-21 15:00:00,643 [INFO] DbBoards:161 - Kit is not supported: STEVAL-BFA001V2B
2025-09-21 15:00:01,007 [INFO] DbBoards:168 - Found 211 boards, 208 are supported
2025-09-21 15:00:01,008 [INFO] DbBoards:169 - Found 211 boards, 43 of them is supported for  Bsp
2025-09-21 15:00:01,010 [INFO] ApiDb:423 - Load user favorites file C:\Users\User/.stm32cubeide/favorites.boards.txt: 0 item(s)
2025-09-21 15:00:01,010 [INFO] ApiDb:427 - User favorites Boards=[]
2025-09-21 15:00:01,010 [INFO] DbBoards:198 - Set 0 / 0 favorites Boards
2025-09-21 15:00:01,012 [INFO] ApiDb:668 - CubeFinder database Data Model version=2.1
2025-09-21 15:00:01,012 [INFO] ApiDb:669 - CubeFinder database Configuration version=3.0.39
2025-09-21 15:00:01,012 [INFO] ApiDb:670 - CubeFinder database generation date=2025-08-25 (1756130511)
2025-09-21 15:00:01,012 [INFO] ApiDb:671 - CubeFinder database FW Pack versions=[FP-ATR-ASTRA1_V2.0.0, FP-SNS-FLIGHT1_V5.1.0, FP-SNS-MOTENV1_V5.0.0, FP-SNS-MOTENVWB1_V1.4.0, FP-SNS-SMARTAG2_V1.2.0, FP-SNS-STBOX1_V2.1.0, STM32Cube_FW_C0_V1.4.0, STM32Cube_FW_F4_V1.28.3, STM32Cube_FW_F7_V1.17.4, STM32Cube_FW_G0_V1.6.2, STM32Cube_FW_G4_V1.6.1, STM32Cube_FW_H5_V1.5.0, STM32Cube_FW_H7RS_V1.2.0, STM32Cube_FW_H7_V1.12.1, STM32Cube_FW_L0_V1.12.2, STM32Cube_FW_L4_V1.18.1, STM32Cube_FW_L5_V1.5.1, STM32Cube_FW_N6_V1.2.0, STM32Cube_FW_U0_V1.3.0, STM32Cube_FW_U3_V1.2.0, STM32Cube_FW_U5_V1.8.0, STM32Cube_FW_WB0_V1.3.0, STM32Cube_FW_WBA_V1.7.0, STM32Cube_FW_WB_V1.23.0, STM32Cube_FW_WL3_V1.2.0, STM32Cube_FW_WL_V1.3.1, X-CUBE-ALGOBUILD_V1.4.0, X-CUBE-ALS_V1.0.2, X-CUBE-AZRTOS-F4_V1.1.0, X-CUBE-AZRTOS-F7_V1.1.0, X-CUBE-AZRTOS-G0_V1.1.0, X-CUBE-AZRTOS-G4_V2.0.0, X-CUBE-AZRTOS-H7RS_V1.1.0, X-CUBE-AZRTOS-H7_V3.4.0, X-CUBE-AZRTOS-L4_V2.0.0, X-CUBE-AZRTOS-L5_V2.0.0, X-CUBE-AZRTOS-WB_V2.0.0, X-CUBE-AZRTOS-WL_V2.0.0, X-CUBE-BLE1_V7.1.0, X-CUBE-BLE2_V3.3.0, X-CUBE-BLEMGR_V4.1.0, X-CUBE-EEPRMA1_V5.2.0, X-CUBE-FREERTOS_V1.3.1, X-CUBE-GNSS1_V6.0.0, X-CUBE-MEMS1_V11.3.0, X-CUBE-NFC4_V3.0.0, X-CUBE-NFC7_V2.0.0, X-CUBE-SFXS2LP1_V4.0.0, X-CUBE-ST67W61_V1.0.0, X-CUBE-SUBG2_V5.0.0, X-CUBE-TOF1_V3.4.3]
2025-09-21 15:00:01,942 [ERROR] DbExamplesSqlite:437 - Missing JSON key: board_cpn
2025-09-21 15:00:01,942 [ERROR] DbExamplesSqlite:437 - Missing JSON key: board_cpn
2025-09-21 15:00:01,942 [ERROR] DbExamplesSqlite:437 - Missing JSON key: board_cpn
2025-09-21 15:00:01,943 [ERROR] DbExamplesSqlite:437 - Missing JSON key: board_cpn
2025-09-21 15:00:02,477 [ERROR] DbExamplesSqlite:437 - Missing JSON key: board_cpn
2025-09-21 15:00:02,478 [ERROR] DbExamplesSqlite:437 - Missing JSON key: board_cpn
2025-09-21 15:00:02,481 [INFO] DbExamplesSqlite:395 - Ignored 33 examples not supported by CubeIDE
2025-09-21 15:00:02,481 [INFO] DbExamplesSqlite:396 - Found 10871 examples active
2025-09-21 15:00:02,481 [INFO] DbExamplesSqlite:397 - Found 0 examples obsolete
2025-09-21 15:00:02,481 [INFO] DbExamplesSqlite:398 - Found 0 examples under development
2025-09-21 15:00:02,482 [INFO] DbExamplesSqlite:399 - Found 65 examples not building
2025-09-21 15:00:02,485 [INFO] DbExamples:125 - Found 10903 examples
2025-09-21 15:00:02,512 [INFO] DbExamples:222 - Found 134 boards with related examples
2025-09-21 15:00:02,514 [INFO] DbExamples:235 - Found 111 MCUs with related examples
2025-09-21 15:00:02,546 [INFO] ApiDb:423 - Load user favorites file C:\Users\User/.stm32cubeide/favorites.examples.txt: 0 item(s)
2025-09-21 15:00:02,546 [INFO] ApiDb:427 - User favorites Examples=[]
2025-09-21 15:00:02,547 [INFO] DbExamples:250 - Set 0 / 0 favorites Examples
2025-09-21 15:00:02,860 [INFO] McuFinderGlobals:76 - Set McuFinderConnectedMode to true
2025-09-21 15:00:02,873 [INFO] MultiScanPanel:200 - Auto-refresh data requested => check proxy status ongoing
2025-09-21 15:00:02,877 [INFO] FinderPluginLoader:95 - Searching for filters in installed packs
2025-09-21 15:00:04,838 [INFO] LoadUrlFilesThread:185 - End of LoadServerUrlFiles without Thread
2025-09-21 15:00:04,943 [INFO] DetailPanel:341 - Set advertising image to C:/Users/User/STM32Cube/Repository/\en.2400x1350px.jpeg
2025-09-21 15:01:06,086 [INFO] MainUpdater:2872 - connection check result : 10
2025-09-21 15:01:06,088 [INFO] MainUpdater:2872 - connection check result : 10
2025-09-21 15:01:06,138 [INFO] MicroXplorer:468 - Change Database Path : 
2025-09-21 15:01:06,138 [INFO] MicroXplorer:498 - Change Database Version : DB.6.0.141
2025-09-21 15:01:06,149 [WARN] ThirdParty:871 - waiting for thirdparty lock release [close project]
2025-09-21 15:01:06,150 [INFO] ThirdParty:873 - entering critical section [close project]
2025-09-21 15:01:06,153 [INFO] ThirdParty:883 - exiting critical section [close project]
2025-09-21 15:01:06,157 [INFO] PinOutPanel:1589 - setPackage(No Configuration,No Configuration)
2025-09-21 15:01:06,165 [INFO] UtilMem:75 - Begin LoadConfig() Used Memory: 675799744 Bytes (1073741824)
2025-09-21 15:01:06,168 [INFO] MicroXplorer:468 - Change Database Path : 
2025-09-21 15:01:06,169 [INFO] MicroXplorer:498 - Change Database Version : DB.6.0.141
2025-09-21 15:01:06,169 [INFO] OpenFileManager:354 - Change cursor
2025-09-21 15:01:06,375 [INFO] Mcu:2011 - Initializing MCU STM32F103C8Tx STM32F103C8Tx STM32F103C8T6
2025-09-21 15:01:07,897 [INFO] Context:756 - Trying to add GPIOservice into a context  which must be forbidden
2025-09-21 15:01:08,228 [INFO] ImportTextPane:218 - (OptionalMessage_ERROR) Unable to find key (Mcu.ThirdPartyNb) in loaded IOC file
2025-09-21 15:01:08,228 [INFO] ImportTextPane:218 - (OptionalMessage_ERROR) Unable to find key (Mcu.PinsNb) in loaded IOC file
2025-09-21 15:01:08,228 [INFO] ImportTextPane:218 - (OptionalMessage_ERROR) Pin0 (VP_RIF_VS_RIF1) cannot be retrieved for this MCU
2025-09-21 15:01:08,230 [INFO] ImportTextPane:218 - (OptionalMessage_ERROR) Unable to find key (Mcu.IPNb) in loaded IOC file
2025-09-21 15:01:08,555 [INFO] RtosManager:558 - Registered RTOS mode: class=CMSIS, group=RTOS, mode=CMSIS_V1, owner=FREERTOS
2025-09-21 15:01:08,555 [INFO] RtosManager:558 - Registered RTOS mode: class=CMSIS, group=RTOS2, mode=CMSIS_V2, owner=FREERTOS
2025-09-21 15:01:08,555 [INFO] RtosManager:558 - Registered RTOS mode: class=RTOS, group=Core, mode=CMSIS_V1, owner=FREERTOS
2025-09-21 15:01:08,556 [INFO] RtosManager:558 - Registered RTOS mode: class=RTOS, group=Core, mode=CMSIS_V2, owner=FREERTOS
2025-09-21 15:01:08,556 [WARN] ModelIntegratedComponent:184 - Missing modes for component STMicroelectronics:FreeRTOS:0.0.1:STMicroelectronics:RTOS:FreeRTOS:Core:::10.2.0:
2025-09-21 15:01:08,573 [WARN] ModelIntegratedComponent:63 - No mode defined for component null
2025-09-21 15:01:08,573 [WARN] ModelIntegratedComponent:63 - No mode defined for component null
2025-09-21 15:01:08,573 [WARN] ModelIntegratedComponent:63 - No mode defined for component null
2025-09-21 15:01:08,573 [WARN] ModelIntegratedComponent:63 - No mode defined for component null
2025-09-21 15:01:08,574 [WARN] ModelIntegratedComponent:63 - No mode defined for component null
2025-09-21 15:01:08,574 [WARN] ModelIntegratedComponent:63 - No mode defined for component null
2025-09-21 15:01:08,574 [WARN] ModelIntegratedComponent:63 - No mode defined for component null
2025-09-21 15:01:08,574 [WARN] ModelIntegratedComponent:63 - No mode defined for component null
2025-09-21 15:01:08,574 [WARN] ModelIntegratedComponent:63 - No mode defined for component null
2025-09-21 15:01:08,574 [WARN] ModelIntegratedComponent:63 - No mode defined for component null
2025-09-21 15:01:08,574 [WARN] ModelIntegratedComponent:63 - No mode defined for component null
2025-09-21 15:01:08,574 [WARN] ModelIntegratedComponent:63 - No mode defined for component null
2025-09-21 15:01:08,574 [WARN] ModelIntegratedComponent:63 - No mode defined for component null
2025-09-21 15:01:08,575 [WARN] ModelIntegratedComponent:63 - No mode defined for component null
2025-09-21 15:01:08,575 [WARN] ModelIntegratedComponent:63 - No mode defined for component null
2025-09-21 15:01:08,575 [WARN] ModelIntegratedComponent:63 - No mode defined for component null
2025-09-21 15:01:08,575 [WARN] ModelIntegratedComponent:63 - No mode defined for component null
2025-09-21 15:01:08,575 [WARN] ModelIntegratedComponent:63 - No mode defined for component null
2025-09-21 15:01:08,575 [WARN] ModelIntegratedComponent:63 - No mode defined for component null
2025-09-21 15:01:08,575 [WARN] ModelIntegratedComponent:63 - No mode defined for component null
2025-09-21 15:01:08,575 [WARN] ModelIntegratedComponent:63 - No mode defined for component null
2025-09-21 15:01:08,575 [WARN] ModelIntegratedComponent:63 - No mode defined for component null
2025-09-21 15:01:08,575 [WARN] ModelIntegratedComponent:63 - No mode defined for component null
2025-09-21 15:01:08,575 [WARN] ModelIntegratedComponent:63 - No mode defined for component null
2025-09-21 15:01:08,575 [WARN] ModelIntegratedComponent:63 - No mode defined for component null
2025-09-21 15:01:08,576 [WARN] ModelIntegratedComponent:63 - No mode defined for component null
2025-09-21 15:01:08,576 [WARN] ModelIntegratedComponent:63 - No mode defined for component null
2025-09-21 15:01:08,576 [WARN] ModelIntegratedComponent:63 - No mode defined for component null
2025-09-21 15:01:08,576 [WARN] ModelIntegratedComponent:63 - No mode defined for component null
2025-09-21 15:01:08,576 [WARN] ModelIntegratedComponent:63 - No mode defined for component null
2025-09-21 15:01:08,576 [WARN] ModelIntegratedComponent:63 - No mode defined for component null
2025-09-21 15:01:08,576 [WARN] ModelIntegratedComponent:63 - No mode defined for component null
2025-09-21 15:01:08,576 [WARN] ModelIntegratedComponent:63 - No mode defined for component null
2025-09-21 15:01:08,576 [WARN] ModelIntegratedComponent:63 - No mode defined for component null
2025-09-21 15:01:08,576 [WARN] ModelIntegratedComponent:63 - No mode defined for component null
2025-09-21 15:01:08,577 [WARN] ModelPack:524 - Component already loaded: STMicroelectronics:HAL Drivers:0.0.0:STMicroelectronics:Device:STMicro_Driver:XSPI:HAL::0.0.1:HAL_XSPI
2025-09-21 15:01:09,344 [INFO] ThirdPartyModel:298 - Start build external matchings
2025-09-21 15:01:15,683 [INFO] ThirdPartyModel:316 - End build external matchings
2025-09-21 15:01:16,169 [INFO] UtilMem:75 - End LoadConfig() Used Memory: 893213312 Bytes (1073741824)
2025-09-21 15:01:16,269 [WARN] ThirdParty:833 - waiting for thirdparty lock release [change project]
2025-09-21 15:01:16,270 [INFO] ThirdParty:835 - entering critical section [change project]
2025-09-21 15:01:16,270 [INFO] ThirdParty:1030 - CMSIS Pack Vendor :STMicroelectronics X-CUBE-PM33A1 1.0.0
2025-09-21 15:01:16,271 [INFO] ThirdParty:1030 - CMSIS Pack Vendor :STMicroelectronics USBPD 4.1
2025-09-21 15:01:16,271 [INFO] ThirdParty:1030 - CMSIS Pack Vendor :STMicroelectronics X-CUBE-GNSS1 6.0.0
2025-09-21 15:01:16,271 [INFO] ThirdParty:1030 - CMSIS Pack Vendor :STMicroelectronics USB_HOST 2.0.0
2025-09-21 15:01:16,271 [INFO] ThirdParty:1030 - CMSIS Pack Vendor :STMicroelectronics FP-SNS-MOTENVWB1 1.4.0
2025-09-21 15:01:16,271 [INFO] ThirdParty:1030 - CMSIS Pack Vendor :STMicroelectronics X-CUBE-AZRTOS-F4 1.1.0
2025-09-21 15:01:16,271 [INFO] ThirdParty:1030 - CMSIS Pack Vendor :STMicroelectronics LIBJPEG 8.0.0
2025-09-21 15:01:16,271 [INFO] ThirdParty:1030 - CMSIS Pack Vendor :STMicroelectronics FP-ATR-ASTRA1 2.0.2
2025-09-21 15:01:16,271 [INFO] ThirdParty:1030 - CMSIS Pack Vendor :STMicroelectronics FP-ATR-ASTRA1 2.0.1
2025-09-21 15:01:16,271 [INFO] ThirdParty:1030 - CMSIS Pack Vendor :Avnet-IotConnect X-CUBE-IoTC-DA16k-PMOD 1.0.0
2025-09-21 15:01:16,271 [INFO] ThirdParty:1030 - CMSIS Pack Vendor :STMicroelectronics X-CUBE-SMBUS 2.1.0
2025-09-21 15:01:16,272 [INFO] ThirdParty:1030 - CMSIS Pack Vendor :STMicroelectronics X-CUBE-WB05N 1.1.0
2025-09-21 15:01:16,272 [INFO] ThirdParty:1030 - CMSIS Pack Vendor :STMicroelectronics X-CUBE-ISPU 2.1.0
2025-09-21 15:01:16,272 [INFO] ThirdParty:1030 - CMSIS Pack Vendor :STMicroelectronics X-CUBE-FREERTOS 1.2.0
2025-09-21 15:01:16,272 [INFO] ThirdParty:1030 - CMSIS Pack Vendor :STMicroelectronics X-CUBE-ST60 1.0.0
2025-09-21 15:01:16,272 [INFO] ThirdParty:1030 - CMSIS Pack Vendor :STMicroelectronics X-CUBE-TOUCHGFX 4.23.0
2025-09-21 15:01:16,272 [INFO] ThirdParty:1030 - CMSIS Pack Vendor :STMicroelectronics X-CUBE-NFC12 1.0.0
2025-09-21 15:01:16,272 [INFO] ThirdParty:1030 - CMSIS Pack Vendor :STMicroelectronics X-CUBE-TOUCHGFX 4.23.2
2025-09-21 15:01:16,272 [INFO] ThirdParty:1030 - CMSIS Pack Vendor :STMicroelectronics X-CUBE-AZRTOS-F7 1.1.0
2025-09-21 15:01:16,272 [INFO] ThirdParty:1030 - CMSIS Pack Vendor :STMicroelectronics X-CUBE-AZRTOS-L5 2.0.0
2025-09-21 15:01:16,272 [INFO] ThirdParty:1030 - CMSIS Pack Vendor :STMicroelectronics USB_DEVICE 2.0.0
2025-09-21 15:01:16,272 [INFO] ThirdParty:1030 - CMSIS Pack Vendor :STMicroelectronics X-CUBE-EEPRMA1 4.2.0
2025-09-21 15:01:16,272 [INFO] ThirdParty:1030 - CMSIS Pack Vendor :STMicroelectronics X-CUBE-NFC6 3.1.0
2025-09-21 15:01:16,272 [INFO] ThirdParty:1030 - CMSIS Pack Vendor :STMicroelectronics FP-SNS-MOTENV1 4.3.2
2025-09-21 15:01:16,272 [INFO] ThirdParty:1030 - CMSIS Pack Vendor :STMicroelectronics X-CUBE-MEMS1 11.0.0
2025-09-21 15:01:16,272 [INFO] ThirdParty:1030 - CMSIS Pack Vendor :STMicroelectronics FreeRTOS 0.0.1
2025-09-21 15:01:16,273 [INFO] ThirdParty:1030 - CMSIS Pack Vendor :STMicroelectronics X-CUBE-DPower 1.2.0
2025-09-21 15:01:16,273 [INFO] ThirdParty:1030 - CMSIS Pack Vendor :STMicroelectronics FP-SNS-FLIGHT1 5.0.2
2025-09-21 15:01:16,274 [INFO] ThirdParty:1030 - CMSIS Pack Vendor :STMicroelectronics X-CUBE-AI 9.0.0
2025-09-21 15:01:16,275 [INFO] ThirdParty:1030 - CMSIS Pack Vendor :STMicroelectronics PDM2PCM 3.3.0
2025-09-21 15:01:16,276 [INFO] ThirdParty:1030 - CMSIS Pack Vendor :STMicroelectronics X-CUBE-AZRTOS-H7 3.4.0
2025-09-21 15:01:16,276 [INFO] ThirdParty:1030 - CMSIS Pack Vendor :STMicroelectronics X-CUBE-DISPLAY 3.0.0
2025-09-21 15:01:16,277 [INFO] ThirdParty:1030 - CMSIS Pack Vendor :STMicroelectronics X-CUBE-BLE1 7.0.0
2025-09-21 15:01:16,277 [INFO] ThirdParty:1030 - CMSIS Pack Vendor :STMicroelectronics X-CUBE-NFC10 1.0.0
2025-09-21 15:01:16,277 [INFO] ThirdParty:1030 - CMSIS Pack Vendor :STMicroelectronics X-CUBE-BLEMGR 4.0.0
2025-09-21 15:01:16,277 [INFO] ThirdParty:1030 - CMSIS Pack Vendor :STMicroelectronics X-CUBE-FREERTOS 1.3.1
2025-09-21 15:01:16,284 [INFO] ThirdParty:1030 - CMSIS Pack Vendor :STMicroelectronics HAL Drivers 0.0.0
2025-09-21 15:01:16,285 [INFO] ThirdParty:1030 - CMSIS Pack Vendor :emotas I-CUBE-CANOPEN 1.3.0
2025-09-21 15:01:16,286 [INFO] ThirdParty:1030 - CMSIS Pack Vendor :STMicroelectronics X-CUBE-FREERTOS 1.3.0
2025-09-21 15:01:16,287 [INFO] ThirdParty:1030 - CMSIS Pack Vendor :STMicroelectronics X-CUBE-NFC7 1.0.1
2025-09-21 15:01:16,287 [INFO] ThirdParty:1030 - CMSIS Pack Vendor :STMicroelectronics MBEDTLS 2.14.1
2025-09-21 15:01:16,287 [INFO] ThirdParty:1030 - CMSIS Pack Vendor :STMicroelectronics X-CUBE-NFC6 3.0.0
2025-09-21 15:01:16,287 [INFO] ThirdParty:1030 - CMSIS Pack Vendor :STMicroelectronics X-CUBE-BLEMGR 3.1.0
2025-09-21 15:01:16,287 [INFO] ThirdParty:1030 - CMSIS Pack Vendor :STMicroelectronics X-CUBE-AI 10.0.0
2025-09-21 15:01:16,287 [INFO] ThirdParty:1030 - CMSIS Pack Vendor :STMicroelectronics FP-SNS-SMARTAG2 1.2.0
2025-09-21 15:01:16,288 [INFO] ThirdParty:1030 - CMSIS Pack Vendor :STMicroelectronics FP-SNS-FLIGHT1 5.1.0
2025-09-21 15:01:16,288 [INFO] ThirdParty:1030 - CMSIS Pack Vendor :STMicroelectronics X-CUBE-MEMS1 11.1.0
2025-09-21 15:01:16,288 [INFO] ThirdParty:1030 - CMSIS Pack Vendor :STMicroelectronics X-CUBE-AZRTOS-WL 2.0.0
2025-09-21 15:01:16,288 [INFO] ThirdParty:1030 - CMSIS Pack Vendor :STMicroelectronics X-CUBE-DPower 1.3.0
2025-09-21 15:01:16,288 [INFO] ThirdParty:1030 - CMSIS Pack Vendor :STMicroelectronics FP-SNS-MOTENV1 5.0.0
2025-09-21 15:01:16,288 [INFO] ThirdParty:1030 - CMSIS Pack Vendor :STMicroelectronics USB_DEVICE 1.0.0
2025-09-21 15:01:16,288 [INFO] ThirdParty:1030 - CMSIS Pack Vendor :STMicroelectronics X-CUBE-AI 8.1.0
2025-09-21 15:01:16,288 [INFO] ThirdParty:1030 - CMSIS Pack Vendor :wolfSSL I-CUBE-wolfMQTT 1.19.0
2025-09-21 15:01:16,288 [INFO] ThirdParty:1030 - CMSIS Pack Vendor :STMicroelectronics X-CUBE-AZRTOS-L4 2.0.0
2025-09-21 15:01:16,288 [INFO] ThirdParty:1030 - CMSIS Pack Vendor :STMicroelectronics ThreadX 0.0.2
2025-09-21 15:01:16,288 [INFO] ThirdParty:1030 - CMSIS Pack Vendor :WES I-CUBE-Cesium 1.3.0
2025-09-21 15:01:16,288 [INFO] ThirdParty:1030 - CMSIS Pack Vendor :STMicroelectronics lwIP 2.1.2
2025-09-21 15:01:16,289 [INFO] ThirdParty:1030 - CMSIS Pack Vendor :STMicroelectronics X-CUBE-SFXS2LP1 4.0.0
2025-09-21 15:01:16,289 [INFO] ThirdParty:1030 - CMSIS Pack Vendor :STMicroelectronics X-CUBE-BLE2 3.3.0
2025-09-21 15:01:16,289 [INFO] ThirdParty:1030 - CMSIS Pack Vendor :STMicroelectronics PDM2PCM 3.2.0
2025-09-21 15:01:16,289 [INFO] ThirdParty:1030 - CMSIS Pack Vendor :STMicroelectronics X-CUBE-AZRTOS-H7 3.3.0
2025-09-21 15:01:16,289 [INFO] ThirdParty:1030 - CMSIS Pack Vendor :STMicroelectronics X-CUBE-NFC9 1.0.0
2025-09-21 15:01:16,289 [INFO] ThirdParty:1030 - CMSIS Pack Vendor :STMicroelectronics X-CUBE-BLE1 7.1.0
2025-09-21 15:01:16,289 [INFO] ThirdParty:1030 - CMSIS Pack Vendor :STMicroelectronics USB_DEVICE 3.0.0
2025-09-21 15:01:16,289 [INFO] ThirdParty:1030 - CMSIS Pack Vendor :STMicroelectronics X-CUBE-TCPP 4.1.0
2025-09-21 15:01:16,290 [INFO] ThirdParty:1030 - CMSIS Pack Vendor :STMicroelectronics X-CUBE-EEPRMA1 5.2.0
2025-09-21 15:01:16,290 [INFO] ThirdParty:1030 - CMSIS Pack Vendor :STMicroelectronics X-CUBE-BLEMGR 4.1.0
2025-09-21 15:01:16,291 [INFO] ThirdParty:1030 - CMSIS Pack Vendor :STMicroelectronics X-CUBE-IPS 3.0.0
2025-09-21 15:01:16,293 [INFO] ThirdParty:1030 - CMSIS Pack Vendor :STMicroelectronics X-CUBE-AZRTOS-WB 2.0.0
2025-09-21 15:01:16,293 [INFO] ThirdParty:1030 - CMSIS Pack Vendor :STMicroelectronics X-CUBE-GNSS1 7.0.0
2025-09-21 15:01:16,293 [INFO] ThirdParty:1030 - CMSIS Pack Vendor :STMicroelectronics X-CUBE-GNSS1 7.0.1
2025-09-21 15:01:16,294 [INFO] ThirdParty:1030 - CMSIS Pack Vendor :STMicroelectronics X-CUBE-TOUCHGFX 4.25.0
2025-09-21 15:01:16,294 [INFO] ThirdParty:1030 - CMSIS Pack Vendor :STMicroelectronics X-CUBE-AI 10.1.0
2025-09-21 15:01:16,294 [INFO] ThirdParty:1030 - CMSIS Pack Vendor :STMicroelectronics FP-SNS-STBOX1 2.0.0
2025-09-21 15:01:16,296 [INFO] ThirdParty:1030 - CMSIS Pack Vendor :STMicroelectronics X-CUBE-ALGOBUILD 1.3.0
2025-09-21 15:01:16,296 [INFO] ThirdParty:1030 - CMSIS Pack Vendor :STMicroelectronics X-CUBE-MEMS1 11.2.0
2025-09-21 15:01:16,296 [INFO] ThirdParty:1030 - CMSIS Pack Vendor :STMicroelectronics X-CUBE-AZRTOS-G0 1.1.0
2025-09-21 15:01:16,297 [INFO] ThirdParty:1030 - CMSIS Pack Vendor :STMicroelectronics X-CUBE-SAFEA1 1.2.2
2025-09-21 15:01:16,297 [INFO] ThirdParty:1030 - CMSIS Pack Vendor :STMicroelectronics X-CUBE-NFC4 3.0.0
2025-09-21 15:01:16,297 [INFO] ThirdParty:1030 - CMSIS Pack Vendor :STMicroelectronics X-CUBE-SUBG2 5.0.0
2025-09-21 15:01:16,297 [INFO] ThirdParty:1030 - CMSIS Pack Vendor :STMicroelectronics X-CUBE-AZRTOS-H7RS 1.1.0
2025-09-21 15:01:16,297 [INFO] ThirdParty:1030 - CMSIS Pack Vendor :STMicroelectronics STM32_WPAN 1.0.0
2025-09-21 15:01:16,297 [INFO] ThirdParty:1030 - CMSIS Pack Vendor :EmbeddedOffice I-CUBE-FS-RTOS 1.0.1
2025-09-21 15:01:16,297 [INFO] ThirdParty:1030 - CMSIS Pack Vendor :STMicroelectronics lwIP 2.0.3
2025-09-21 15:01:16,297 [INFO] ThirdParty:1030 - CMSIS Pack Vendor :Cesanta I-CUBE-Mongoose 7.13.0
2025-09-21 15:01:16,297 [INFO] ThirdParty:1030 - CMSIS Pack Vendor :STMicroelectronics USB_HOST 1.0.0
2025-09-21 15:01:16,297 [INFO] ThirdParty:1030 - CMSIS Pack Vendor :STMicroelectronics X-CUBE-AZRTOS-G4 2.0.0
2025-09-21 15:01:16,297 [INFO] ThirdParty:1030 - CMSIS Pack Vendor :STMicroelectronics X-CUBE-WB05N 2.0.0
2025-09-21 15:01:16,297 [INFO] ThirdParty:1030 - CMSIS Pack Vendor :STMicroelectronics PDM2PCM 3.1.0
2025-09-21 15:01:16,297 [INFO] ThirdParty:1030 - CMSIS Pack Vendor :STMicroelectronics X-CUBE-BLEMGR 3.0.0
2025-09-21 15:01:16,297 [INFO] ThirdParty:1030 - CMSIS Pack Vendor :STMicroelectronics X-CUBE-NFC7 2.0.0
2025-09-21 15:01:16,297 [INFO] ThirdParty:1030 - CMSIS Pack Vendor :STMicroelectronics X-CUBE-TCPP 4.2.0
2025-09-21 15:01:16,297 [INFO] ThirdParty:1030 - CMSIS Pack Vendor :RealThread X-CUBE-RT-Thread_Nano 4.1.1
2025-09-21 15:01:16,298 [INFO] ThirdParty:1030 - CMSIS Pack Vendor :wolfSSL I-CUBE-wolfSSL 5.7.0
2025-09-21 15:01:16,298 [INFO] ThirdParty:1030 - CMSIS Pack Vendor :STMicroelectronics FP-SNS-MOTENVWB1 1.3.1
2025-09-21 15:01:16,298 [INFO] ThirdParty:1030 - CMSIS Pack Vendor :STMicroelectronics FP-ATR-SIGFOX1 3.2.0
2025-09-21 15:01:16,298 [INFO] ThirdParty:1030 - CMSIS Pack Vendor :quantropi X-CUBE-qispace-sdk-base 1.9.3
2025-09-21 15:01:16,298 [INFO] ThirdParty:1030 - CMSIS Pack Vendor :STMicroelectronics X-CUBE-ISPU 2.0.0
2025-09-21 15:01:16,298 [INFO] ThirdParty:1030 - CMSIS Pack Vendor :STMicroelectronics X-CUBE-EEPRMA1 5.1.0
2025-09-21 15:01:16,298 [INFO] ThirdParty:1030 - CMSIS Pack Vendor :STMicroelectronics MBEDTLS 2.16.2
2025-09-21 15:01:16,298 [INFO] ThirdParty:1030 - CMSIS Pack Vendor :STMicroelectronics X-CUBE-IPS 3.1.0
2025-09-21 15:01:16,298 [INFO] ThirdParty:1030 - CMSIS Pack Vendor :STMicroelectronics X-CUBE-ALS 1.0.2
2025-09-21 15:01:16,298 [INFO] ThirdParty:1030 - CMSIS Pack Vendor :STMicroelectronics X-CUBE-MEMS1 10.0.0
2025-09-21 15:01:16,298 [INFO] ThirdParty:1030 - CMSIS Pack Vendor :STMicroelectronics X-CUBE-FREERTOS 1.1.0
2025-09-21 15:01:16,298 [INFO] ThirdParty:1030 - CMSIS Pack Vendor :STMicroelectronics X-CUBE-TOUCHGFX 4.24.0
2025-09-21 15:01:16,299 [INFO] ThirdParty:1030 - CMSIS Pack Vendor :ITTIA_DB I-CUBE-ITTIADB 8.9.0
2025-09-21 15:01:16,299 [INFO] ThirdParty:1030 - CMSIS Pack Vendor :STMicroelectronics X-CUBE-TOUCHGFX 4.24.2
2025-09-21 15:01:16,299 [INFO] ThirdParty:1030 - CMSIS Pack Vendor :STMicroelectronics X-CUBE-TOUCHGFX 4.24.1
2025-09-21 15:01:16,299 [INFO] ThirdParty:1030 - CMSIS Pack Vendor :STMicroelectronics X-CUBE-STSE01 1.0.0
2025-09-21 15:01:16,299 [INFO] ThirdParty:1030 - CMSIS Pack Vendor :wolfSSL I-CUBE-wolfTPM 3.4.0
2025-09-21 15:01:16,299 [INFO] ThirdParty:1030 - CMSIS Pack Vendor :portGmbH I-Cube-SoM-uGOAL 1.1.0
2025-09-21 15:01:16,299 [INFO] ThirdParty:1030 - CMSIS Pack Vendor :STMicroelectronics X-CUBE-ALS 1.0.1
2025-09-21 15:01:16,300 [INFO] ThirdParty:1030 - CMSIS Pack Vendor :STMicroelectronics X-CUBE-ST67W61 1.0.0
2025-09-21 15:01:16,300 [INFO] ThirdParty:1030 - CMSIS Pack Vendor :STMicroelectronics X-CUBE-AI 10.2.0
2025-09-21 15:01:16,300 [INFO] ThirdParty:1030 - CMSIS Pack Vendor :STMicroelectronics ThreadX 1.0.0
2025-09-21 15:01:16,300 [INFO] ThirdParty:1030 - CMSIS Pack Vendor :SEGGER I-CUBE-embOS 1.3.1
2025-09-21 15:01:16,300 [INFO] ThirdParty:1030 - CMSIS Pack Vendor :STMicroelectronics X-CUBE-ALGOBUILD 1.4.0
2025-09-21 15:01:16,300 [INFO] ThirdParty:1030 - CMSIS Pack Vendor :STMicroelectronics X-CUBE-MEMS1 11.3.0
2025-09-21 15:01:16,301 [INFO] ThirdParty:1030 - CMSIS Pack Vendor :STMicroelectronics X-CUBE-AZRTOS-H7RS 1.0.0
2025-09-21 15:01:16,301 [INFO] ThirdParty:1030 - CMSIS Pack Vendor :STMicroelectronics FP-ATR-ASTRA1 2.0.0
2025-09-21 15:01:16,301 [INFO] ThirdParty:1030 - CMSIS Pack Vendor :STMicroelectronics X-CUBE-TOF1 3.4.2
2025-09-21 15:01:16,301 [INFO] ThirdParty:1030 - CMSIS Pack Vendor :STMicroelectronics X-CUBE-TOF1 3.4.3
2025-09-21 15:01:16,301 [INFO] ThirdParty:1030 - CMSIS Pack Vendor :STMicroelectronics X-CUBE-AI 9.1.0
2025-09-21 15:01:16,301 [INFO] ThirdParty:1030 - CMSIS Pack Vendor :STMicroelectronics X-CUBE-TOF1 3.4.0
2025-09-21 15:01:16,301 [INFO] ThirdParty:1030 - CMSIS Pack Vendor :STMicroelectronics X-CUBE-TOF1 3.4.1
2025-09-21 15:01:16,301 [INFO] ThirdParty:1030 - CMSIS Pack Vendor :STMicroelectronics X-CUBE-AZRTOS-H7 3.2.0
2025-09-21 15:01:16,302 [INFO] ThirdParty:1030 - CMSIS Pack Vendor :Infineon AIROC-Wi-Fi-Bluetooth-STM32 1.6.0
2025-09-21 15:01:16,302 [INFO] ThirdParty:1030 - CMSIS Pack Vendor :wolfSSL I-CUBE-wolfSSH 1.4.17
2025-09-21 15:01:16,302 [INFO] ThirdParty:841 - exiting critical section [change project]
2025-09-21 15:01:17,403 [INFO] PinOutPanel:1589 - setPackage(No Configuration,No Configuration)
2025-09-21 15:01:17,405 [INFO] PinOutPanel:1589 - setPackage(STM32F103C8Tx,LQFP48)
2025-09-21 15:01:18,185 [INFO] UtilMem:75 - Before build in PCC Used Memory: 618655424 Bytes (1073741824)
2025-09-21 15:01:19,659 [INFO] UtilMem:75 - After build in PCC Used Memory: 689958608 Bytes (1073741824)
2025-09-21 15:01:19,712 [INFO] IPUIPlugin:80 - create IPUIPlugin
2025-09-21 15:01:19,713 [INFO] IPUIPlugin:80 - create IPUIPlugin
2025-09-21 15:01:19,714 [INFO] IPUIPlugin:80 - create IPUIPlugin
2025-09-21 15:01:19,715 [INFO] IPUIPlugin:80 - create IPUIPlugin
2025-09-21 15:01:19,715 [INFO] IPUIPlugin:80 - create IPUIPlugin
2025-09-21 15:01:19,715 [INFO] IPUIPlugin:80 - create IPUIPlugin
2025-09-21 15:01:19,715 [INFO] IPUIPlugin:80 - create IPUIPlugin
2025-09-21 15:01:19,716 [INFO] IPUIPlugin:80 - create IPUIPlugin
2025-09-21 15:01:19,716 [INFO] IPUIPlugin:80 - create IPUIPlugin
2025-09-21 15:01:19,716 [INFO] IPUIPlugin:80 - create IPUIPlugin
2025-09-21 15:01:19,716 [INFO] IPUIPlugin:80 - create IPUIPlugin
2025-09-21 15:01:19,716 [INFO] IPUIPlugin:80 - create IPUIPlugin
2025-09-21 15:01:19,716 [INFO] IPUIPlugin:80 - create IPUIPlugin
2025-09-21 15:01:19,717 [INFO] IPUIPlugin:80 - create IPUIPlugin
2025-09-21 15:01:19,717 [INFO] IPUIPlugin:80 - create IPUIPlugin
2025-09-21 15:01:19,717 [INFO] IPUIPlugin:80 - create IPUIPlugin
2025-09-21 15:01:19,717 [INFO] IPUIPlugin:80 - create IPUIPlugin
2025-09-21 15:01:19,717 [INFO] IPUIPlugin:80 - create IPUIPlugin
2025-09-21 15:01:19,718 [INFO] IPUIPlugin:80 - create IPUIPlugin
2025-09-21 15:01:19,718 [INFO] IPUIPlugin:80 - create IPUIPlugin
2025-09-21 15:01:19,718 [INFO] IPUIPlugin:80 - create IPUIPlugin
2025-09-21 15:01:19,718 [INFO] IPUIPlugin:80 - create IPUIPlugin
2025-09-21 15:01:19,718 [INFO] IPUIPlugin:80 - create IPUIPlugin
2025-09-21 15:01:19,719 [INFO] IPUIPlugin:80 - create IPUIPlugin
2025-09-21 15:01:19,719 [INFO] IPUIPlugin:80 - create IPUIPlugin
2025-09-21 15:01:19,720 [INFO] IPUIPlugin:80 - create IPUIPlugin
2025-09-21 15:01:19,720 [INFO] IPUIPlugin:80 - create IPUIPlugin
2025-09-21 15:01:19,982 [INFO] CADModel:165 - CPN selected for project levelSTM32F103C8T6
2025-09-21 15:01:19,982 [INFO] CADModel:114 - Register for checkConnection events
2025-09-21 15:01:20,037 [INFO] OpenFileManager:385 - Restore cursor
2025-09-21 15:01:21,272 [INFO] UtilMem:75 - End SaveConfig() Used Memory: 769500368 Bytes (1073741824)
2025-09-21 15:01:21,438 [INFO] UtilMem:75 - End SaveConfig() Used Memory: 783281856 Bytes (1073741824)
2025-09-21 15:01:22,166 [INFO] BlockDiagram:2775 - set Specific Code input for plugin: NVIC
2025-09-21 15:01:22,167 [INFO] BlockDiagram:2775 - set Specific Code input for plugin: RCC
2025-09-21 15:01:22,179 [INFO] CodeGenerator:882 - code generatio: config db path: C:\ST\STM32CubeIDE_1.18.0\STM32CubeIDE\plugins\com.st.stm32cube.common.mx_6.14.1.202504091515\\db\
2025-09-21 15:01:22,412 [INFO] CodeEngine:263 - oldGeneratedFile, C:\GIT\GIT_AULAS_FATEC\Exemplos_Codigo_STM32\EX1_Botao_UART\MXTmpFiles\license.tmp_save
2025-09-21 15:01:22,879 [INFO] CodeEngine:287 - Generated code: C:\GIT\GIT_AULAS_FATEC\Exemplos_Codigo_STM32\EX1_Botao_UART\MXTmpFiles\license.tmp
2025-09-21 15:01:22,903 [INFO] CodeEngine:263 - oldGeneratedFile, C:\GIT\GIT_AULAS_FATEC\Exemplos_Codigo_STM32\EX1_Botao_UART\Core\Src\stm32f1xx_it.c_save
2025-09-21 15:01:23,127 [INFO] CodeEngine:287 - Generated code: C:\GIT\GIT_AULAS_FATEC\Exemplos_Codigo_STM32\EX1_Botao_UART\Core\Src\stm32f1xx_it.c
2025-09-21 15:01:23,136 [INFO] CodeEngine:263 - oldGeneratedFile, C:\GIT\GIT_AULAS_FATEC\Exemplos_Codigo_STM32\EX1_Botao_UART\Core\Inc\stm32f1xx_it.h_save
2025-09-21 15:01:23,249 [INFO] CodeEngine:287 - Generated code: C:\GIT\GIT_AULAS_FATEC\Exemplos_Codigo_STM32\EX1_Botao_UART\Core\Inc\stm32f1xx_it.h
2025-09-21 15:01:23,387 [INFO] CodeEngine:263 - oldGeneratedFile, C:\GIT\GIT_AULAS_FATEC\Exemplos_Codigo_STM32\EX1_Botao_UART\Core\Src\stm32f1xx_hal_msp.c_save
2025-09-21 15:01:23,580 [INFO] CodeEngine:287 - Generated code: C:\GIT\GIT_AULAS_FATEC\Exemplos_Codigo_STM32\EX1_Botao_UART\Core\Src\stm32f1xx_hal_msp.c
2025-09-21 15:01:23,588 [INFO] CodeEngine:263 - oldGeneratedFile, C:\GIT\GIT_AULAS_FATEC\Exemplos_Codigo_STM32\EX1_Botao_UART\MXTmpFiles\system.tmp_save
2025-09-21 15:01:23,679 [INFO] CodeEngine:287 - Generated code: C:\GIT\GIT_AULAS_FATEC\Exemplos_Codigo_STM32\EX1_Botao_UART\MXTmpFiles\system.tmp
2025-09-21 15:01:23,697 [INFO] CodeEngine:319 - oldGeneratedFile, C:\GIT\GIT_AULAS_FATEC\Exemplos_Codigo_STM32\EX1_Botao_UART\Core\Inc\stm32f1xx_hal_conf.h_save
2025-09-21 15:01:23,805 [INFO] CodeEngine:343 - Generated code: C:\GIT\GIT_AULAS_FATEC\Exemplos_Codigo_STM32\EX1_Botao_UART\Core\Inc\stm32f1xx_hal_conf.h
2025-09-21 15:01:23,854 [INFO] ApiDbMcu:508 - Load IP Config File for RCC
2025-09-21 15:01:23,869 [INFO] CodeEngine:263 - oldGeneratedFile, C:\GIT\GIT_AULAS_FATEC\Exemplos_Codigo_STM32\EX1_Botao_UART\Core\Inc\main.h_save
2025-09-21 15:01:24,011 [INFO] CodeEngine:287 - Generated code: C:\GIT\GIT_AULAS_FATEC\Exemplos_Codigo_STM32\EX1_Botao_UART\Core\Inc\main.h
2025-09-21 15:01:24,017 [INFO] CodeEngine:263 - oldGeneratedFile, C:\GIT\GIT_AULAS_FATEC\Exemplos_Codigo_STM32\EX1_Botao_UART\Core\Src\main.c_save
2025-09-21 15:01:24,301 [INFO] CodeEngine:287 - Generated code: C:\GIT\GIT_AULAS_FATEC\Exemplos_Codigo_STM32\EX1_Botao_UART\Core\Src\main.c
2025-09-21 15:01:24,839 [INFO] ProjectBuilder:3324 - Time for Copy HAL[1] : 251mS.
2025-09-21 15:01:24,848 [INFO] ProjectBuilder:4912 - Project Generator version: 4.6.0.1-B1
2025-09-21 15:01:24,987 [INFO] ConfigFileManager:1590 - The Die is : DIE410
2025-09-21 15:01:24,999 [INFO] ApiDbMcu:508 - Load IP Config File for FATFS
2025-09-21 15:01:25,007 [INFO] ApiDbMcu:508 - Load IP Config File for FREERTOS
2025-09-21 15:01:25,017 [INFO] ApiDbMcu:508 - Load IP Config File for USB_DEVICE
2025-09-21 15:01:25,520 [INFO] LogOutputStream:77 - [STDOUT_REDIRECT] 
2025-09-21 15:01:31,444 [INFO] ProjectBuilder:5191 - Time for Generating toolchain IDE Files: 6596mS.
2025-09-21 15:01:31,445 [INFO] ProjectBuilder:3181 - Time for Copy CMSIS : 0mS.
2025-09-21 15:01:31,450 [INFO] ProjectBuilder:3181 - Time for Copy CMSIS : 1mS.
2025-09-21 15:01:33,696 [INFO] McuFinderGlobals:76 - Set McuFinderConnectedMode to true
2025-09-21 15:01:33,706 [INFO] ApiDb:448 - Save user favorites file C:\Users\User/.stm32cubeide/favorites.mcus.txt: 1 item(s)
2025-09-21 15:01:33,707 [INFO] ApiDb:452 - User favorites MCUs=[STM32F103C8T6]
2025-09-21 15:01:34,583 [ERROR] LogOutputStream:75 - [STDERR_REDIRECT] Exception in thread "AWT-EventQueue-0" java.awt.IllegalComponentStateException: Native resources unavailable
2025-09-21 15:01:34,585 [ERROR] LogOutputStream:75 - [STDERR_REDIRECT] 	at java.desktop/sun.awt.windows.WWindowPeer.getScreenImOn(Native Method)
2025-09-21 15:01:34,590 [ERROR] LogOutputStream:75 - [STDERR_REDIRECT] 	at java.desktop/sun.awt.windows.WWindowPeer.updateGC(WWindowPeer.java:566)
2025-09-21 15:01:34,596 [ERROR] LogOutputStream:75 - [STDERR_REDIRECT] 	at java.desktop/java.awt.event.InvocationEvent.dispatch(InvocationEvent.java:318)
2025-09-21 15:01:34,599 [ERROR] LogOutputStream:75 - [STDERR_REDIRECT] 	at java.desktop/java.awt.EventQueue.dispatchEventImpl(EventQueue.java:773)
2025-09-21 15:01:34,601 [ERROR] LogOutputStream:75 - [STDERR_REDIRECT] 	at java.desktop/java.awt.EventQueue$4.run(EventQueue.java:720)
2025-09-21 15:01:34,604 [ERROR] LogOutputStream:75 - [STDERR_REDIRECT] 	at java.desktop/java.awt.EventQueue$4.run(EventQueue.java:714)
2025-09-21 15:01:34,610 [ERROR] LogOutputStream:75 - [STDERR_REDIRECT] 	at java.base/java.security.AccessController.doPrivileged(AccessController.java:400)
2025-09-21 15:01:34,614 [ERROR] LogOutputStream:75 - [STDERR_REDIRECT] 	at java.base/java.security.ProtectionDomain$JavaSecurityAccessImpl.doIntersectionPrivilege(ProtectionDomain.java:87)
2025-09-21 15:01:34,618 [ERROR] LogOutputStream:75 - [STDERR_REDIRECT] 	at java.base/java.security.ProtectionDomain$JavaSecurityAccessImpl.doIntersectionPrivilege(ProtectionDomain.java:98)
2025-09-21 15:01:34,620 [ERROR] LogOutputStream:75 - [STDERR_REDIRECT] 	at java.desktop/java.awt.EventQueue$5.run(EventQueue.java:747)
2025-09-21 15:01:34,624 [ERROR] LogOutputStream:75 - [STDERR_REDIRECT] 	at java.desktop/java.awt.EventQueue$5.run(EventQueue.java:745)
2025-09-21 15:01:34,630 [ERROR] LogOutputStream:75 - [STDERR_REDIRECT] 	at java.base/java.security.AccessController.doPrivileged(AccessController.java:400)
2025-09-21 15:01:34,636 [ERROR] LogOutputStream:75 - [STDERR_REDIRECT] 	at java.base/java.security.ProtectionDomain$JavaSecurityAccessImpl.doIntersectionPrivilege(ProtectionDomain.java:87)
2025-09-21 15:01:34,639 [ERROR] LogOutputStream:75 - [STDERR_REDIRECT] 	at java.desktop/java.awt.EventQueue.dispatchEvent(EventQueue.java:744)
2025-09-21 15:01:34,644 [ERROR] LogOutputStream:75 - [STDERR_REDIRECT] 	at java.desktop/java.awt.EventDispatchThread.pumpOneEventForFilters(EventDispatchThread.java:203)
2025-09-21 15:01:34,646 [ERROR] LogOutputStream:75 - [STDERR_REDIRECT] 	at java.desktop/java.awt.EventDispatchThread.pumpEventsForFilter(EventDispatchThread.java:124)
2025-09-21 15:01:34,648 [ERROR] LogOutputStream:75 - [STDERR_REDIRECT] 	at java.desktop/java.awt.EventDispatchThread.pumpEventsForHierarchy(EventDispatchThread.java:113)
2025-09-21 15:01:34,650 [ERROR] LogOutputStream:75 - [STDERR_REDIRECT] 	at java.desktop/java.awt.EventDispatchThread.pumpEvents(EventDispatchThread.java:109)
2025-09-21 15:01:34,653 [ERROR] LogOutputStream:75 - [STDERR_REDIRECT] 	at java.desktop/java.awt.EventDispatchThread.pumpEvents(EventDispatchThread.java:101)
2025-09-21 15:01:34,661 [ERROR] LogOutputStream:75 - [STDERR_REDIRECT] 	at java.desktop/java.awt.EventDispatchThread.run(EventDispatchThread.java:90)
2025-09-21 15:02:05,753 [INFO] Gpio:277 - dependency for GPIO [RCC]
2025-09-21 15:02:18,097 [INFO] Gpio:277 - dependency for GPIO [RCC]
2025-09-21 15:06:48,134 [INFO] Gpio:277 - dependency for GPIO [RCC]
2025-09-21 15:09:15,071 [INFO] NvicIntPanel:101 - NVIC parent = com.st.microxplorer.plugins.ip.nvic.MultiNvicIntPanel[,0,0,705x363,layout=javax.swing.BoxLayout,alignmentX=0.0,alignmentY=0.0,border=,flags=9,maximumSize=,minimumSize=,preferredSize=]
2025-09-21 15:15:12,479 [INFO] UtilMem:75 - End SaveConfig() Used Memory: 768412704 Bytes (1073741824)
2025-09-21 15:15:19,165 [INFO] UtilMem:75 - End SaveConfig() Used Memory: 909786160 Bytes (1073741824)
2025-09-21 15:15:19,807 [INFO] BlockDiagram:2775 - set Specific Code input for plugin: NVIC
2025-09-21 15:15:19,809 [INFO] BlockDiagram:2775 - set Specific Code input for plugin: USART
2025-09-21 15:15:19,810 [INFO] BlockDiagram:2775 - set Specific Code input for plugin: SYS
2025-09-21 15:15:19,811 [INFO] BlockDiagram:2775 - set Specific Code input for plugin: GPIO
2025-09-21 15:15:19,813 [INFO] BlockDiagram:2775 - set Specific Code input for plugin: RCC
2025-09-21 15:15:19,819 [INFO] CodeGenerator:882 - code generatio: config db path: C:\ST\STM32CubeIDE_1.18.0\STM32CubeIDE\plugins\com.st.stm32cube.common.mx_6.14.1.202504091515\\db\
2025-09-21 15:15:19,969 [INFO] CodeEngine:263 - oldGeneratedFile, C:\GIT\GIT_AULAS_FATEC\Exemplos_Codigo_STM32\EX1_Botao_UART\MXTmpFiles\license.tmp_save
2025-09-21 15:15:20,269 [INFO] CodeEngine:287 - Generated code: C:\GIT\GIT_AULAS_FATEC\Exemplos_Codigo_STM32\EX1_Botao_UART\MXTmpFiles\license.tmp
2025-09-21 15:15:20,351 [INFO] CodeEngine:263 - oldGeneratedFile, C:\GIT\GIT_AULAS_FATEC\Exemplos_Codigo_STM32\EX1_Botao_UART\MXTmpFiles\gpio.tmp_save
2025-09-21 15:15:20,514 [INFO] CodeEngine:287 - Generated code: C:\GIT\GIT_AULAS_FATEC\Exemplos_Codigo_STM32\EX1_Botao_UART\MXTmpFiles\gpio.tmp
2025-09-21 15:15:20,632 [INFO] CodeEngine:263 - oldGeneratedFile, C:\GIT\GIT_AULAS_FATEC\Exemplos_Codigo_STM32\EX1_Botao_UART\Core\Src\stm32f1xx_it.c_save
2025-09-21 15:15:21,002 [INFO] CodeEngine:287 - Generated code: C:\GIT\GIT_AULAS_FATEC\Exemplos_Codigo_STM32\EX1_Botao_UART\Core\Src\stm32f1xx_it.c
2025-09-21 15:15:21,015 [INFO] CodeEngine:263 - oldGeneratedFile, C:\GIT\GIT_AULAS_FATEC\Exemplos_Codigo_STM32\EX1_Botao_UART\Core\Inc\stm32f1xx_it.h_save
2025-09-21 15:15:21,165 [INFO] CodeEngine:287 - Generated code: C:\GIT\GIT_AULAS_FATEC\Exemplos_Codigo_STM32\EX1_Botao_UART\Core\Inc\stm32f1xx_it.h
2025-09-21 15:15:21,197 [INFO] CodeEngine:263 - oldGeneratedFile, C:\GIT\GIT_AULAS_FATEC\Exemplos_Codigo_STM32\EX1_Botao_UART\Core\Src\stm32f1xx_hal_msp.c_save
2025-09-21 15:15:21,469 [INFO] CodeEngine:287 - Generated code: C:\GIT\GIT_AULAS_FATEC\Exemplos_Codigo_STM32\EX1_Botao_UART\Core\Src\stm32f1xx_hal_msp.c
2025-09-21 15:15:21,481 [INFO] CodeEngine:263 - oldGeneratedFile, C:\GIT\GIT_AULAS_FATEC\Exemplos_Codigo_STM32\EX1_Botao_UART\MXTmpFiles\system.tmp_save
2025-09-21 15:15:21,605 [INFO] CodeEngine:287 - Generated code: C:\GIT\GIT_AULAS_FATEC\Exemplos_Codigo_STM32\EX1_Botao_UART\MXTmpFiles\system.tmp
2025-09-21 15:15:21,635 [INFO] CodeEngine:319 - oldGeneratedFile, C:\GIT\GIT_AULAS_FATEC\Exemplos_Codigo_STM32\EX1_Botao_UART\Core\Inc\stm32f1xx_hal_conf.h_save
2025-09-21 15:15:21,805 [INFO] CodeEngine:343 - Generated code: C:\GIT\GIT_AULAS_FATEC\Exemplos_Codigo_STM32\EX1_Botao_UART\Core\Inc\stm32f1xx_hal_conf.h
2025-09-21 15:15:21,870 [INFO] ApiDbMcu:508 - Load IP Config File for USART1
2025-09-21 15:15:21,896 [INFO] CodeEngine:263 - oldGeneratedFile, C:\GIT\GIT_AULAS_FATEC\Exemplos_Codigo_STM32\EX1_Botao_UART\Core\Inc\main.h_save
2025-09-21 15:15:22,166 [INFO] CodeEngine:287 - Generated code: C:\GIT\GIT_AULAS_FATEC\Exemplos_Codigo_STM32\EX1_Botao_UART\Core\Inc\main.h
2025-09-21 15:15:22,189 [INFO] CodeEngine:263 - oldGeneratedFile, C:\GIT\GIT_AULAS_FATEC\Exemplos_Codigo_STM32\EX1_Botao_UART\Core\Src\main.c_save
2025-09-21 15:15:22,425 [INFO] CodeEngine:287 - Generated code: C:\GIT\GIT_AULAS_FATEC\Exemplos_Codigo_STM32\EX1_Botao_UART\Core\Src\main.c
2025-09-21 15:15:23,020 [INFO] ProjectBuilder:3324 - Time for Copy HAL[1] : 283mS.
2025-09-21 15:15:23,030 [INFO] ProjectBuilder:4912 - Project Generator version: 4.6.0.1-B1
2025-09-21 15:15:23,157 [INFO] ConfigFileManager:1590 - The Die is : DIE410
2025-09-21 15:15:25,284 [INFO] ProjectBuilder:5191 - Time for Generating toolchain IDE Files: 2254mS.
2025-09-21 15:15:25,285 [INFO] ProjectBuilder:3181 - Time for Copy CMSIS : 1mS.
2025-09-21 15:15:25,291 [INFO] ProjectBuilder:3181 - Time for Copy CMSIS : 0mS.
2025-09-21 17:53:52,506 [INFO] MainUpdater:2872 - connection check result : 10
2025-09-21 17:53:52,636 [INFO] McuFinderGlobals:76 - Set McuFinderConnectedMode to true
2025-09-21 17:53:52,637 [INFO] MultiScanPanel:200 - Auto-refresh data requested => check proxy status ongoing
2025-09-21 17:53:52,639 [INFO] FinderPluginLoader:95 - Searching for filters in installed packs
2025-09-21 17:53:54,199 [INFO] LoadUrlFilesThread:185 - End of LoadServerUrlFiles without Thread
2025-09-21 17:53:54,199 [INFO] DetailPanel:341 - Set advertising image to C:/Users/User/STM32Cube/Repository/\en.2400x1350px.jpeg
2025-09-21 17:54:26,477 [INFO] MainUpdater:2872 - connection check result : 10
2025-09-21 17:54:26,477 [INFO] MainUpdater:2872 - connection check result : 10
2025-09-21 17:54:26,510 [INFO] MicroXplorer:468 - Change Database Path : 
2025-09-21 17:54:26,511 [INFO] MicroXplorer:498 - Change Database Version : DB.6.0.141
2025-09-21 17:54:26,582 [ERROR] ProjectManagerView:395 - 
java.lang.NullPointerException: Cannot invoke "javax.swing.JTextField.getText()" because the return value of "java.util.List.get(int)" is null
	at com.st.microxplorer.plugins.projectmanager.gui.ProjectChoiceTab$9.caretUpdate(ProjectChoiceTab.java:2678) ~[filemanager.jar:?]
	at javax.swing.text.JTextComponent.fireCaretUpdate(JTextComponent.java:408) ~[?:?]
	at javax.swing.text.JTextComponent$MutableCaretEvent.fire(JTextComponent.java:4484) ~[?:?]
	at javax.swing.text.JTextComponent$MutableCaretEvent.stateChanged(JTextComponent.java:4506) ~[?:?]
	at javax.swing.text.DefaultCaret.fireStateChanged(DefaultCaret.java:857) ~[?:?]
	at javax.swing.text.DefaultCaret.changeCaretPosition(DefaultCaret.java:1343) ~[?:?]
	at javax.swing.text.DefaultCaret.handleSetDot(DefaultCaret.java:1242) ~[?:?]
	at javax.swing.text.DefaultCaret.setDot(DefaultCaret.java:1223) ~[?:?]
	at javax.swing.text.DefaultCaret$Handler.insertUpdate(DefaultCaret.java:1819) ~[?:?]
	at javax.swing.text.AbstractDocument.fireInsertUpdate(AbstractDocument.java:227) ~[?:?]
	at javax.swing.text.AbstractDocument.handleInsertString(AbstractDocument.java:781) ~[?:?]
	at javax.swing.text.AbstractDocument.insertString(AbstractDocument.java:740) ~[?:?]
	at javax.swing.text.PlainDocument.insertString(PlainDocument.java:131) ~[?:?]
	at javax.swing.text.AbstractDocument.replace(AbstractDocument.java:699) ~[?:?]
	at javax.swing.text.JTextComponent.setText(JTextComponent.java:1725) ~[?:?]
	at com.st.microxplorer.plugins.projectmanager.gui.ProjectChoiceTab.createHeapStackFields(ProjectChoiceTab.java:979) ~[filemanager.jar:?]
	at com.st.microxplorer.plugins.projectmanager.gui.ProjectChoiceTab.buildLinkSettingsPanel(ProjectChoiceTab.java:3766) ~[filemanager.jar:?]
	at com.st.microxplorer.plugins.projectmanager.gui.ProjectChoiceTab.defineWindowsFields(ProjectChoiceTab.java:1962) ~[filemanager.jar:?]
	at com.st.microxplorer.plugins.projectmanager.gui.ProjectChoiceTab.updateSettings(ProjectChoiceTab.java:555) ~[filemanager.jar:?]
	at com.st.microxplorer.plugins.projectmanager.gui.ProjectSettingsPanel.UpdateDialog(ProjectSettingsPanel.java:245) ~[filemanager.jar:?]
	at com.st.microxplorer.plugins.projectmanager.ProjectManagerView.propertyChange(ProjectManagerView.java:392) ~[filemanager.jar:?]
	at java.beans.PropertyChangeSupport.fire(PropertyChangeSupport.java:343) ~[?:?]
	at java.beans.PropertyChangeSupport.firePropertyChange(PropertyChangeSupport.java:335) ~[?:?]
	at java.beans.PropertyChangeSupport.firePropertyChange(PropertyChangeSupport.java:268) ~[?:?]
	at com.st.microxplorer.util.MXPropertyChangeSupport.firePropertyChange(MXPropertyChangeSupport.java:54) ~[STM32CubeMX.jar:?]
	at com.st.microxplorer.mxsystem.MxSystem.closeConfig(MxSystem.java:899) ~[STM32CubeMX.jar:?]
	at com.st.microxplorer.maingui.MainPanel.closeConfig(MainPanel.java:789) ~[STM32CubeMX.jar:?]
	at com.st.microxplorer.plugins.filemanager.engine.OpenFileManager.loadConfigurationFile(OpenFileManager.java:287) ~[filemanager.jar:?]
	at com.st.microxplorer.plugins.filemanager.engine.MainFileManager.userLoadConfig(MainFileManager.java:341) ~[filemanager.jar:?]
	at com.st.microxplorer.plugins.filemanager.engine.MainFileManager.userLoadConfig(MainFileManager.java:319) ~[filemanager.jar:?]
	at com.st.microxplorer.plugins.filemanager.FileManagerView.getSpecificTask(FileManagerView.java:246) ~[filemanager.jar:?]
	at com.st.stm32cube.common.mx.editor.CubeMxEditor.getMxTabbedPaneInstance(CubeMxEditor.java:1198) ~[com.st.stm32cube.common.mx_6.14.1.202504091515/:?]
	at com.st.stm32cube.common.mx.editor.CubeMxEditor$12$1.createSwingComponent(CubeMxEditor.java:1068) ~[com.st.stm32cube.common.mx_6.14.1.202504091515/:?]
	at com.st.stm32cube.common.mx.oss.core.awtswtbridge.EmbeddedSwingComposite.doComponentCreation(EmbeddedSwingComposite.java:492) ~[com.st.stm32cube.common.mx.oss_6.14.1.202504091515/:?]
	at com.st.stm32cube.common.mx.oss.core.awtswtbridge.EmbeddedSwingComposite$4.run(EmbeddedSwingComposite.java:291) ~[com.st.stm32cube.common.mx.oss_6.14.1.202504091515/:?]
	at com.st.stm32cube.common.mx.oss.core.awtswtbridge.AwtEnvironment$2.run(AwtEnvironment.java:166) ~[com.st.stm32cube.common.mx.oss_6.14.1.202504091515/:?]
	at java.awt.event.InvocationEvent.dispatch(InvocationEvent.java:318) ~[?:?]
	at java.awt.EventQueue.dispatchEventImpl(EventQueue.java:773) ~[?:?]
	at java.awt.EventQueue$4.run(EventQueue.java:720) ~[?:?]
	at java.awt.EventQueue$4.run(EventQueue.java:714) ~[?:?]
	at java.security.AccessController.doPrivileged(AccessController.java:400) ~[?:?]
	at java.security.ProtectionDomain$JavaSecurityAccessImpl.doIntersectionPrivilege(ProtectionDomain.java:87) ~[?:?]
	at java.awt.EventQueue.dispatchEvent(EventQueue.java:742) ~[?:?]
	at java.awt.EventDispatchThread.pumpOneEventForFilters(EventDispatchThread.java:203) ~[?:?]
	at java.awt.EventDispatchThread.pumpEventsForFilter(EventDispatchThread.java:124) ~[?:?]
	at java.awt.EventDispatchThread.pumpEventsForHierarchy(EventDispatchThread.java:113) ~[?:?]
	at java.awt.EventDispatchThread.pumpEvents(EventDispatchThread.java:109) ~[?:?]
	at java.awt.EventDispatchThread.pumpEvents(EventDispatchThread.java:101) ~[?:?]
	at java.awt.EventDispatchThread.run(EventDispatchThread.java:90) ~[?:?]
2025-09-21 17:54:26,609 [WARN] ThirdParty:871 - waiting for thirdparty lock release [close project]
2025-09-21 17:54:26,609 [INFO] ThirdParty:873 - entering critical section [close project]
2025-09-21 17:54:26,609 [INFO] ThirdParty:883 - exiting critical section [close project]
2025-09-21 17:54:26,612 [INFO] PinOutPanel:1589 - setPackage(No Configuration,No Configuration)
2025-09-21 17:54:26,631 [INFO] UtilMem:75 - Begin LoadConfig() Used Memory: 724869664 Bytes (1073741824)
2025-09-21 17:54:26,634 [INFO] MicroXplorer:468 - Change Database Path : 
2025-09-21 17:54:26,634 [INFO] MicroXplorer:498 - Change Database Version : DB.6.0.141
2025-09-21 17:54:26,637 [INFO] OpenFileManager:354 - Change cursor
2025-09-21 17:54:26,695 [INFO] RulesReader:64 - Compatibility file has been processed (302 Rules)
2025-09-21 17:54:26,705 [INFO] Mcu:2011 - Initializing MCU STM32F103C(8-B)Tx STM32F103C8Tx STM32F103C8T6
2025-09-21 17:54:27,787 [INFO] Context:756 - Trying to add GPIOservice into a context  which must be forbidden
2025-09-21 17:54:28,039 [INFO] ImportTextPane:218 - (OptionalMessage_ERROR) Pin8 (VP_RIF_VS_RIF1) cannot be retrieved for this MCU
2025-09-21 17:54:28,233 [INFO] RtosManager:558 - Registered RTOS mode: class=CMSIS, group=RTOS, mode=CMSIS_V1, owner=FREERTOS
2025-09-21 17:54:28,234 [INFO] RtosManager:558 - Registered RTOS mode: class=CMSIS, group=RTOS2, mode=CMSIS_V2, owner=FREERTOS
2025-09-21 17:54:28,234 [INFO] RtosManager:558 - Registered RTOS mode: class=RTOS, group=Core, mode=CMSIS_V1, owner=FREERTOS
2025-09-21 17:54:28,234 [INFO] RtosManager:558 - Registered RTOS mode: class=RTOS, group=Core, mode=CMSIS_V2, owner=FREERTOS
2025-09-21 17:54:28,234 [WARN] ModelIntegratedComponent:184 - Missing modes for component STMicroelectronics:FreeRTOS:0.0.1:STMicroelectronics:RTOS:FreeRTOS:Core:::10.2.0:
2025-09-21 17:54:28,240 [WARN] ModelIntegratedComponent:63 - No mode defined for component null
2025-09-21 17:54:28,240 [WARN] ModelIntegratedComponent:63 - No mode defined for component null
2025-09-21 17:54:28,240 [WARN] ModelIntegratedComponent:63 - No mode defined for component null
2025-09-21 17:54:28,240 [WARN] ModelIntegratedComponent:63 - No mode defined for component null
2025-09-21 17:54:28,240 [WARN] ModelIntegratedComponent:63 - No mode defined for component null
2025-09-21 17:54:28,240 [WARN] ModelIntegratedComponent:63 - No mode defined for component null
2025-09-21 17:54:28,240 [WARN] ModelIntegratedComponent:63 - No mode defined for component null
2025-09-21 17:54:28,240 [WARN] ModelIntegratedComponent:63 - No mode defined for component null
2025-09-21 17:54:28,241 [WARN] ModelIntegratedComponent:63 - No mode defined for component null
2025-09-21 17:54:28,241 [WARN] ModelIntegratedComponent:63 - No mode defined for component null
2025-09-21 17:54:28,241 [WARN] ModelIntegratedComponent:63 - No mode defined for component null
2025-09-21 17:54:28,241 [WARN] ModelIntegratedComponent:63 - No mode defined for component null
2025-09-21 17:54:28,241 [WARN] ModelIntegratedComponent:63 - No mode defined for component null
2025-09-21 17:54:28,241 [WARN] ModelIntegratedComponent:63 - No mode defined for component null
2025-09-21 17:54:28,241 [WARN] ModelIntegratedComponent:63 - No mode defined for component null
2025-09-21 17:54:28,241 [WARN] ModelIntegratedComponent:63 - No mode defined for component null
2025-09-21 17:54:28,241 [WARN] ModelIntegratedComponent:63 - No mode defined for component null
2025-09-21 17:54:28,241 [WARN] ModelIntegratedComponent:63 - No mode defined for component null
2025-09-21 17:54:28,241 [WARN] ModelIntegratedComponent:63 - No mode defined for component null
2025-09-21 17:54:28,241 [WARN] ModelIntegratedComponent:63 - No mode defined for component null
2025-09-21 17:54:28,242 [WARN] ModelIntegratedComponent:63 - No mode defined for component null
2025-09-21 17:54:28,242 [WARN] ModelIntegratedComponent:63 - No mode defined for component null
2025-09-21 17:54:28,242 [WARN] ModelIntegratedComponent:63 - No mode defined for component null
2025-09-21 17:54:28,242 [WARN] ModelIntegratedComponent:63 - No mode defined for component null
2025-09-21 17:54:28,242 [WARN] ModelIntegratedComponent:63 - No mode defined for component null
2025-09-21 17:54:28,242 [WARN] ModelIntegratedComponent:63 - No mode defined for component null
2025-09-21 17:54:28,242 [WARN] ModelIntegratedComponent:63 - No mode defined for component null
2025-09-21 17:54:28,242 [WARN] ModelIntegratedComponent:63 - No mode defined for component null
2025-09-21 17:54:28,242 [WARN] ModelIntegratedComponent:63 - No mode defined for component null
2025-09-21 17:54:28,242 [WARN] ModelIntegratedComponent:63 - No mode defined for component null
2025-09-21 17:54:28,242 [WARN] ModelIntegratedComponent:63 - No mode defined for component null
2025-09-21 17:54:28,242 [WARN] ModelIntegratedComponent:63 - No mode defined for component null
2025-09-21 17:54:28,242 [WARN] ModelIntegratedComponent:63 - No mode defined for component null
2025-09-21 17:54:28,242 [WARN] ModelIntegratedComponent:63 - No mode defined for component null
2025-09-21 17:54:28,242 [WARN] ModelIntegratedComponent:63 - No mode defined for component null
2025-09-21 17:54:28,244 [WARN] ModelPack:524 - Component already loaded: STMicroelectronics:HAL Drivers:0.0.0:STMicroelectronics:Device:STMicro_Driver:XSPI:HAL::0.0.1:HAL_XSPI
2025-09-21 17:54:28,724 [INFO] ThirdPartyModel:298 - Start build external matchings
2025-09-21 17:54:33,108 [INFO] ThirdPartyModel:316 - End build external matchings
2025-09-21 17:54:33,175 [INFO] ImportTextPane:218 - (OptionalMessage_ERROR) IP (RCC) : Parameter (ADCFreqValue) has invalid value (36000000)
2025-09-21 17:54:33,175 [INFO] ImportTextPane:218 - (OptionalMessage_ERROR) IP (RCC) : Invalid parameter (FamilyName)
2025-09-21 17:54:33,175 [INFO] ImportTextPane:218 - (OptionalMessage_ERROR) IP (RCC) : Parameter (MCOFreq_Value) has invalid value (72000000)
2025-09-21 17:54:33,177 [INFO] ImportTextPane:218 - (OptionalMessage_ERROR) IP (RCC) : Parameter (USBFreq_Value) has invalid value (72000000)
2025-09-21 17:54:33,480 [INFO] UtilMem:75 - End LoadConfig() Used Memory: 744247672 Bytes (1073741824)
2025-09-21 17:54:33,529 [WARN] ThirdParty:833 - waiting for thirdparty lock release [change project]
2025-09-21 17:54:33,529 [INFO] ThirdParty:835 - entering critical section [change project]
2025-09-21 17:54:33,529 [INFO] ThirdParty:1030 - CMSIS Pack Vendor :STMicroelectronics X-CUBE-PM33A1 1.0.0
2025-09-21 17:54:33,529 [INFO] ThirdParty:1030 - CMSIS Pack Vendor :STMicroelectronics USBPD 4.1
2025-09-21 17:54:33,529 [INFO] ThirdParty:1030 - CMSIS Pack Vendor :STMicroelectronics X-CUBE-GNSS1 6.0.0
2025-09-21 17:54:33,529 [INFO] ThirdParty:1030 - CMSIS Pack Vendor :STMicroelectronics USB_HOST 2.0.0
2025-09-21 17:54:33,529 [INFO] ThirdParty:1030 - CMSIS Pack Vendor :STMicroelectronics FP-SNS-MOTENVWB1 1.4.0
2025-09-21 17:54:33,529 [INFO] ThirdParty:1030 - CMSIS Pack Vendor :STMicroelectronics X-CUBE-AZRTOS-F4 1.1.0
2025-09-21 17:54:33,530 [INFO] ThirdParty:1030 - CMSIS Pack Vendor :STMicroelectronics LIBJPEG 8.0.0
2025-09-21 17:54:33,530 [INFO] ThirdParty:1030 - CMSIS Pack Vendor :STMicroelectronics FP-ATR-ASTRA1 2.0.2
2025-09-21 17:54:33,530 [INFO] ThirdParty:1030 - CMSIS Pack Vendor :STMicroelectronics FP-ATR-ASTRA1 2.0.1
2025-09-21 17:54:33,530 [INFO] ThirdParty:1030 - CMSIS Pack Vendor :Avnet-IotConnect X-CUBE-IoTC-DA16k-PMOD 1.0.0
2025-09-21 17:54:33,530 [INFO] ThirdParty:1030 - CMSIS Pack Vendor :STMicroelectronics X-CUBE-SMBUS 2.1.0
2025-09-21 17:54:33,530 [INFO] ThirdParty:1030 - CMSIS Pack Vendor :STMicroelectronics X-CUBE-WB05N 1.1.0
2025-09-21 17:54:33,530 [INFO] ThirdParty:1030 - CMSIS Pack Vendor :STMicroelectronics X-CUBE-ISPU 2.1.0
2025-09-21 17:54:33,530 [INFO] ThirdParty:1030 - CMSIS Pack Vendor :STMicroelectronics X-CUBE-FREERTOS 1.2.0
2025-09-21 17:54:33,531 [INFO] ThirdParty:1030 - CMSIS Pack Vendor :STMicroelectronics X-CUBE-ST60 1.0.0
2025-09-21 17:54:33,531 [INFO] ThirdParty:1030 - CMSIS Pack Vendor :STMicroelectronics X-CUBE-TOUCHGFX 4.23.0
2025-09-21 17:54:33,531 [INFO] ThirdParty:1030 - CMSIS Pack Vendor :STMicroelectronics X-CUBE-NFC12 1.0.0
2025-09-21 17:54:33,531 [INFO] ThirdParty:1030 - CMSIS Pack Vendor :STMicroelectronics X-CUBE-TOUCHGFX 4.23.2
2025-09-21 17:54:33,531 [INFO] ThirdParty:1030 - CMSIS Pack Vendor :STMicroelectronics X-CUBE-AZRTOS-F7 1.1.0
2025-09-21 17:54:33,531 [INFO] ThirdParty:1030 - CMSIS Pack Vendor :STMicroelectronics X-CUBE-AZRTOS-L5 2.0.0
2025-09-21 17:54:33,531 [INFO] ThirdParty:1030 - CMSIS Pack Vendor :STMicroelectronics USB_DEVICE 2.0.0
2025-09-21 17:54:33,532 [INFO] ThirdParty:1030 - CMSIS Pack Vendor :STMicroelectronics X-CUBE-EEPRMA1 4.2.0
2025-09-21 17:54:33,532 [INFO] ThirdParty:1030 - CMSIS Pack Vendor :STMicroelectronics X-CUBE-NFC6 3.1.0
2025-09-21 17:54:33,532 [INFO] ThirdParty:1030 - CMSIS Pack Vendor :STMicroelectronics FP-SNS-MOTENV1 4.3.2
2025-09-21 17:54:33,533 [INFO] ThirdParty:1030 - CMSIS Pack Vendor :STMicroelectronics X-CUBE-MEMS1 11.0.0
2025-09-21 17:54:33,533 [INFO] ThirdParty:1030 - CMSIS Pack Vendor :STMicroelectronics FreeRTOS 0.0.1
2025-09-21 17:54:33,533 [INFO] ThirdParty:1030 - CMSIS Pack Vendor :STMicroelectronics X-CUBE-DPower 1.2.0
2025-09-21 17:54:33,534 [INFO] ThirdParty:1030 - CMSIS Pack Vendor :STMicroelectronics FP-SNS-FLIGHT1 5.0.2
2025-09-21 17:54:33,534 [INFO] ThirdParty:1030 - CMSIS Pack Vendor :STMicroelectronics X-CUBE-AI 9.0.0
2025-09-21 17:54:33,534 [INFO] ThirdParty:1030 - CMSIS Pack Vendor :STMicroelectronics PDM2PCM 3.3.0
2025-09-21 17:54:33,534 [INFO] ThirdParty:1030 - CMSIS Pack Vendor :STMicroelectronics X-CUBE-AZRTOS-H7 3.4.0
2025-09-21 17:54:33,534 [INFO] ThirdParty:1030 - CMSIS Pack Vendor :STMicroelectronics X-CUBE-DISPLAY 3.0.0
2025-09-21 17:54:33,534 [INFO] ThirdParty:1030 - CMSIS Pack Vendor :STMicroelectronics X-CUBE-BLE1 7.0.0
2025-09-21 17:54:33,534 [INFO] ThirdParty:1030 - CMSIS Pack Vendor :STMicroelectronics X-CUBE-NFC10 1.0.0
2025-09-21 17:54:33,534 [INFO] ThirdParty:1030 - CMSIS Pack Vendor :STMicroelectronics X-CUBE-BLEMGR 4.0.0
2025-09-21 17:54:33,534 [INFO] ThirdParty:1030 - CMSIS Pack Vendor :STMicroelectronics X-CUBE-FREERTOS 1.3.1
2025-09-21 17:54:33,534 [INFO] ThirdParty:1030 - CMSIS Pack Vendor :STMicroelectronics HAL Drivers 0.0.0
2025-09-21 17:54:33,534 [INFO] ThirdParty:1030 - CMSIS Pack Vendor :emotas I-CUBE-CANOPEN 1.3.0
2025-09-21 17:54:33,534 [INFO] ThirdParty:1030 - CMSIS Pack Vendor :STMicroelectronics X-CUBE-FREERTOS 1.3.0
2025-09-21 17:54:33,534 [INFO] ThirdParty:1030 - CMSIS Pack Vendor :STMicroelectronics X-CUBE-NFC7 1.0.1
2025-09-21 17:54:33,535 [INFO] ThirdParty:1030 - CMSIS Pack Vendor :STMicroelectronics MBEDTLS 2.14.1
2025-09-21 17:54:33,536 [INFO] ThirdParty:1030 - CMSIS Pack Vendor :STMicroelectronics X-CUBE-NFC6 3.0.0
2025-09-21 17:54:33,536 [INFO] ThirdParty:1030 - CMSIS Pack Vendor :STMicroelectronics X-CUBE-BLEMGR 3.1.0
2025-09-21 17:54:33,536 [INFO] ThirdParty:1030 - CMSIS Pack Vendor :STMicroelectronics X-CUBE-AI 10.0.0
2025-09-21 17:54:33,536 [INFO] ThirdParty:1030 - CMSIS Pack Vendor :STMicroelectronics FP-SNS-SMARTAG2 1.2.0
2025-09-21 17:54:33,537 [INFO] ThirdParty:1030 - CMSIS Pack Vendor :STMicroelectronics FP-SNS-FLIGHT1 5.1.0
2025-09-21 17:54:33,537 [INFO] ThirdParty:1030 - CMSIS Pack Vendor :STMicroelectronics X-CUBE-MEMS1 11.1.0
2025-09-21 17:54:33,537 [INFO] ThirdParty:1030 - CMSIS Pack Vendor :STMicroelectronics X-CUBE-AZRTOS-WL 2.0.0
2025-09-21 17:54:33,538 [INFO] ThirdParty:1030 - CMSIS Pack Vendor :STMicroelectronics X-CUBE-DPower 1.3.0
2025-09-21 17:54:33,538 [INFO] ThirdParty:1030 - CMSIS Pack Vendor :STMicroelectronics FP-SNS-MOTENV1 5.0.0
2025-09-21 17:54:33,538 [INFO] ThirdParty:1030 - CMSIS Pack Vendor :STMicroelectronics USB_DEVICE 1.0.0
2025-09-21 17:54:33,539 [INFO] ThirdParty:1030 - CMSIS Pack Vendor :STMicroelectronics X-CUBE-AI 8.1.0
2025-09-21 17:54:33,539 [INFO] ThirdParty:1030 - CMSIS Pack Vendor :wolfSSL I-CUBE-wolfMQTT 1.19.0
2025-09-21 17:54:33,539 [INFO] ThirdParty:1030 - CMSIS Pack Vendor :STMicroelectronics X-CUBE-AZRTOS-L4 2.0.0
2025-09-21 17:54:33,539 [INFO] ThirdParty:1030 - CMSIS Pack Vendor :STMicroelectronics ThreadX 0.0.2
2025-09-21 17:54:33,539 [INFO] ThirdParty:1030 - CMSIS Pack Vendor :WES I-CUBE-Cesium 1.3.0
2025-09-21 17:54:33,539 [INFO] ThirdParty:1030 - CMSIS Pack Vendor :STMicroelectronics lwIP 2.1.2
2025-09-21 17:54:33,543 [INFO] ThirdParty:1030 - CMSIS Pack Vendor :STMicroelectronics X-CUBE-SFXS2LP1 4.0.0
2025-09-21 17:54:33,544 [INFO] ThirdParty:1030 - CMSIS Pack Vendor :STMicroelectronics X-CUBE-BLE2 3.3.0
2025-09-21 17:54:33,544 [INFO] ThirdParty:1030 - CMSIS Pack Vendor :STMicroelectronics PDM2PCM 3.2.0
2025-09-21 17:54:33,545 [INFO] ThirdParty:1030 - CMSIS Pack Vendor :STMicroelectronics X-CUBE-AZRTOS-H7 3.3.0
2025-09-21 17:54:33,545 [INFO] ThirdParty:1030 - CMSIS Pack Vendor :STMicroelectronics X-CUBE-NFC9 1.0.0
2025-09-21 17:54:33,545 [INFO] ThirdParty:1030 - CMSIS Pack Vendor :STMicroelectronics X-CUBE-BLE1 7.1.0
2025-09-21 17:54:33,545 [INFO] ThirdParty:1030 - CMSIS Pack Vendor :STMicroelectronics USB_DEVICE 3.0.0
2025-09-21 17:54:33,545 [INFO] ThirdParty:1030 - CMSIS Pack Vendor :STMicroelectronics X-CUBE-TCPP 4.1.0
2025-09-21 17:54:33,545 [INFO] ThirdParty:1030 - CMSIS Pack Vendor :STMicroelectronics X-CUBE-EEPRMA1 5.2.0
2025-09-21 17:54:33,545 [INFO] ThirdParty:1030 - CMSIS Pack Vendor :STMicroelectronics X-CUBE-BLEMGR 4.1.0
2025-09-21 17:54:33,545 [INFO] ThirdParty:1030 - CMSIS Pack Vendor :STMicroelectronics X-CUBE-IPS 3.0.0
2025-09-21 17:54:33,545 [INFO] ThirdParty:1030 - CMSIS Pack Vendor :STMicroelectronics X-CUBE-AZRTOS-WB 2.0.0
2025-09-21 17:54:33,545 [INFO] ThirdParty:1030 - CMSIS Pack Vendor :STMicroelectronics X-CUBE-GNSS1 7.0.0
2025-09-21 17:54:33,545 [INFO] ThirdParty:1030 - CMSIS Pack Vendor :STMicroelectronics X-CUBE-GNSS1 7.0.1
2025-09-21 17:54:33,546 [INFO] ThirdParty:1030 - CMSIS Pack Vendor :STMicroelectronics X-CUBE-TOUCHGFX 4.25.0
2025-09-21 17:54:33,546 [INFO] ThirdParty:1030 - CMSIS Pack Vendor :STMicroelectronics X-CUBE-AI 10.1.0
2025-09-21 17:54:33,546 [INFO] ThirdParty:1030 - CMSIS Pack Vendor :STMicroelectronics FP-SNS-STBOX1 2.0.0
2025-09-21 17:54:33,546 [INFO] ThirdParty:1030 - CMSIS Pack Vendor :STMicroelectronics X-CUBE-ALGOBUILD 1.3.0
2025-09-21 17:54:33,546 [INFO] ThirdParty:1030 - CMSIS Pack Vendor :STMicroelectronics X-CUBE-MEMS1 11.2.0
2025-09-21 17:54:33,546 [INFO] ThirdParty:1030 - CMSIS Pack Vendor :STMicroelectronics X-CUBE-AZRTOS-G0 1.1.0
2025-09-21 17:54:33,547 [INFO] ThirdParty:1030 - CMSIS Pack Vendor :STMicroelectronics X-CUBE-SAFEA1 1.2.2
2025-09-21 17:54:33,547 [INFO] ThirdParty:1030 - CMSIS Pack Vendor :STMicroelectronics X-CUBE-NFC4 3.0.0
2025-09-21 17:54:33,547 [INFO] ThirdParty:1030 - CMSIS Pack Vendor :STMicroelectronics X-CUBE-SUBG2 5.0.0
2025-09-21 17:54:33,547 [INFO] ThirdParty:1030 - CMSIS Pack Vendor :STMicroelectronics X-CUBE-AZRTOS-H7RS 1.1.0
2025-09-21 17:54:33,547 [INFO] ThirdParty:1030 - CMSIS Pack Vendor :STMicroelectronics STM32_WPAN 1.0.0
2025-09-21 17:54:33,548 [INFO] ThirdParty:1030 - CMSIS Pack Vendor :EmbeddedOffice I-CUBE-FS-RTOS 1.0.1
2025-09-21 17:54:33,548 [INFO] ThirdParty:1030 - CMSIS Pack Vendor :STMicroelectronics lwIP 2.0.3
2025-09-21 17:54:33,548 [INFO] ThirdParty:1030 - CMSIS Pack Vendor :Cesanta I-CUBE-Mongoose 7.13.0
2025-09-21 17:54:33,548 [INFO] ThirdParty:1030 - CMSIS Pack Vendor :STMicroelectronics USB_HOST 1.0.0
2025-09-21 17:54:33,548 [INFO] ThirdParty:1030 - CMSIS Pack Vendor :STMicroelectronics X-CUBE-AZRTOS-G4 2.0.0
2025-09-21 17:54:33,548 [INFO] ThirdParty:1030 - CMSIS Pack Vendor :STMicroelectronics X-CUBE-WB05N 2.0.0
2025-09-21 17:54:33,548 [INFO] ThirdParty:1030 - CMSIS Pack Vendor :STMicroelectronics PDM2PCM 3.1.0
2025-09-21 17:54:33,549 [INFO] ThirdParty:1030 - CMSIS Pack Vendor :STMicroelectronics X-CUBE-BLEMGR 3.0.0
2025-09-21 17:54:33,549 [INFO] ThirdParty:1030 - CMSIS Pack Vendor :STMicroelectronics X-CUBE-NFC7 2.0.0
2025-09-21 17:54:33,550 [INFO] ThirdParty:1030 - CMSIS Pack Vendor :STMicroelectronics X-CUBE-TCPP 4.2.0
2025-09-21 17:54:33,550 [INFO] ThirdParty:1030 - CMSIS Pack Vendor :RealThread X-CUBE-RT-Thread_Nano 4.1.1
2025-09-21 17:54:33,551 [INFO] ThirdParty:1030 - CMSIS Pack Vendor :wolfSSL I-CUBE-wolfSSL 5.7.0
2025-09-21 17:54:33,551 [INFO] ThirdParty:1030 - CMSIS Pack Vendor :STMicroelectronics FP-SNS-MOTENVWB1 1.3.1
2025-09-21 17:54:33,551 [INFO] ThirdParty:1030 - CMSIS Pack Vendor :STMicroelectronics FP-ATR-SIGFOX1 3.2.0
2025-09-21 17:54:33,552 [INFO] ThirdParty:1030 - CMSIS Pack Vendor :quantropi X-CUBE-qispace-sdk-base 1.9.3
2025-09-21 17:54:33,552 [INFO] ThirdParty:1030 - CMSIS Pack Vendor :STMicroelectronics X-CUBE-ISPU 2.0.0
2025-09-21 17:54:33,553 [INFO] ThirdParty:1030 - CMSIS Pack Vendor :STMicroelectronics X-CUBE-EEPRMA1 5.1.0
2025-09-21 17:54:33,553 [INFO] ThirdParty:1030 - CMSIS Pack Vendor :STMicroelectronics MBEDTLS 2.16.2
2025-09-21 17:54:33,553 [INFO] ThirdParty:1030 - CMSIS Pack Vendor :STMicroelectronics X-CUBE-IPS 3.1.0
2025-09-21 17:54:33,553 [INFO] ThirdParty:1030 - CMSIS Pack Vendor :STMicroelectronics X-CUBE-ALS 1.0.2
2025-09-21 17:54:33,553 [INFO] ThirdParty:1030 - CMSIS Pack Vendor :STMicroelectronics X-CUBE-MEMS1 10.0.0
2025-09-21 17:54:33,553 [INFO] ThirdParty:1030 - CMSIS Pack Vendor :STMicroelectronics X-CUBE-FREERTOS 1.1.0
2025-09-21 17:54:33,553 [INFO] ThirdParty:1030 - CMSIS Pack Vendor :STMicroelectronics X-CUBE-TOUCHGFX 4.24.0
2025-09-21 17:54:33,554 [INFO] ThirdParty:1030 - CMSIS Pack Vendor :ITTIA_DB I-CUBE-ITTIADB 8.9.0
2025-09-21 17:54:33,554 [INFO] ThirdParty:1030 - CMSIS Pack Vendor :STMicroelectronics X-CUBE-TOUCHGFX 4.24.2
2025-09-21 17:54:33,554 [INFO] ThirdParty:1030 - CMSIS Pack Vendor :STMicroelectronics X-CUBE-TOUCHGFX 4.24.1
2025-09-21 17:54:33,554 [INFO] ThirdParty:1030 - CMSIS Pack Vendor :STMicroelectronics X-CUBE-STSE01 1.0.0
2025-09-21 17:54:33,554 [INFO] ThirdParty:1030 - CMSIS Pack Vendor :wolfSSL I-CUBE-wolfTPM 3.4.0
2025-09-21 17:54:33,554 [INFO] ThirdParty:1030 - CMSIS Pack Vendor :portGmbH I-Cube-SoM-uGOAL 1.1.0
2025-09-21 17:54:33,554 [INFO] ThirdParty:1030 - CMSIS Pack Vendor :STMicroelectronics X-CUBE-ALS 1.0.1
2025-09-21 17:54:33,555 [INFO] ThirdParty:1030 - CMSIS Pack Vendor :STMicroelectronics X-CUBE-ST67W61 1.0.0
2025-09-21 17:54:33,555 [INFO] ThirdParty:1030 - CMSIS Pack Vendor :STMicroelectronics X-CUBE-AI 10.2.0
2025-09-21 17:54:33,555 [INFO] ThirdParty:1030 - CMSIS Pack Vendor :STMicroelectronics ThreadX 1.0.0
2025-09-21 17:54:33,555 [INFO] ThirdParty:1030 - CMSIS Pack Vendor :SEGGER I-CUBE-embOS 1.3.1
2025-09-21 17:54:33,555 [INFO] ThirdParty:1030 - CMSIS Pack Vendor :STMicroelectronics X-CUBE-ALGOBUILD 1.4.0
2025-09-21 17:54:33,555 [INFO] ThirdParty:1030 - CMSIS Pack Vendor :STMicroelectronics X-CUBE-MEMS1 11.3.0
2025-09-21 17:54:33,555 [INFO] ThirdParty:1030 - CMSIS Pack Vendor :STMicroelectronics X-CUBE-AZRTOS-H7RS 1.0.0
2025-09-21 17:54:33,555 [INFO] ThirdParty:1030 - CMSIS Pack Vendor :STMicroelectronics FP-ATR-ASTRA1 2.0.0
2025-09-21 17:54:33,555 [INFO] ThirdParty:1030 - CMSIS Pack Vendor :STMicroelectronics X-CUBE-TOF1 3.4.2
2025-09-21 17:54:33,555 [INFO] ThirdParty:1030 - CMSIS Pack Vendor :STMicroelectronics X-CUBE-TOF1 3.4.3
2025-09-21 17:54:33,555 [INFO] ThirdParty:1030 - CMSIS Pack Vendor :STMicroelectronics X-CUBE-AI 9.1.0
2025-09-21 17:54:33,555 [INFO] ThirdParty:1030 - CMSIS Pack Vendor :STMicroelectronics X-CUBE-TOF1 3.4.0
2025-09-21 17:54:33,555 [INFO] ThirdParty:1030 - CMSIS Pack Vendor :STMicroelectronics X-CUBE-TOF1 3.4.1
2025-09-21 17:54:33,556 [INFO] ThirdParty:1030 - CMSIS Pack Vendor :STMicroelectronics X-CUBE-AZRTOS-H7 3.2.0
2025-09-21 17:54:33,556 [INFO] ThirdParty:1030 - CMSIS Pack Vendor :Infineon AIROC-Wi-Fi-Bluetooth-STM32 1.6.0
2025-09-21 17:54:33,556 [INFO] ThirdParty:1030 - CMSIS Pack Vendor :wolfSSL I-CUBE-wolfSSH 1.4.17
2025-09-21 17:54:33,556 [INFO] ThirdParty:841 - exiting critical section [change project]
2025-09-21 17:54:33,794 [INFO] PinOutPanel:1589 - setPackage(No Configuration,No Configuration)
2025-09-21 17:54:33,796 [INFO] PinOutPanel:1589 - setPackage(STM32F103C8Tx,LQFP48)
2025-09-21 17:54:34,377 [INFO] UtilMem:75 - Before build in PCC Used Memory: 869609456 Bytes (1073741824)
2025-09-21 17:54:34,907 [INFO] UtilMem:75 - After build in PCC Used Memory: 914171888 Bytes (1073741824)
2025-09-21 17:54:34,955 [INFO] IPUIPlugin:80 - create IPUIPlugin
2025-09-21 17:54:34,955 [INFO] IPUIPlugin:80 - create IPUIPlugin
2025-09-21 17:54:34,955 [INFO] IPUIPlugin:80 - create IPUIPlugin
2025-09-21 17:54:34,955 [INFO] IPUIPlugin:80 - create IPUIPlugin
2025-09-21 17:54:34,955 [INFO] IPUIPlugin:80 - create IPUIPlugin
2025-09-21 17:54:34,956 [INFO] IPUIPlugin:80 - create IPUIPlugin
2025-09-21 17:54:34,956 [INFO] IPUIPlugin:80 - create IPUIPlugin
2025-09-21 17:54:34,956 [INFO] IPUIPlugin:80 - create IPUIPlugin
2025-09-21 17:54:34,956 [INFO] IPUIPlugin:80 - create IPUIPlugin
2025-09-21 17:54:34,956 [INFO] IPUIPlugin:80 - create IPUIPlugin
2025-09-21 17:54:34,956 [INFO] IPUIPlugin:80 - create IPUIPlugin
2025-09-21 17:54:34,957 [INFO] IPUIPlugin:80 - create IPUIPlugin
2025-09-21 17:54:34,957 [INFO] IPUIPlugin:80 - create IPUIPlugin
2025-09-21 17:54:34,957 [INFO] IPUIPlugin:80 - create IPUIPlugin
2025-09-21 17:54:34,957 [INFO] IPUIPlugin:80 - create IPUIPlugin
2025-09-21 17:54:34,959 [INFO] IPUIPlugin:80 - create IPUIPlugin
2025-09-21 17:54:34,959 [INFO] IPUIPlugin:80 - create IPUIPlugin
2025-09-21 17:54:34,959 [INFO] IPUIPlugin:80 - create IPUIPlugin
2025-09-21 17:54:34,959 [INFO] IPUIPlugin:80 - create IPUIPlugin
2025-09-21 17:54:34,959 [INFO] IPUIPlugin:80 - create IPUIPlugin
2025-09-21 17:54:34,960 [INFO] IPUIPlugin:80 - create IPUIPlugin
2025-09-21 17:54:34,960 [INFO] IPUIPlugin:80 - create IPUIPlugin
2025-09-21 17:54:34,960 [INFO] IPUIPlugin:80 - create IPUIPlugin
2025-09-21 17:54:34,960 [INFO] IPUIPlugin:80 - create IPUIPlugin
2025-09-21 17:54:34,960 [INFO] IPUIPlugin:80 - create IPUIPlugin
2025-09-21 17:54:34,961 [INFO] IPUIPlugin:80 - create IPUIPlugin
2025-09-21 17:54:34,961 [INFO] IPUIPlugin:80 - create IPUIPlugin
2025-09-21 17:54:35,050 [INFO] CADModel:165 - CPN selected for project levelSTM32F103C8T6
2025-09-21 17:54:35,050 [INFO] CADModel:114 - Register for checkConnection events
2025-09-21 17:54:35,090 [INFO] OpenFileManager:385 - Restore cursor
2025-09-21 17:54:35,095 [INFO] ApiDb:581 - Connected to CubeFinder SQLite database (C:\Users\User\.stmcufinder\plugins\mcufinder\mcu\cube-finder-db.db)
2025-09-21 17:54:35,783 [INFO] UtilMem:75 - End SaveConfig() Used Memory: 705169392 Bytes (1073741824)
2025-09-21 17:54:35,902 [INFO] UtilMem:75 - End SaveConfig() Used Memory: 718789264 Bytes (1073741824)
2025-09-21 17:54:36,100 [INFO] BlockDiagram:2775 - set Specific Code input for plugin: NVIC
2025-09-21 17:54:36,100 [INFO] BlockDiagram:2775 - set Specific Code input for plugin: USART
2025-09-21 17:54:36,100 [INFO] BlockDiagram:2775 - set Specific Code input for plugin: SYS
2025-09-21 17:54:36,100 [INFO] BlockDiagram:2775 - set Specific Code input for plugin: GPIO
2025-09-21 17:54:36,100 [INFO] BlockDiagram:2775 - set Specific Code input for plugin: RCC
2025-09-21 17:54:36,101 [INFO] CodeGenerator:882 - code generatio: config db path: C:\ST\STM32CubeIDE_1.18.0\STM32CubeIDE\plugins\com.st.stm32cube.common.mx_6.14.1.202504091515\\db\
2025-09-21 17:54:36,248 [INFO] CodeEngine:263 - oldGeneratedFile, C:\GIT\GIT_AULAS_FATEC\Exemplos_Codigo_STM32\EX2_Botao_UART\MXTmpFiles\license.tmp_save
2025-09-21 17:54:36,620 [INFO] CodeEngine:287 - Generated code: C:\GIT\GIT_AULAS_FATEC\Exemplos_Codigo_STM32\EX2_Botao_UART\MXTmpFiles\license.tmp
2025-09-21 17:54:36,672 [INFO] CodeEngine:263 - oldGeneratedFile, C:\GIT\GIT_AULAS_FATEC\Exemplos_Codigo_STM32\EX2_Botao_UART\MXTmpFiles\gpio.tmp_save
2025-09-21 17:54:36,870 [INFO] CodeEngine:287 - Generated code: C:\GIT\GIT_AULAS_FATEC\Exemplos_Codigo_STM32\EX2_Botao_UART\MXTmpFiles\gpio.tmp
2025-09-21 17:54:36,967 [INFO] CodeEngine:263 - oldGeneratedFile, C:\GIT\GIT_AULAS_FATEC\Exemplos_Codigo_STM32\EX2_Botao_UART\Core\Src\stm32f1xx_it.c_save
2025-09-21 17:54:37,443 [INFO] CodeEngine:287 - Generated code: C:\GIT\GIT_AULAS_FATEC\Exemplos_Codigo_STM32\EX2_Botao_UART\Core\Src\stm32f1xx_it.c
2025-09-21 17:54:37,450 [INFO] CodeEngine:263 - oldGeneratedFile, C:\GIT\GIT_AULAS_FATEC\Exemplos_Codigo_STM32\EX2_Botao_UART\Core\Inc\stm32f1xx_it.h_save
2025-09-21 17:54:37,538 [INFO] CodeEngine:287 - Generated code: C:\GIT\GIT_AULAS_FATEC\Exemplos_Codigo_STM32\EX2_Botao_UART\Core\Inc\stm32f1xx_it.h
2025-09-21 17:54:37,555 [INFO] CodeEngine:263 - oldGeneratedFile, C:\GIT\GIT_AULAS_FATEC\Exemplos_Codigo_STM32\EX2_Botao_UART\Core\Src\stm32f1xx_hal_msp.c_save
2025-09-21 17:54:37,718 [INFO] CodeEngine:287 - Generated code: C:\GIT\GIT_AULAS_FATEC\Exemplos_Codigo_STM32\EX2_Botao_UART\Core\Src\stm32f1xx_hal_msp.c
2025-09-21 17:54:37,724 [INFO] CodeEngine:263 - oldGeneratedFile, C:\GIT\GIT_AULAS_FATEC\Exemplos_Codigo_STM32\EX2_Botao_UART\MXTmpFiles\system.tmp_save
2025-09-21 17:54:37,797 [INFO] CodeEngine:287 - Generated code: C:\GIT\GIT_AULAS_FATEC\Exemplos_Codigo_STM32\EX2_Botao_UART\MXTmpFiles\system.tmp
2025-09-21 17:54:37,813 [INFO] CodeEngine:319 - oldGeneratedFile, C:\GIT\GIT_AULAS_FATEC\Exemplos_Codigo_STM32\EX2_Botao_UART\Core\Inc\stm32f1xx_hal_conf.h_save
2025-09-21 17:54:37,888 [INFO] CodeEngine:343 - Generated code: C:\GIT\GIT_AULAS_FATEC\Exemplos_Codigo_STM32\EX2_Botao_UART\Core\Inc\stm32f1xx_hal_conf.h
2025-09-21 17:54:37,919 [INFO] ApiDbMcu:508 - Load IP Config File for USART1
2025-09-21 17:54:37,922 [INFO] ApiDbMcu:508 - Load IP Config File for RCC
2025-09-21 17:54:37,936 [INFO] CodeEngine:263 - oldGeneratedFile, C:\GIT\GIT_AULAS_FATEC\Exemplos_Codigo_STM32\EX2_Botao_UART\Core\Inc\main.h_save
2025-09-21 17:54:38,052 [INFO] CodeEngine:287 - Generated code: C:\GIT\GIT_AULAS_FATEC\Exemplos_Codigo_STM32\EX2_Botao_UART\Core\Inc\main.h
2025-09-21 17:54:38,058 [INFO] CodeEngine:263 - oldGeneratedFile, C:\GIT\GIT_AULAS_FATEC\Exemplos_Codigo_STM32\EX2_Botao_UART\Core\Src\main.c_save
2025-09-21 17:54:38,183 [INFO] CodeEngine:287 - Generated code: C:\GIT\GIT_AULAS_FATEC\Exemplos_Codigo_STM32\EX2_Botao_UART\Core\Src\main.c
2025-09-21 17:54:38,616 [INFO] ProjectBuilder:3324 - Time for Copy HAL[1] : 209mS.
2025-09-21 17:54:38,622 [INFO] ProjectBuilder:4912 - Project Generator version: 4.6.0.1-B1
2025-09-21 17:54:38,737 [INFO] ConfigFileManager:1590 - The Die is : DIE410
2025-09-21 17:54:38,739 [INFO] ApiDbMcu:508 - Load IP Config File for FATFS
2025-09-21 17:54:38,743 [INFO] ApiDbMcu:508 - Load IP Config File for FREERTOS
2025-09-21 17:54:38,749 [INFO] ApiDbMcu:508 - Load IP Config File for USB_DEVICE
2025-09-21 17:54:40,513 [INFO] ProjectBuilder:5191 - Time for Generating toolchain IDE Files: 1891mS.
2025-09-21 17:54:40,515 [INFO] ProjectBuilder:3181 - Time for Copy CMSIS : 1mS.
2025-09-21 17:54:40,521 [INFO] ProjectBuilder:3181 - Time for Copy CMSIS : 0mS.
2025-09-21 17:54:42,074 [INFO] McuFinderGlobals:76 - Set McuFinderConnectedMode to true
2025-09-21 17:54:42,081 [INFO] ApiDb:448 - Save user favorites file C:\Users\User/.stm32cubeide/favorites.mcus.txt: 1 item(s)
2025-09-21 17:54:42,082 [INFO] ApiDb:452 - User favorites MCUs=[STM32F103C8T6]
2025-09-21 17:54:57,568 [INFO] UtilMem:75 - End SaveConfig() Used Memory: 750414208 Bytes (1073741824)
2025-09-21 17:54:57,842 [INFO] BlockDiagram:2775 - set Specific Code input for plugin: NVIC
2025-09-21 17:54:57,842 [INFO] BlockDiagram:2775 - set Specific Code input for plugin: USART
2025-09-21 17:54:57,843 [INFO] BlockDiagram:2775 - set Specific Code input for plugin: SYS
2025-09-21 17:54:57,845 [INFO] BlockDiagram:2775 - set Specific Code input for plugin: GPIO
2025-09-21 17:54:57,846 [INFO] BlockDiagram:2775 - set Specific Code input for plugin: RCC
2025-09-21 17:54:57,851 [INFO] CodeGenerator:882 - code generatio: config db path: C:\ST\STM32CubeIDE_1.18.0\STM32CubeIDE\plugins\com.st.stm32cube.common.mx_6.14.1.202504091515\\db\
2025-09-21 17:54:58,053 [INFO] CodeEngine:263 - oldGeneratedFile, C:\GIT\GIT_AULAS_FATEC\Exemplos_Codigo_STM32\EX2_Botao_UART\MXTmpFiles\license.tmp_save
2025-09-21 17:54:58,149 [INFO] CodeEngine:287 - Generated code: C:\GIT\GIT_AULAS_FATEC\Exemplos_Codigo_STM32\EX2_Botao_UART\MXTmpFiles\license.tmp
2025-09-21 17:54:58,173 [INFO] CodeEngine:263 - oldGeneratedFile, C:\GIT\GIT_AULAS_FATEC\Exemplos_Codigo_STM32\EX2_Botao_UART\MXTmpFiles\gpio.tmp_save
2025-09-21 17:54:58,252 [INFO] CodeEngine:287 - Generated code: C:\GIT\GIT_AULAS_FATEC\Exemplos_Codigo_STM32\EX2_Botao_UART\MXTmpFiles\gpio.tmp
2025-09-21 17:54:58,316 [INFO] CodeEngine:263 - oldGeneratedFile, C:\GIT\GIT_AULAS_FATEC\Exemplos_Codigo_STM32\EX2_Botao_UART\Core\Src\stm32f1xx_it.c_save
2025-09-21 17:54:58,400 [INFO] CodeEngine:287 - Generated code: C:\GIT\GIT_AULAS_FATEC\Exemplos_Codigo_STM32\EX2_Botao_UART\Core\Src\stm32f1xx_it.c
2025-09-21 17:54:58,410 [INFO] CodeEngine:263 - oldGeneratedFile, C:\GIT\GIT_AULAS_FATEC\Exemplos_Codigo_STM32\EX2_Botao_UART\Core\Inc\stm32f1xx_it.h_save
2025-09-21 17:54:58,498 [INFO] CodeEngine:287 - Generated code: C:\GIT\GIT_AULAS_FATEC\Exemplos_Codigo_STM32\EX2_Botao_UART\Core\Inc\stm32f1xx_it.h
2025-09-21 17:54:58,516 [INFO] CodeEngine:263 - oldGeneratedFile, C:\GIT\GIT_AULAS_FATEC\Exemplos_Codigo_STM32\EX2_Botao_UART\Core\Src\stm32f1xx_hal_msp.c_save
2025-09-21 17:54:58,622 [INFO] CodeEngine:287 - Generated code: C:\GIT\GIT_AULAS_FATEC\Exemplos_Codigo_STM32\EX2_Botao_UART\Core\Src\stm32f1xx_hal_msp.c
2025-09-21 17:54:58,630 [INFO] CodeEngine:263 - oldGeneratedFile, C:\GIT\GIT_AULAS_FATEC\Exemplos_Codigo_STM32\EX2_Botao_UART\MXTmpFiles\system.tmp_save
2025-09-21 17:54:58,699 [INFO] CodeEngine:287 - Generated code: C:\GIT\GIT_AULAS_FATEC\Exemplos_Codigo_STM32\EX2_Botao_UART\MXTmpFiles\system.tmp
2025-09-21 17:54:58,712 [INFO] CodeEngine:319 - oldGeneratedFile, C:\GIT\GIT_AULAS_FATEC\Exemplos_Codigo_STM32\EX2_Botao_UART\Core\Inc\stm32f1xx_hal_conf.h_save
2025-09-21 17:54:58,775 [INFO] CodeEngine:343 - Generated code: C:\GIT\GIT_AULAS_FATEC\Exemplos_Codigo_STM32\EX2_Botao_UART\Core\Inc\stm32f1xx_hal_conf.h
2025-09-21 17:54:58,800 [INFO] CodeEngine:263 - oldGeneratedFile, C:\GIT\GIT_AULAS_FATEC\Exemplos_Codigo_STM32\EX2_Botao_UART\Core\Inc\main.h_save
2025-09-21 17:54:58,862 [INFO] CodeEngine:287 - Generated code: C:\GIT\GIT_AULAS_FATEC\Exemplos_Codigo_STM32\EX2_Botao_UART\Core\Inc\main.h
2025-09-21 17:54:58,868 [INFO] CodeEngine:263 - oldGeneratedFile, C:\GIT\GIT_AULAS_FATEC\Exemplos_Codigo_STM32\EX2_Botao_UART\Core\Src\main.c_save
2025-09-21 17:54:58,950 [INFO] CodeEngine:287 - Generated code: C:\GIT\GIT_AULAS_FATEC\Exemplos_Codigo_STM32\EX2_Botao_UART\Core\Src\main.c
2025-09-21 17:54:59,299 [INFO] ProjectBuilder:3324 - Time for Copy HAL[1] : 158mS.
2025-09-21 17:54:59,303 [INFO] ProjectBuilder:4912 - Project Generator version: 4.6.0.1-B1
2025-09-21 17:54:59,389 [INFO] ConfigFileManager:1590 - The Die is : DIE410
2025-09-21 17:55:00,199 [INFO] ProjectBuilder:5191 - Time for Generating toolchain IDE Files: 896mS.
2025-09-21 17:55:00,201 [INFO] ProjectBuilder:3181 - Time for Copy CMSIS : 1mS.
2025-09-21 17:55:00,205 [INFO] ProjectBuilder:3181 - Time for Copy CMSIS : 0mS.
2025-09-21 18:23:41,016 [INFO] MainUpdater:2872 - connection check result : 10
2025-09-21 18:23:41,150 [INFO] McuFinderGlobals:76 - Set McuFinderConnectedMode to true
2025-09-21 18:23:41,151 [INFO] MultiScanPanel:200 - Auto-refresh data requested => check proxy status ongoing
2025-09-21 18:23:41,153 [INFO] FinderPluginLoader:95 - Searching for filters in installed packs
2025-09-21 18:23:43,717 [INFO] LoadUrlFilesThread:185 - End of LoadServerUrlFiles without Thread
2025-09-21 18:23:43,717 [INFO] DetailPanel:341 - Set advertising image to C:/Users/User/STM32Cube/Repository/\en.2400x1350px.jpeg
2025-09-21 18:24:43,858 [INFO] MainUpdater:2872 - connection check result : 10
2025-09-21 18:24:43,858 [INFO] MainUpdater:2872 - connection check result : 10
2025-09-21 18:24:43,887 [INFO] MicroXplorer:468 - Change Database Path : 
2025-09-21 18:24:43,887 [INFO] MicroXplorer:498 - Change Database Version : DB.6.0.141
2025-09-21 18:24:43,944 [ERROR] ProjectManagerView:395 - 
java.lang.NullPointerException: Cannot invoke "javax.swing.JTextField.getText()" because the return value of "java.util.List.get(int)" is null
	at com.st.microxplorer.plugins.projectmanager.gui.ProjectChoiceTab$9.caretUpdate(ProjectChoiceTab.java:2678) ~[filemanager.jar:?]
	at javax.swing.text.JTextComponent.fireCaretUpdate(JTextComponent.java:408) ~[?:?]
	at javax.swing.text.JTextComponent$MutableCaretEvent.fire(JTextComponent.java:4484) ~[?:?]
	at javax.swing.text.JTextComponent$MutableCaretEvent.stateChanged(JTextComponent.java:4506) ~[?:?]
	at javax.swing.text.DefaultCaret.fireStateChanged(DefaultCaret.java:857) ~[?:?]
	at javax.swing.text.DefaultCaret.changeCaretPosition(DefaultCaret.java:1343) ~[?:?]
	at javax.swing.text.DefaultCaret.handleSetDot(DefaultCaret.java:1242) ~[?:?]
	at javax.swing.text.DefaultCaret.setDot(DefaultCaret.java:1223) ~[?:?]
	at javax.swing.text.DefaultCaret$Handler.insertUpdate(DefaultCaret.java:1819) ~[?:?]
	at javax.swing.text.AbstractDocument.fireInsertUpdate(AbstractDocument.java:227) ~[?:?]
	at javax.swing.text.AbstractDocument.handleInsertString(AbstractDocument.java:781) ~[?:?]
	at javax.swing.text.AbstractDocument.insertString(AbstractDocument.java:740) ~[?:?]
	at javax.swing.text.PlainDocument.insertString(PlainDocument.java:131) ~[?:?]
	at javax.swing.text.AbstractDocument.replace(AbstractDocument.java:699) ~[?:?]
	at javax.swing.text.JTextComponent.setText(JTextComponent.java:1725) ~[?:?]
	at com.st.microxplorer.plugins.projectmanager.gui.ProjectChoiceTab.createHeapStackFields(ProjectChoiceTab.java:979) ~[filemanager.jar:?]
	at com.st.microxplorer.plugins.projectmanager.gui.ProjectChoiceTab.buildLinkSettingsPanel(ProjectChoiceTab.java:3766) ~[filemanager.jar:?]
	at com.st.microxplorer.plugins.projectmanager.gui.ProjectChoiceTab.defineWindowsFields(ProjectChoiceTab.java:1962) ~[filemanager.jar:?]
	at com.st.microxplorer.plugins.projectmanager.gui.ProjectChoiceTab.updateSettings(ProjectChoiceTab.java:555) ~[filemanager.jar:?]
	at com.st.microxplorer.plugins.projectmanager.gui.ProjectSettingsPanel.UpdateDialog(ProjectSettingsPanel.java:245) ~[filemanager.jar:?]
	at com.st.microxplorer.plugins.projectmanager.ProjectManagerView.propertyChange(ProjectManagerView.java:392) ~[filemanager.jar:?]
	at java.beans.PropertyChangeSupport.fire(PropertyChangeSupport.java:343) ~[?:?]
	at java.beans.PropertyChangeSupport.firePropertyChange(PropertyChangeSupport.java:335) ~[?:?]
	at java.beans.PropertyChangeSupport.firePropertyChange(PropertyChangeSupport.java:268) ~[?:?]
	at com.st.microxplorer.util.MXPropertyChangeSupport.firePropertyChange(MXPropertyChangeSupport.java:54) ~[STM32CubeMX.jar:?]
	at com.st.microxplorer.mxsystem.MxSystem.closeConfig(MxSystem.java:899) ~[STM32CubeMX.jar:?]
	at com.st.microxplorer.maingui.MainPanel.closeConfig(MainPanel.java:789) ~[STM32CubeMX.jar:?]
	at com.st.microxplorer.plugins.filemanager.engine.OpenFileManager.loadConfigurationFile(OpenFileManager.java:287) ~[filemanager.jar:?]
	at com.st.microxplorer.plugins.filemanager.engine.MainFileManager.userLoadConfig(MainFileManager.java:341) ~[filemanager.jar:?]
	at com.st.microxplorer.plugins.filemanager.engine.MainFileManager.userLoadConfig(MainFileManager.java:319) ~[filemanager.jar:?]
	at com.st.microxplorer.plugins.filemanager.FileManagerView.getSpecificTask(FileManagerView.java:246) ~[filemanager.jar:?]
	at com.st.stm32cube.common.mx.editor.CubeMxEditor.getMxTabbedPaneInstance(CubeMxEditor.java:1198) ~[com.st.stm32cube.common.mx_6.14.1.202504091515/:?]
	at com.st.stm32cube.common.mx.editor.CubeMxEditor$12$1.createSwingComponent(CubeMxEditor.java:1068) ~[com.st.stm32cube.common.mx_6.14.1.202504091515/:?]
	at com.st.stm32cube.common.mx.oss.core.awtswtbridge.EmbeddedSwingComposite.doComponentCreation(EmbeddedSwingComposite.java:492) ~[com.st.stm32cube.common.mx.oss_6.14.1.202504091515/:?]
	at com.st.stm32cube.common.mx.oss.core.awtswtbridge.EmbeddedSwingComposite$4.run(EmbeddedSwingComposite.java:291) ~[com.st.stm32cube.common.mx.oss_6.14.1.202504091515/:?]
	at com.st.stm32cube.common.mx.oss.core.awtswtbridge.AwtEnvironment$2.run(AwtEnvironment.java:166) ~[com.st.stm32cube.common.mx.oss_6.14.1.202504091515/:?]
	at java.awt.event.InvocationEvent.dispatch(InvocationEvent.java:318) ~[?:?]
	at java.awt.EventQueue.dispatchEventImpl(EventQueue.java:773) ~[?:?]
	at java.awt.EventQueue$4.run(EventQueue.java:720) ~[?:?]
	at java.awt.EventQueue$4.run(EventQueue.java:714) ~[?:?]
	at java.security.AccessController.doPrivileged(AccessController.java:400) ~[?:?]
	at java.security.ProtectionDomain$JavaSecurityAccessImpl.doIntersectionPrivilege(ProtectionDomain.java:87) ~[?:?]
	at java.awt.EventQueue.dispatchEvent(EventQueue.java:742) ~[?:?]
	at java.awt.EventDispatchThread.pumpOneEventForFilters(EventDispatchThread.java:203) ~[?:?]
	at java.awt.EventDispatchThread.pumpEventsForFilter(EventDispatchThread.java:124) ~[?:?]
	at java.awt.EventDispatchThread.pumpEventsForHierarchy(EventDispatchThread.java:113) ~[?:?]
	at java.awt.EventDispatchThread.pumpEvents(EventDispatchThread.java:109) ~[?:?]
	at java.awt.EventDispatchThread.pumpEvents(EventDispatchThread.java:101) ~[?:?]
	at java.awt.EventDispatchThread.run(EventDispatchThread.java:90) ~[?:?]
2025-09-21 18:24:43,946 [WARN] ThirdParty:871 - waiting for thirdparty lock release [close project]
2025-09-21 18:24:43,946 [INFO] ThirdParty:873 - entering critical section [close project]
2025-09-21 18:24:43,947 [INFO] ThirdParty:883 - exiting critical section [close project]
2025-09-21 18:24:43,951 [INFO] PinOutPanel:1589 - setPackage(No Configuration,No Configuration)
2025-09-21 18:24:43,956 [INFO] UtilMem:75 - Begin LoadConfig() Used Memory: 820516488 Bytes (1073741824)
2025-09-21 18:24:43,956 [INFO] MicroXplorer:468 - Change Database Path : 
2025-09-21 18:24:43,958 [INFO] MicroXplorer:498 - Change Database Version : DB.6.0.141
2025-09-21 18:24:43,958 [INFO] OpenFileManager:354 - Change cursor
2025-09-21 18:24:44,013 [INFO] RulesReader:64 - Compatibility file has been processed (302 Rules)
2025-09-21 18:24:44,023 [INFO] Mcu:2011 - Initializing MCU STM32F103C(8-B)Tx STM32F103C8Tx STM32F103C8T6
2025-09-21 18:24:45,065 [INFO] Context:756 - Trying to add GPIOservice into a context  which must be forbidden
2025-09-21 18:24:45,346 [INFO] ImportTextPane:218 - (OptionalMessage_ERROR) Pin8 (VP_RIF_VS_RIF1) cannot be retrieved for this MCU
2025-09-21 18:24:45,701 [INFO] RtosManager:558 - Registered RTOS mode: class=CMSIS, group=RTOS, mode=CMSIS_V1, owner=FREERTOS
2025-09-21 18:24:45,701 [INFO] RtosManager:558 - Registered RTOS mode: class=CMSIS, group=RTOS2, mode=CMSIS_V2, owner=FREERTOS
2025-09-21 18:24:45,701 [INFO] RtosManager:558 - Registered RTOS mode: class=RTOS, group=Core, mode=CMSIS_V1, owner=FREERTOS
2025-09-21 18:24:45,701 [INFO] RtosManager:558 - Registered RTOS mode: class=RTOS, group=Core, mode=CMSIS_V2, owner=FREERTOS
2025-09-21 18:24:45,701 [WARN] ModelIntegratedComponent:184 - Missing modes for component STMicroelectronics:FreeRTOS:0.0.1:STMicroelectronics:RTOS:FreeRTOS:Core:::10.2.0:
2025-09-21 18:24:45,707 [WARN] ModelIntegratedComponent:63 - No mode defined for component null
2025-09-21 18:24:45,707 [WARN] ModelIntegratedComponent:63 - No mode defined for component null
2025-09-21 18:24:45,707 [WARN] ModelIntegratedComponent:63 - No mode defined for component null
2025-09-21 18:24:45,707 [WARN] ModelIntegratedComponent:63 - No mode defined for component null
2025-09-21 18:24:45,707 [WARN] ModelIntegratedComponent:63 - No mode defined for component null
2025-09-21 18:24:45,708 [WARN] ModelIntegratedComponent:63 - No mode defined for component null
2025-09-21 18:24:45,708 [WARN] ModelIntegratedComponent:63 - No mode defined for component null
2025-09-21 18:24:45,708 [WARN] ModelIntegratedComponent:63 - No mode defined for component null
2025-09-21 18:24:45,708 [WARN] ModelIntegratedComponent:63 - No mode defined for component null
2025-09-21 18:24:45,708 [WARN] ModelIntegratedComponent:63 - No mode defined for component null
2025-09-21 18:24:45,708 [WARN] ModelIntegratedComponent:63 - No mode defined for component null
2025-09-21 18:24:45,708 [WARN] ModelIntegratedComponent:63 - No mode defined for component null
2025-09-21 18:24:45,708 [WARN] ModelIntegratedComponent:63 - No mode defined for component null
2025-09-21 18:24:45,708 [WARN] ModelIntegratedComponent:63 - No mode defined for component null
2025-09-21 18:24:45,708 [WARN] ModelIntegratedComponent:63 - No mode defined for component null
2025-09-21 18:24:45,708 [WARN] ModelIntegratedComponent:63 - No mode defined for component null
2025-09-21 18:24:45,709 [WARN] ModelIntegratedComponent:63 - No mode defined for component null
2025-09-21 18:24:45,709 [WARN] ModelIntegratedComponent:63 - No mode defined for component null
2025-09-21 18:24:45,709 [WARN] ModelIntegratedComponent:63 - No mode defined for component null
2025-09-21 18:24:45,709 [WARN] ModelIntegratedComponent:63 - No mode defined for component null
2025-09-21 18:24:45,709 [WARN] ModelIntegratedComponent:63 - No mode defined for component null
2025-09-21 18:24:45,709 [WARN] ModelIntegratedComponent:63 - No mode defined for component null
2025-09-21 18:24:45,709 [WARN] ModelIntegratedComponent:63 - No mode defined for component null
2025-09-21 18:24:45,709 [WARN] ModelIntegratedComponent:63 - No mode defined for component null
2025-09-21 18:24:45,709 [WARN] ModelIntegratedComponent:63 - No mode defined for component null
2025-09-21 18:24:45,709 [WARN] ModelIntegratedComponent:63 - No mode defined for component null
2025-09-21 18:24:45,709 [WARN] ModelIntegratedComponent:63 - No mode defined for component null
2025-09-21 18:24:45,709 [WARN] ModelIntegratedComponent:63 - No mode defined for component null
2025-09-21 18:24:45,709 [WARN] ModelIntegratedComponent:63 - No mode defined for component null
2025-09-21 18:24:45,709 [WARN] ModelIntegratedComponent:63 - No mode defined for component null
2025-09-21 18:24:45,709 [WARN] ModelIntegratedComponent:63 - No mode defined for component null
2025-09-21 18:24:45,710 [WARN] ModelIntegratedComponent:63 - No mode defined for component null
2025-09-21 18:24:45,710 [WARN] ModelIntegratedComponent:63 - No mode defined for component null
2025-09-21 18:24:45,710 [WARN] ModelIntegratedComponent:63 - No mode defined for component null
2025-09-21 18:24:45,710 [WARN] ModelIntegratedComponent:63 - No mode defined for component null
2025-09-21 18:24:45,710 [WARN] ModelPack:524 - Component already loaded: STMicroelectronics:HAL Drivers:0.0.0:STMicroelectronics:Device:STMicro_Driver:XSPI:HAL::0.0.1:HAL_XSPI
2025-09-21 18:24:46,470 [INFO] ThirdPartyModel:298 - Start build external matchings
2025-09-21 18:24:50,822 [INFO] ThirdPartyModel:316 - End build external matchings
2025-09-21 18:24:50,879 [INFO] ImportTextPane:218 - (OptionalMessage_ERROR) IP (RCC) : Parameter (ADCFreqValue) has invalid value (36000000)
2025-09-21 18:24:50,880 [INFO] ImportTextPane:218 - (OptionalMessage_ERROR) IP (RCC) : Invalid parameter (FamilyName)
2025-09-21 18:24:50,881 [INFO] ImportTextPane:218 - (OptionalMessage_ERROR) IP (RCC) : Parameter (MCOFreq_Value) has invalid value (72000000)
2025-09-21 18:24:50,881 [INFO] ImportTextPane:218 - (OptionalMessage_ERROR) IP (RCC) : Parameter (USBFreq_Value) has invalid value (72000000)
2025-09-21 18:24:51,214 [INFO] UtilMem:75 - End LoadConfig() Used Memory: 775963776 Bytes (1073741824)
2025-09-21 18:24:51,261 [WARN] ThirdParty:833 - waiting for thirdparty lock release [change project]
2025-09-21 18:24:51,262 [INFO] ThirdParty:835 - entering critical section [change project]
2025-09-21 18:24:51,262 [INFO] ThirdParty:1030 - CMSIS Pack Vendor :STMicroelectronics X-CUBE-PM33A1 1.0.0
2025-09-21 18:24:51,262 [INFO] ThirdParty:1030 - CMSIS Pack Vendor :STMicroelectronics USBPD 4.1
2025-09-21 18:24:51,263 [INFO] ThirdParty:1030 - CMSIS Pack Vendor :STMicroelectronics X-CUBE-GNSS1 6.0.0
2025-09-21 18:24:51,263 [INFO] ThirdParty:1030 - CMSIS Pack Vendor :STMicroelectronics USB_HOST 2.0.0
2025-09-21 18:24:51,263 [INFO] ThirdParty:1030 - CMSIS Pack Vendor :STMicroelectronics FP-SNS-MOTENVWB1 1.4.0
2025-09-21 18:24:51,263 [INFO] ThirdParty:1030 - CMSIS Pack Vendor :STMicroelectronics X-CUBE-AZRTOS-F4 1.1.0
2025-09-21 18:24:51,263 [INFO] ThirdParty:1030 - CMSIS Pack Vendor :STMicroelectronics LIBJPEG 8.0.0
2025-09-21 18:24:51,263 [INFO] ThirdParty:1030 - CMSIS Pack Vendor :STMicroelectronics FP-ATR-ASTRA1 2.0.2
2025-09-21 18:24:51,263 [INFO] ThirdParty:1030 - CMSIS Pack Vendor :STMicroelectronics FP-ATR-ASTRA1 2.0.1
2025-09-21 18:24:51,263 [INFO] ThirdParty:1030 - CMSIS Pack Vendor :Avnet-IotConnect X-CUBE-IoTC-DA16k-PMOD 1.0.0
2025-09-21 18:24:51,264 [INFO] ThirdParty:1030 - CMSIS Pack Vendor :STMicroelectronics X-CUBE-SMBUS 2.1.0
2025-09-21 18:24:51,264 [INFO] ThirdParty:1030 - CMSIS Pack Vendor :STMicroelectronics X-CUBE-WB05N 1.1.0
2025-09-21 18:24:51,264 [INFO] ThirdParty:1030 - CMSIS Pack Vendor :STMicroelectronics X-CUBE-ISPU 2.1.0
2025-09-21 18:24:51,264 [INFO] ThirdParty:1030 - CMSIS Pack Vendor :STMicroelectronics X-CUBE-FREERTOS 1.2.0
2025-09-21 18:24:51,265 [INFO] ThirdParty:1030 - CMSIS Pack Vendor :STMicroelectronics X-CUBE-ST60 1.0.0
2025-09-21 18:24:51,265 [INFO] ThirdParty:1030 - CMSIS Pack Vendor :STMicroelectronics X-CUBE-TOUCHGFX 4.23.0
2025-09-21 18:24:51,265 [INFO] ThirdParty:1030 - CMSIS Pack Vendor :STMicroelectronics X-CUBE-NFC12 1.0.0
2025-09-21 18:24:51,266 [INFO] ThirdParty:1030 - CMSIS Pack Vendor :STMicroelectronics X-CUBE-TOUCHGFX 4.23.2
2025-09-21 18:24:51,266 [INFO] ThirdParty:1030 - CMSIS Pack Vendor :STMicroelectronics X-CUBE-AZRTOS-F7 1.1.0
2025-09-21 18:24:51,266 [INFO] ThirdParty:1030 - CMSIS Pack Vendor :STMicroelectronics X-CUBE-AZRTOS-L5 2.0.0
2025-09-21 18:24:51,266 [INFO] ThirdParty:1030 - CMSIS Pack Vendor :STMicroelectronics USB_DEVICE 2.0.0
2025-09-21 18:24:51,266 [INFO] ThirdParty:1030 - CMSIS Pack Vendor :STMicroelectronics X-CUBE-EEPRMA1 4.2.0
2025-09-21 18:24:51,266 [INFO] ThirdParty:1030 - CMSIS Pack Vendor :STMicroelectronics X-CUBE-NFC6 3.1.0
2025-09-21 18:24:51,266 [INFO] ThirdParty:1030 - CMSIS Pack Vendor :STMicroelectronics FP-SNS-MOTENV1 4.3.2
2025-09-21 18:24:51,267 [INFO] ThirdParty:1030 - CMSIS Pack Vendor :STMicroelectronics X-CUBE-MEMS1 11.0.0
2025-09-21 18:24:51,267 [INFO] ThirdParty:1030 - CMSIS Pack Vendor :STMicroelectronics FreeRTOS 0.0.1
2025-09-21 18:24:51,267 [INFO] ThirdParty:1030 - CMSIS Pack Vendor :STMicroelectronics X-CUBE-DPower 1.2.0
2025-09-21 18:24:51,267 [INFO] ThirdParty:1030 - CMSIS Pack Vendor :STMicroelectronics FP-SNS-FLIGHT1 5.0.2
2025-09-21 18:24:51,267 [INFO] ThirdParty:1030 - CMSIS Pack Vendor :STMicroelectronics X-CUBE-AI 9.0.0
2025-09-21 18:24:51,268 [INFO] ThirdParty:1030 - CMSIS Pack Vendor :STMicroelectronics PDM2PCM 3.3.0
2025-09-21 18:24:51,268 [INFO] ThirdParty:1030 - CMSIS Pack Vendor :STMicroelectronics X-CUBE-AZRTOS-H7 3.4.0
2025-09-21 18:24:51,268 [INFO] ThirdParty:1030 - CMSIS Pack Vendor :STMicroelectronics X-CUBE-DISPLAY 3.0.0
2025-09-21 18:24:51,268 [INFO] ThirdParty:1030 - CMSIS Pack Vendor :STMicroelectronics X-CUBE-BLE1 7.0.0
2025-09-21 18:24:51,268 [INFO] ThirdParty:1030 - CMSIS Pack Vendor :STMicroelectronics X-CUBE-NFC10 1.0.0
2025-09-21 18:24:51,268 [INFO] ThirdParty:1030 - CMSIS Pack Vendor :STMicroelectronics X-CUBE-BLEMGR 4.0.0
2025-09-21 18:24:51,269 [INFO] ThirdParty:1030 - CMSIS Pack Vendor :STMicroelectronics X-CUBE-FREERTOS 1.3.1
2025-09-21 18:24:51,270 [INFO] ThirdParty:1030 - CMSIS Pack Vendor :STMicroelectronics HAL Drivers 0.0.0
2025-09-21 18:24:51,270 [INFO] ThirdParty:1030 - CMSIS Pack Vendor :emotas I-CUBE-CANOPEN 1.3.0
2025-09-21 18:24:51,270 [INFO] ThirdParty:1030 - CMSIS Pack Vendor :STMicroelectronics X-CUBE-FREERTOS 1.3.0
2025-09-21 18:24:51,270 [INFO] ThirdParty:1030 - CMSIS Pack Vendor :STMicroelectronics X-CUBE-NFC7 1.0.1
2025-09-21 18:24:51,270 [INFO] ThirdParty:1030 - CMSIS Pack Vendor :STMicroelectronics MBEDTLS 2.14.1
2025-09-21 18:24:51,270 [INFO] ThirdParty:1030 - CMSIS Pack Vendor :STMicroelectronics X-CUBE-NFC6 3.0.0
2025-09-21 18:24:51,271 [INFO] ThirdParty:1030 - CMSIS Pack Vendor :STMicroelectronics X-CUBE-BLEMGR 3.1.0
2025-09-21 18:24:51,271 [INFO] ThirdParty:1030 - CMSIS Pack Vendor :STMicroelectronics X-CUBE-AI 10.0.0
2025-09-21 18:24:51,271 [INFO] ThirdParty:1030 - CMSIS Pack Vendor :STMicroelectronics FP-SNS-SMARTAG2 1.2.0
2025-09-21 18:24:51,271 [INFO] ThirdParty:1030 - CMSIS Pack Vendor :STMicroelectronics FP-SNS-FLIGHT1 5.1.0
2025-09-21 18:24:51,271 [INFO] ThirdParty:1030 - CMSIS Pack Vendor :STMicroelectronics X-CUBE-MEMS1 11.1.0
2025-09-21 18:24:51,271 [INFO] ThirdParty:1030 - CMSIS Pack Vendor :STMicroelectronics X-CUBE-AZRTOS-WL 2.0.0
2025-09-21 18:24:51,272 [INFO] ThirdParty:1030 - CMSIS Pack Vendor :STMicroelectronics X-CUBE-DPower 1.3.0
2025-09-21 18:24:51,272 [INFO] ThirdParty:1030 - CMSIS Pack Vendor :STMicroelectronics FP-SNS-MOTENV1 5.0.0
2025-09-21 18:24:51,272 [INFO] ThirdParty:1030 - CMSIS Pack Vendor :STMicroelectronics USB_DEVICE 1.0.0
2025-09-21 18:24:51,276 [INFO] ThirdParty:1030 - CMSIS Pack Vendor :STMicroelectronics X-CUBE-AI 8.1.0
2025-09-21 18:24:51,276 [INFO] ThirdParty:1030 - CMSIS Pack Vendor :wolfSSL I-CUBE-wolfMQTT 1.19.0
2025-09-21 18:24:51,276 [INFO] ThirdParty:1030 - CMSIS Pack Vendor :STMicroelectronics X-CUBE-AZRTOS-L4 2.0.0
2025-09-21 18:24:51,276 [INFO] ThirdParty:1030 - CMSIS Pack Vendor :STMicroelectronics ThreadX 0.0.2
2025-09-21 18:24:51,277 [INFO] ThirdParty:1030 - CMSIS Pack Vendor :WES I-CUBE-Cesium 1.3.0
2025-09-21 18:24:51,277 [INFO] ThirdParty:1030 - CMSIS Pack Vendor :STMicroelectronics lwIP 2.1.2
2025-09-21 18:24:51,277 [INFO] ThirdParty:1030 - CMSIS Pack Vendor :STMicroelectronics X-CUBE-SFXS2LP1 4.0.0
2025-09-21 18:24:51,277 [INFO] ThirdParty:1030 - CMSIS Pack Vendor :STMicroelectronics X-CUBE-BLE2 3.3.0
2025-09-21 18:24:51,277 [INFO] ThirdParty:1030 - CMSIS Pack Vendor :STMicroelectronics PDM2PCM 3.2.0
2025-09-21 18:24:51,277 [INFO] ThirdParty:1030 - CMSIS Pack Vendor :STMicroelectronics X-CUBE-AZRTOS-H7 3.3.0
2025-09-21 18:24:51,277 [INFO] ThirdParty:1030 - CMSIS Pack Vendor :STMicroelectronics X-CUBE-NFC9 1.0.0
2025-09-21 18:24:51,277 [INFO] ThirdParty:1030 - CMSIS Pack Vendor :STMicroelectronics X-CUBE-BLE1 7.1.0
2025-09-21 18:24:51,277 [INFO] ThirdParty:1030 - CMSIS Pack Vendor :STMicroelectronics USB_DEVICE 3.0.0
2025-09-21 18:24:51,278 [INFO] ThirdParty:1030 - CMSIS Pack Vendor :STMicroelectronics X-CUBE-TCPP 4.1.0
2025-09-21 18:24:51,278 [INFO] ThirdParty:1030 - CMSIS Pack Vendor :STMicroelectronics X-CUBE-EEPRMA1 5.2.0
2025-09-21 18:24:51,278 [INFO] ThirdParty:1030 - CMSIS Pack Vendor :STMicroelectronics X-CUBE-BLEMGR 4.1.0
2025-09-21 18:24:51,278 [INFO] ThirdParty:1030 - CMSIS Pack Vendor :STMicroelectronics X-CUBE-IPS 3.0.0
2025-09-21 18:24:51,278 [INFO] ThirdParty:1030 - CMSIS Pack Vendor :STMicroelectronics X-CUBE-AZRTOS-WB 2.0.0
2025-09-21 18:24:51,278 [INFO] ThirdParty:1030 - CMSIS Pack Vendor :STMicroelectronics X-CUBE-GNSS1 7.0.0
2025-09-21 18:24:51,279 [INFO] ThirdParty:1030 - CMSIS Pack Vendor :STMicroelectronics X-CUBE-GNSS1 7.0.1
2025-09-21 18:24:51,279 [INFO] ThirdParty:1030 - CMSIS Pack Vendor :STMicroelectronics X-CUBE-TOUCHGFX 4.25.0
2025-09-21 18:24:51,280 [INFO] ThirdParty:1030 - CMSIS Pack Vendor :STMicroelectronics X-CUBE-AI 10.1.0
2025-09-21 18:24:51,280 [INFO] ThirdParty:1030 - CMSIS Pack Vendor :STMicroelectronics FP-SNS-STBOX1 2.0.0
2025-09-21 18:24:51,281 [INFO] ThirdParty:1030 - CMSIS Pack Vendor :STMicroelectronics X-CUBE-ALGOBUILD 1.3.0
2025-09-21 18:24:51,281 [INFO] ThirdParty:1030 - CMSIS Pack Vendor :STMicroelectronics X-CUBE-MEMS1 11.2.0
2025-09-21 18:24:51,281 [INFO] ThirdParty:1030 - CMSIS Pack Vendor :STMicroelectronics X-CUBE-AZRTOS-G0 1.1.0
2025-09-21 18:24:51,282 [INFO] ThirdParty:1030 - CMSIS Pack Vendor :STMicroelectronics X-CUBE-SAFEA1 1.2.2
2025-09-21 18:24:51,282 [INFO] ThirdParty:1030 - CMSIS Pack Vendor :STMicroelectronics X-CUBE-NFC4 3.0.0
2025-09-21 18:24:51,282 [INFO] ThirdParty:1030 - CMSIS Pack Vendor :STMicroelectronics X-CUBE-SUBG2 5.0.0
2025-09-21 18:24:51,282 [INFO] ThirdParty:1030 - CMSIS Pack Vendor :STMicroelectronics X-CUBE-AZRTOS-H7RS 1.1.0
2025-09-21 18:24:51,282 [INFO] ThirdParty:1030 - CMSIS Pack Vendor :STMicroelectronics STM32_WPAN 1.0.0
2025-09-21 18:24:51,282 [INFO] ThirdParty:1030 - CMSIS Pack Vendor :EmbeddedOffice I-CUBE-FS-RTOS 1.0.1
2025-09-21 18:24:51,282 [INFO] ThirdParty:1030 - CMSIS Pack Vendor :STMicroelectronics lwIP 2.0.3
2025-09-21 18:24:51,282 [INFO] ThirdParty:1030 - CMSIS Pack Vendor :Cesanta I-CUBE-Mongoose 7.13.0
2025-09-21 18:24:51,282 [INFO] ThirdParty:1030 - CMSIS Pack Vendor :STMicroelectronics USB_HOST 1.0.0
2025-09-21 18:24:51,282 [INFO] ThirdParty:1030 - CMSIS Pack Vendor :STMicroelectronics X-CUBE-AZRTOS-G4 2.0.0
2025-09-21 18:24:51,283 [INFO] ThirdParty:1030 - CMSIS Pack Vendor :STMicroelectronics X-CUBE-WB05N 2.0.0
2025-09-21 18:24:51,283 [INFO] ThirdParty:1030 - CMSIS Pack Vendor :STMicroelectronics PDM2PCM 3.1.0
2025-09-21 18:24:51,283 [INFO] ThirdParty:1030 - CMSIS Pack Vendor :STMicroelectronics X-CUBE-BLEMGR 3.0.0
2025-09-21 18:24:51,283 [INFO] ThirdParty:1030 - CMSIS Pack Vendor :STMicroelectronics X-CUBE-NFC7 2.0.0
2025-09-21 18:24:51,283 [INFO] ThirdParty:1030 - CMSIS Pack Vendor :STMicroelectronics X-CUBE-TCPP 4.2.0
2025-09-21 18:24:51,283 [INFO] ThirdParty:1030 - CMSIS Pack Vendor :RealThread X-CUBE-RT-Thread_Nano 4.1.1
2025-09-21 18:24:51,283 [INFO] ThirdParty:1030 - CMSIS Pack Vendor :wolfSSL I-CUBE-wolfSSL 5.7.0
2025-09-21 18:24:51,284 [INFO] ThirdParty:1030 - CMSIS Pack Vendor :STMicroelectronics FP-SNS-MOTENVWB1 1.3.1
2025-09-21 18:24:51,284 [INFO] ThirdParty:1030 - CMSIS Pack Vendor :STMicroelectronics FP-ATR-SIGFOX1 3.2.0
2025-09-21 18:24:51,284 [INFO] ThirdParty:1030 - CMSIS Pack Vendor :quantropi X-CUBE-qispace-sdk-base 1.9.3
2025-09-21 18:24:51,284 [INFO] ThirdParty:1030 - CMSIS Pack Vendor :STMicroelectronics X-CUBE-ISPU 2.0.0
2025-09-21 18:24:51,284 [INFO] ThirdParty:1030 - CMSIS Pack Vendor :STMicroelectronics X-CUBE-EEPRMA1 5.1.0
2025-09-21 18:24:51,284 [INFO] ThirdParty:1030 - CMSIS Pack Vendor :STMicroelectronics MBEDTLS 2.16.2
2025-09-21 18:24:51,284 [INFO] ThirdParty:1030 - CMSIS Pack Vendor :STMicroelectronics X-CUBE-IPS 3.1.0
2025-09-21 18:24:51,284 [INFO] ThirdParty:1030 - CMSIS Pack Vendor :STMicroelectronics X-CUBE-ALS 1.0.2
2025-09-21 18:24:51,285 [INFO] ThirdParty:1030 - CMSIS Pack Vendor :STMicroelectronics X-CUBE-MEMS1 10.0.0
2025-09-21 18:24:51,285 [INFO] ThirdParty:1030 - CMSIS Pack Vendor :STMicroelectronics X-CUBE-FREERTOS 1.1.0
2025-09-21 18:24:51,285 [INFO] ThirdParty:1030 - CMSIS Pack Vendor :STMicroelectronics X-CUBE-TOUCHGFX 4.24.0
2025-09-21 18:24:51,285 [INFO] ThirdParty:1030 - CMSIS Pack Vendor :ITTIA_DB I-CUBE-ITTIADB 8.9.0
2025-09-21 18:24:51,285 [INFO] ThirdParty:1030 - CMSIS Pack Vendor :STMicroelectronics X-CUBE-TOUCHGFX 4.24.2
2025-09-21 18:24:51,285 [INFO] ThirdParty:1030 - CMSIS Pack Vendor :STMicroelectronics X-CUBE-TOUCHGFX 4.24.1
2025-09-21 18:24:51,285 [INFO] ThirdParty:1030 - CMSIS Pack Vendor :STMicroelectronics X-CUBE-STSE01 1.0.0
2025-09-21 18:24:51,285 [INFO] ThirdParty:1030 - CMSIS Pack Vendor :wolfSSL I-CUBE-wolfTPM 3.4.0
2025-09-21 18:24:51,285 [INFO] ThirdParty:1030 - CMSIS Pack Vendor :portGmbH I-Cube-SoM-uGOAL 1.1.0
2025-09-21 18:24:51,285 [INFO] ThirdParty:1030 - CMSIS Pack Vendor :STMicroelectronics X-CUBE-ALS 1.0.1
2025-09-21 18:24:51,285 [INFO] ThirdParty:1030 - CMSIS Pack Vendor :STMicroelectronics X-CUBE-ST67W61 1.0.0
2025-09-21 18:24:51,285 [INFO] ThirdParty:1030 - CMSIS Pack Vendor :STMicroelectronics X-CUBE-AI 10.2.0
2025-09-21 18:24:51,286 [INFO] ThirdParty:1030 - CMSIS Pack Vendor :STMicroelectronics ThreadX 1.0.0
2025-09-21 18:24:51,286 [INFO] ThirdParty:1030 - CMSIS Pack Vendor :SEGGER I-CUBE-embOS 1.3.1
2025-09-21 18:24:51,286 [INFO] ThirdParty:1030 - CMSIS Pack Vendor :STMicroelectronics X-CUBE-ALGOBUILD 1.4.0
2025-09-21 18:24:51,286 [INFO] ThirdParty:1030 - CMSIS Pack Vendor :STMicroelectronics X-CUBE-MEMS1 11.3.0
2025-09-21 18:24:51,286 [INFO] ThirdParty:1030 - CMSIS Pack Vendor :STMicroelectronics X-CUBE-AZRTOS-H7RS 1.0.0
2025-09-21 18:24:51,286 [INFO] ThirdParty:1030 - CMSIS Pack Vendor :STMicroelectronics FP-ATR-ASTRA1 2.0.0
2025-09-21 18:24:51,286 [INFO] ThirdParty:1030 - CMSIS Pack Vendor :STMicroelectronics X-CUBE-TOF1 3.4.2
2025-09-21 18:24:51,286 [INFO] ThirdParty:1030 - CMSIS Pack Vendor :STMicroelectronics X-CUBE-TOF1 3.4.3
2025-09-21 18:24:51,286 [INFO] ThirdParty:1030 - CMSIS Pack Vendor :STMicroelectronics X-CUBE-AI 9.1.0
2025-09-21 18:24:51,286 [INFO] ThirdParty:1030 - CMSIS Pack Vendor :STMicroelectronics X-CUBE-TOF1 3.4.0
2025-09-21 18:24:51,286 [INFO] ThirdParty:1030 - CMSIS Pack Vendor :STMicroelectronics X-CUBE-TOF1 3.4.1
2025-09-21 18:24:51,287 [INFO] ThirdParty:1030 - CMSIS Pack Vendor :STMicroelectronics X-CUBE-AZRTOS-H7 3.2.0
2025-09-21 18:24:51,287 [INFO] ThirdParty:1030 - CMSIS Pack Vendor :Infineon AIROC-Wi-Fi-Bluetooth-STM32 1.6.0
2025-09-21 18:24:51,288 [INFO] ThirdParty:1030 - CMSIS Pack Vendor :wolfSSL I-CUBE-wolfSSH 1.4.17
2025-09-21 18:24:51,288 [INFO] ThirdParty:841 - exiting critical section [change project]
2025-09-21 18:24:51,672 [INFO] PinOutPanel:1589 - setPackage(No Configuration,No Configuration)
2025-09-21 18:24:51,674 [INFO] PinOutPanel:1589 - setPackage(STM32F103C8Tx,LQFP48)
2025-09-21 18:24:52,432 [INFO] UtilMem:75 - Before build in PCC Used Memory: 744547832 Bytes (1073741824)
2025-09-21 18:24:52,963 [INFO] UtilMem:75 - After build in PCC Used Memory: 788588024 Bytes (1073741824)
2025-09-21 18:24:53,007 [INFO] IPUIPlugin:80 - create IPUIPlugin
2025-09-21 18:24:53,008 [INFO] IPUIPlugin:80 - create IPUIPlugin
2025-09-21 18:24:53,008 [INFO] IPUIPlugin:80 - create IPUIPlugin
2025-09-21 18:24:53,009 [INFO] IPUIPlugin:80 - create IPUIPlugin
2025-09-21 18:24:53,009 [INFO] IPUIPlugin:80 - create IPUIPlugin
2025-09-21 18:24:53,009 [INFO] IPUIPlugin:80 - create IPUIPlugin
2025-09-21 18:24:53,010 [INFO] IPUIPlugin:80 - create IPUIPlugin
2025-09-21 18:24:53,010 [INFO] IPUIPlugin:80 - create IPUIPlugin
2025-09-21 18:24:53,011 [INFO] IPUIPlugin:80 - create IPUIPlugin
2025-09-21 18:24:53,011 [INFO] IPUIPlugin:80 - create IPUIPlugin
2025-09-21 18:24:53,011 [INFO] IPUIPlugin:80 - create IPUIPlugin
2025-09-21 18:24:53,012 [INFO] IPUIPlugin:80 - create IPUIPlugin
2025-09-21 18:24:53,012 [INFO] IPUIPlugin:80 - create IPUIPlugin
2025-09-21 18:24:53,013 [INFO] IPUIPlugin:80 - create IPUIPlugin
2025-09-21 18:24:53,013 [INFO] IPUIPlugin:80 - create IPUIPlugin
2025-09-21 18:24:53,014 [INFO] IPUIPlugin:80 - create IPUIPlugin
2025-09-21 18:24:53,014 [INFO] IPUIPlugin:80 - create IPUIPlugin
2025-09-21 18:24:53,015 [INFO] IPUIPlugin:80 - create IPUIPlugin
2025-09-21 18:24:53,015 [INFO] IPUIPlugin:80 - create IPUIPlugin
2025-09-21 18:24:53,016 [INFO] IPUIPlugin:80 - create IPUIPlugin
2025-09-21 18:24:53,016 [INFO] IPUIPlugin:80 - create IPUIPlugin
2025-09-21 18:24:53,017 [INFO] IPUIPlugin:80 - create IPUIPlugin
2025-09-21 18:24:53,017 [INFO] IPUIPlugin:80 - create IPUIPlugin
2025-09-21 18:24:53,018 [INFO] IPUIPlugin:80 - create IPUIPlugin
2025-09-21 18:24:53,018 [INFO] IPUIPlugin:80 - create IPUIPlugin
2025-09-21 18:24:53,019 [INFO] IPUIPlugin:80 - create IPUIPlugin
2025-09-21 18:24:53,019 [INFO] IPUIPlugin:80 - create IPUIPlugin
2025-09-21 18:24:53,128 [INFO] CADModel:165 - CPN selected for project levelSTM32F103C8T6
2025-09-21 18:24:53,128 [INFO] CADModel:114 - Register for checkConnection events
2025-09-21 18:24:53,192 [INFO] OpenFileManager:385 - Restore cursor
2025-09-21 18:24:53,644 [INFO] UtilMem:75 - End SaveConfig() Used Memory: 864085496 Bytes (1073741824)
2025-09-21 18:24:53,773 [INFO] UtilMem:75 - End SaveConfig() Used Memory: 878250512 Bytes (1073741824)
2025-09-21 18:24:54,078 [INFO] BlockDiagram:2775 - set Specific Code input for plugin: NVIC
2025-09-21 18:24:54,079 [INFO] BlockDiagram:2775 - set Specific Code input for plugin: USART
2025-09-21 18:24:54,079 [INFO] BlockDiagram:2775 - set Specific Code input for plugin: SYS
2025-09-21 18:24:54,080 [INFO] BlockDiagram:2775 - set Specific Code input for plugin: GPIO
2025-09-21 18:24:54,080 [INFO] BlockDiagram:2775 - set Specific Code input for plugin: RCC
2025-09-21 18:24:54,081 [INFO] CodeGenerator:882 - code generatio: config db path: C:\ST\STM32CubeIDE_1.18.0\STM32CubeIDE\plugins\com.st.stm32cube.common.mx_6.14.1.202504091515\\db\
2025-09-21 18:24:54,218 [INFO] CodeEngine:263 - oldGeneratedFile, C:\GIT\GIT_AULAS_FATEC\Exemplos_Codigo_STM32\EX3_Botao_UART\MXTmpFiles\license.tmp_save
2025-09-21 18:24:54,512 [INFO] CodeEngine:287 - Generated code: C:\GIT\GIT_AULAS_FATEC\Exemplos_Codigo_STM32\EX3_Botao_UART\MXTmpFiles\license.tmp
2025-09-21 18:24:54,554 [INFO] CodeEngine:263 - oldGeneratedFile, C:\GIT\GIT_AULAS_FATEC\Exemplos_Codigo_STM32\EX3_Botao_UART\MXTmpFiles\gpio.tmp_save
2025-09-21 18:24:54,712 [INFO] CodeEngine:287 - Generated code: C:\GIT\GIT_AULAS_FATEC\Exemplos_Codigo_STM32\EX3_Botao_UART\MXTmpFiles\gpio.tmp
2025-09-21 18:24:54,774 [INFO] CodeEngine:263 - oldGeneratedFile, C:\GIT\GIT_AULAS_FATEC\Exemplos_Codigo_STM32\EX3_Botao_UART\Core\Src\stm32f1xx_it.c_save
2025-09-21 18:24:55,173 [INFO] CodeEngine:287 - Generated code: C:\GIT\GIT_AULAS_FATEC\Exemplos_Codigo_STM32\EX3_Botao_UART\Core\Src\stm32f1xx_it.c
2025-09-21 18:24:55,181 [INFO] CodeEngine:263 - oldGeneratedFile, C:\GIT\GIT_AULAS_FATEC\Exemplos_Codigo_STM32\EX3_Botao_UART\Core\Inc\stm32f1xx_it.h_save
2025-09-21 18:24:55,291 [INFO] CodeEngine:287 - Generated code: C:\GIT\GIT_AULAS_FATEC\Exemplos_Codigo_STM32\EX3_Botao_UART\Core\Inc\stm32f1xx_it.h
2025-09-21 18:24:55,310 [INFO] CodeEngine:263 - oldGeneratedFile, C:\GIT\GIT_AULAS_FATEC\Exemplos_Codigo_STM32\EX3_Botao_UART\Core\Src\stm32f1xx_hal_msp.c_save
2025-09-21 18:24:55,514 [INFO] CodeEngine:287 - Generated code: C:\GIT\GIT_AULAS_FATEC\Exemplos_Codigo_STM32\EX3_Botao_UART\Core\Src\stm32f1xx_hal_msp.c
2025-09-21 18:24:55,521 [INFO] CodeEngine:263 - oldGeneratedFile, C:\GIT\GIT_AULAS_FATEC\Exemplos_Codigo_STM32\EX3_Botao_UART\MXTmpFiles\system.tmp_save
2025-09-21 18:24:55,608 [INFO] CodeEngine:287 - Generated code: C:\GIT\GIT_AULAS_FATEC\Exemplos_Codigo_STM32\EX3_Botao_UART\MXTmpFiles\system.tmp
2025-09-21 18:24:55,621 [INFO] CodeEngine:319 - oldGeneratedFile, C:\GIT\GIT_AULAS_FATEC\Exemplos_Codigo_STM32\EX3_Botao_UART\Core\Inc\stm32f1xx_hal_conf.h_save
2025-09-21 18:24:55,713 [INFO] CodeEngine:343 - Generated code: C:\GIT\GIT_AULAS_FATEC\Exemplos_Codigo_STM32\EX3_Botao_UART\Core\Inc\stm32f1xx_hal_conf.h
2025-09-21 18:24:55,746 [INFO] ApiDbMcu:508 - Load IP Config File for USART1
2025-09-21 18:24:55,748 [INFO] ApiDbMcu:508 - Load IP Config File for RCC
2025-09-21 18:24:55,759 [INFO] CodeEngine:263 - oldGeneratedFile, C:\GIT\GIT_AULAS_FATEC\Exemplos_Codigo_STM32\EX3_Botao_UART\Core\Inc\main.h_save
2025-09-21 18:24:55,867 [INFO] CodeEngine:287 - Generated code: C:\GIT\GIT_AULAS_FATEC\Exemplos_Codigo_STM32\EX3_Botao_UART\Core\Inc\main.h
2025-09-21 18:24:55,872 [INFO] CodeEngine:263 - oldGeneratedFile, C:\GIT\GIT_AULAS_FATEC\Exemplos_Codigo_STM32\EX3_Botao_UART\Core\Src\main.c_save
2025-09-21 18:24:55,989 [INFO] CodeEngine:287 - Generated code: C:\GIT\GIT_AULAS_FATEC\Exemplos_Codigo_STM32\EX3_Botao_UART\Core\Src\main.c
2025-09-21 18:24:56,464 [INFO] ProjectBuilder:3324 - Time for Copy HAL[1] : 216mS.
2025-09-21 18:24:56,472 [INFO] ProjectBuilder:4912 - Project Generator version: 4.6.0.1-B1
2025-09-21 18:24:56,624 [INFO] ConfigFileManager:1590 - The Die is : DIE410
2025-09-21 18:24:56,630 [INFO] ApiDbMcu:508 - Load IP Config File for FATFS
2025-09-21 18:24:56,638 [INFO] ApiDbMcu:508 - Load IP Config File for FREERTOS
2025-09-21 18:24:56,647 [INFO] ApiDbMcu:508 - Load IP Config File for USB_DEVICE
2025-09-21 18:24:59,183 [INFO] ProjectBuilder:5191 - Time for Generating toolchain IDE Files: 2711mS.
2025-09-21 18:24:59,184 [INFO] ProjectBuilder:3181 - Time for Copy CMSIS : 0mS.
2025-09-21 18:24:59,187 [INFO] ProjectBuilder:3181 - Time for Copy CMSIS : 0mS.
2025-09-21 18:24:59,965 [INFO] McuFinderGlobals:76 - Set McuFinderConnectedMode to true
2025-09-21 18:24:59,969 [INFO] ApiDb:448 - Save user favorites file C:\Users\User/.stm32cubeide/favorites.mcus.txt: 1 item(s)
2025-09-21 18:24:59,970 [INFO] ApiDb:452 - User favorites MCUs=[STM32F103C8T6]
2025-09-21 18:25:00,486 [ERROR] LogOutputStream:75 - [STDERR_REDIRECT] Exception in thread "AWT-EventQueue-0" java.awt.IllegalComponentStateException: Native resources unavailable
2025-09-21 18:25:00,489 [ERROR] LogOutputStream:75 - [STDERR_REDIRECT] 	at java.desktop/sun.awt.windows.WWindowPeer.getScreenImOn(Native Method)
2025-09-21 18:25:00,491 [ERROR] LogOutputStream:75 - [STDERR_REDIRECT] 	at java.desktop/sun.awt.windows.WWindowPeer.updateGC(WWindowPeer.java:566)
2025-09-21 18:25:00,495 [ERROR] LogOutputStream:75 - [STDERR_REDIRECT] 	at java.desktop/java.awt.event.InvocationEvent.dispatch(InvocationEvent.java:318)
2025-09-21 18:25:00,497 [ERROR] LogOutputStream:75 - [STDERR_REDIRECT] 	at java.desktop/java.awt.EventQueue.dispatchEventImpl(EventQueue.java:773)
2025-09-21 18:25:00,502 [ERROR] LogOutputStream:75 - [STDERR_REDIRECT] 	at java.desktop/java.awt.EventQueue$4.run(EventQueue.java:720)
2025-09-21 18:25:00,503 [ERROR] LogOutputStream:75 - [STDERR_REDIRECT] 	at java.desktop/java.awt.EventQueue$4.run(EventQueue.java:714)
2025-09-21 18:25:00,506 [ERROR] LogOutputStream:75 - [STDERR_REDIRECT] 	at java.base/java.security.AccessController.doPrivileged(AccessController.java:400)
2025-09-21 18:25:00,512 [ERROR] LogOutputStream:75 - [STDERR_REDIRECT] 	at java.base/java.security.ProtectionDomain$JavaSecurityAccessImpl.doIntersectionPrivilege(ProtectionDomain.java:87)
2025-09-21 18:25:00,516 [ERROR] LogOutputStream:75 - [STDERR_REDIRECT] 	at java.base/java.security.ProtectionDomain$JavaSecurityAccessImpl.doIntersectionPrivilege(ProtectionDomain.java:98)
2025-09-21 18:25:00,518 [ERROR] LogOutputStream:75 - [STDERR_REDIRECT] 	at java.desktop/java.awt.EventQueue$5.run(EventQueue.java:747)
2025-09-21 18:25:00,520 [ERROR] LogOutputStream:75 - [STDERR_REDIRECT] 	at java.desktop/java.awt.EventQueue$5.run(EventQueue.java:745)
2025-09-21 18:25:00,523 [ERROR] LogOutputStream:75 - [STDERR_REDIRECT] 	at java.base/java.security.AccessController.doPrivileged(AccessController.java:400)
2025-09-21 18:25:00,526 [ERROR] LogOutputStream:75 - [STDERR_REDIRECT] 	at java.base/java.security.ProtectionDomain$JavaSecurityAccessImpl.doIntersectionPrivilege(ProtectionDomain.java:87)
2025-09-21 18:25:00,529 [ERROR] LogOutputStream:75 - [STDERR_REDIRECT] 	at java.desktop/java.awt.EventQueue.dispatchEvent(EventQueue.java:744)
2025-09-21 18:25:00,532 [ERROR] LogOutputStream:75 - [STDERR_REDIRECT] 	at java.desktop/java.awt.EventDispatchThread.pumpOneEventForFilters(EventDispatchThread.java:203)
2025-09-21 18:25:00,534 [ERROR] LogOutputStream:75 - [STDERR_REDIRECT] 	at java.desktop/java.awt.EventDispatchThread.pumpEventsForFilter(EventDispatchThread.java:124)
2025-09-21 18:25:00,536 [ERROR] LogOutputStream:75 - [STDERR_REDIRECT] 	at java.desktop/java.awt.EventDispatchThread.pumpEventsForHierarchy(EventDispatchThread.java:113)
2025-09-21 18:25:00,539 [ERROR] LogOutputStream:75 - [STDERR_REDIRECT] 	at java.desktop/java.awt.EventDispatchThread.pumpEvents(EventDispatchThread.java:109)
2025-09-21 18:25:00,540 [ERROR] LogOutputStream:75 - [STDERR_REDIRECT] 	at java.desktop/java.awt.EventDispatchThread.pumpEvents(EventDispatchThread.java:101)
2025-09-21 18:25:00,542 [ERROR] LogOutputStream:75 - [STDERR_REDIRECT] 	at java.desktop/java.awt.EventDispatchThread.run(EventDispatchThread.java:90)
2025-09-21 18:25:10,476 [INFO] UtilMem:75 - End SaveConfig() Used Memory: 689156192 Bytes (1073741824)
2025-09-21 18:25:10,728 [INFO] BlockDiagram:2775 - set Specific Code input for plugin: NVIC
2025-09-21 18:25:10,729 [INFO] BlockDiagram:2775 - set Specific Code input for plugin: USART
2025-09-21 18:25:10,729 [INFO] BlockDiagram:2775 - set Specific Code input for plugin: SYS
2025-09-21 18:25:10,729 [INFO] BlockDiagram:2775 - set Specific Code input for plugin: GPIO
2025-09-21 18:25:10,729 [INFO] BlockDiagram:2775 - set Specific Code input for plugin: RCC
2025-09-21 18:25:10,731 [INFO] CodeGenerator:882 - code generatio: config db path: C:\ST\STM32CubeIDE_1.18.0\STM32CubeIDE\plugins\com.st.stm32cube.common.mx_6.14.1.202504091515\\db\
2025-09-21 18:25:10,894 [INFO] CodeEngine:263 - oldGeneratedFile, C:\GIT\GIT_AULAS_FATEC\Exemplos_Codigo_STM32\EX3_Botao_UART\MXTmpFiles\license.tmp_save
2025-09-21 18:25:10,968 [INFO] CodeEngine:287 - Generated code: C:\GIT\GIT_AULAS_FATEC\Exemplos_Codigo_STM32\EX3_Botao_UART\MXTmpFiles\license.tmp
2025-09-21 18:25:10,991 [INFO] CodeEngine:263 - oldGeneratedFile, C:\GIT\GIT_AULAS_FATEC\Exemplos_Codigo_STM32\EX3_Botao_UART\MXTmpFiles\gpio.tmp_save
2025-09-21 18:25:11,063 [INFO] CodeEngine:287 - Generated code: C:\GIT\GIT_AULAS_FATEC\Exemplos_Codigo_STM32\EX3_Botao_UART\MXTmpFiles\gpio.tmp
2025-09-21 18:25:11,108 [INFO] CodeEngine:263 - oldGeneratedFile, C:\GIT\GIT_AULAS_FATEC\Exemplos_Codigo_STM32\EX3_Botao_UART\Core\Src\stm32f1xx_it.c_save
2025-09-21 18:25:11,181 [INFO] CodeEngine:287 - Generated code: C:\GIT\GIT_AULAS_FATEC\Exemplos_Codigo_STM32\EX3_Botao_UART\Core\Src\stm32f1xx_it.c
2025-09-21 18:25:11,189 [INFO] CodeEngine:263 - oldGeneratedFile, C:\GIT\GIT_AULAS_FATEC\Exemplos_Codigo_STM32\EX3_Botao_UART\Core\Inc\stm32f1xx_it.h_save
2025-09-21 18:25:11,258 [INFO] CodeEngine:287 - Generated code: C:\GIT\GIT_AULAS_FATEC\Exemplos_Codigo_STM32\EX3_Botao_UART\Core\Inc\stm32f1xx_it.h
2025-09-21 18:25:11,273 [INFO] CodeEngine:263 - oldGeneratedFile, C:\GIT\GIT_AULAS_FATEC\Exemplos_Codigo_STM32\EX3_Botao_UART\Core\Src\stm32f1xx_hal_msp.c_save
2025-09-21 18:25:11,369 [INFO] CodeEngine:287 - Generated code: C:\GIT\GIT_AULAS_FATEC\Exemplos_Codigo_STM32\EX3_Botao_UART\Core\Src\stm32f1xx_hal_msp.c
2025-09-21 18:25:11,376 [INFO] CodeEngine:263 - oldGeneratedFile, C:\GIT\GIT_AULAS_FATEC\Exemplos_Codigo_STM32\EX3_Botao_UART\MXTmpFiles\system.tmp_save
2025-09-21 18:25:11,435 [INFO] CodeEngine:287 - Generated code: C:\GIT\GIT_AULAS_FATEC\Exemplos_Codigo_STM32\EX3_Botao_UART\MXTmpFiles\system.tmp
2025-09-21 18:25:11,449 [INFO] CodeEngine:319 - oldGeneratedFile, C:\GIT\GIT_AULAS_FATEC\Exemplos_Codigo_STM32\EX3_Botao_UART\Core\Inc\stm32f1xx_hal_conf.h_save
2025-09-21 18:25:11,515 [INFO] CodeEngine:343 - Generated code: C:\GIT\GIT_AULAS_FATEC\Exemplos_Codigo_STM32\EX3_Botao_UART\Core\Inc\stm32f1xx_hal_conf.h
2025-09-21 18:25:11,543 [INFO] CodeEngine:263 - oldGeneratedFile, C:\GIT\GIT_AULAS_FATEC\Exemplos_Codigo_STM32\EX3_Botao_UART\Core\Inc\main.h_save
2025-09-21 18:25:11,607 [INFO] CodeEngine:287 - Generated code: C:\GIT\GIT_AULAS_FATEC\Exemplos_Codigo_STM32\EX3_Botao_UART\Core\Inc\main.h
2025-09-21 18:25:11,614 [INFO] CodeEngine:263 - oldGeneratedFile, C:\GIT\GIT_AULAS_FATEC\Exemplos_Codigo_STM32\EX3_Botao_UART\Core\Src\main.c_save
2025-09-21 18:25:11,702 [INFO] CodeEngine:287 - Generated code: C:\GIT\GIT_AULAS_FATEC\Exemplos_Codigo_STM32\EX3_Botao_UART\Core\Src\main.c
2025-09-21 18:25:12,060 [INFO] ProjectBuilder:3324 - Time for Copy HAL[1] : 176mS.
2025-09-21 18:25:12,063 [INFO] ProjectBuilder:4912 - Project Generator version: 4.6.0.1-B1
2025-09-21 18:25:12,152 [INFO] ConfigFileManager:1590 - The Die is : DIE410
2025-09-21 18:25:13,130 [INFO] ProjectBuilder:5191 - Time for Generating toolchain IDE Files: 1067mS.
2025-09-21 18:25:13,132 [INFO] ProjectBuilder:3181 - Time for Copy CMSIS : 1mS.
2025-09-21 18:25:13,137 [INFO] ProjectBuilder:3181 - Time for Copy CMSIS : 0mS.
2025-09-21 19:19:43,593 [ERROR] LogOutputStream:75 - [STDERR_REDIRECT] Exception in thread "AWT-EventQueue-0" java.awt.IllegalComponentStateException: Native resources unavailable
2025-09-21 19:19:43,598 [ERROR] LogOutputStream:75 - [STDERR_REDIRECT] 	at java.desktop/sun.awt.windows.WWindowPeer.getScreenImOn(Native Method)
2025-09-21 19:19:43,601 [ERROR] LogOutputStream:75 - [STDERR_REDIRECT] 	at java.desktop/sun.awt.windows.WWindowPeer.updateGC(WWindowPeer.java:566)
2025-09-21 19:19:43,604 [ERROR] LogOutputStream:75 - [STDERR_REDIRECT] 	at java.desktop/java.awt.event.InvocationEvent.dispatch(InvocationEvent.java:318)
2025-09-21 19:19:43,606 [ERROR] LogOutputStream:75 - [STDERR_REDIRECT] 	at java.desktop/java.awt.EventQueue.dispatchEventImpl(EventQueue.java:773)
2025-09-21 19:19:43,608 [ERROR] LogOutputStream:75 - [STDERR_REDIRECT] 	at java.desktop/java.awt.EventQueue$4.run(EventQueue.java:720)
2025-09-21 19:19:43,611 [ERROR] LogOutputStream:75 - [STDERR_REDIRECT] 	at java.desktop/java.awt.EventQueue$4.run(EventQueue.java:714)
2025-09-21 19:19:43,614 [ERROR] LogOutputStream:75 - [STDERR_REDIRECT] 	at java.base/java.security.AccessController.doPrivileged(AccessController.java:400)
2025-09-21 19:19:43,618 [ERROR] LogOutputStream:75 - [STDERR_REDIRECT] 	at java.base/java.security.ProtectionDomain$JavaSecurityAccessImpl.doIntersectionPrivilege(ProtectionDomain.java:87)
2025-09-21 19:19:43,622 [ERROR] LogOutputStream:75 - [STDERR_REDIRECT] 	at java.base/java.security.ProtectionDomain$JavaSecurityAccessImpl.doIntersectionPrivilege(ProtectionDomain.java:98)
2025-09-21 19:19:43,625 [ERROR] LogOutputStream:75 - [STDERR_REDIRECT] 	at java.desktop/java.awt.EventQueue$5.run(EventQueue.java:747)
2025-09-21 19:19:43,628 [ERROR] LogOutputStream:75 - [STDERR_REDIRECT] 	at java.desktop/java.awt.EventQueue$5.run(EventQueue.java:745)
2025-09-21 19:19:43,631 [ERROR] LogOutputStream:75 - [STDERR_REDIRECT] 	at java.base/java.security.AccessController.doPrivileged(AccessController.java:400)
2025-09-21 19:19:43,635 [ERROR] LogOutputStream:75 - [STDERR_REDIRECT] 	at java.base/java.security.ProtectionDomain$JavaSecurityAccessImpl.doIntersectionPrivilege(ProtectionDomain.java:87)
2025-09-21 19:19:43,639 [ERROR] LogOutputStream:75 - [STDERR_REDIRECT] 	at java.desktop/java.awt.EventQueue.dispatchEvent(EventQueue.java:744)
2025-09-21 19:19:43,642 [ERROR] LogOutputStream:75 - [STDERR_REDIRECT] 	at java.desktop/java.awt.EventDispatchThread.pumpOneEventForFilters(EventDispatchThread.java:203)
2025-09-21 19:19:43,646 [ERROR] LogOutputStream:75 - [STDERR_REDIRECT] 	at java.desktop/java.awt.EventDispatchThread.pumpEventsForFilter(EventDispatchThread.java:124)
2025-09-21 19:19:43,649 [ERROR] LogOutputStream:75 - [STDERR_REDIRECT] 	at java.desktop/java.awt.EventDispatchThread.pumpEventsForHierarchy(EventDispatchThread.java:113)
2025-09-21 19:19:43,652 [ERROR] LogOutputStream:75 - [STDERR_REDIRECT] 	at java.desktop/java.awt.EventDispatchThread.pumpEvents(EventDispatchThread.java:109)
2025-09-21 19:19:43,654 [ERROR] LogOutputStream:75 - [STDERR_REDIRECT] 	at java.desktop/java.awt.EventDispatchThread.pumpEvents(EventDispatchThread.java:101)
2025-09-21 19:19:43,656 [ERROR] LogOutputStream:75 - [STDERR_REDIRECT] 	at java.desktop/java.awt.EventDispatchThread.run(EventDispatchThread.java:90)
