2025-10-04 16:44:00,818 [INFO] Activator:176 - 


2025-10-04 16:44:00,824 [INFO] Activator:177 - !SESSION log4j initialized
2025-10-04 16:44:07,702 [INFO] LogOutputStream:77 - [STDOUT_REDIRECT] 
2025-10-04 16:44:09,208 [INFO] ApplicationProperties:184 - Using Application install path: C:\ST\STM32CubeIDE_1.18.0\STM32CubeIDE\plugins\com.st.stm32cube.common.mx_6.14.1.202504091515
2025-10-04 16:44:09,229 [INFO] DbMcusXml:78 - Set database path to: C:\ST\STM32CubeIDE_1.18.0\STM32CubeIDE\plugins\com.st.stm32cube.common.mx_6.14.1.202504091515\\db\/mcu/
2025-10-04 16:44:09,229 [INFO] ApiDb:274 - Set plugin database path to: C:\ST\STM32CubeIDE_1.18.0\STM32CubeIDE\plugins\com.st.stm32cube.common.mx_6.14.1.202504091515\\db\/plugins/boardmanager/
2025-10-04 16:44:09,229 [WARN] ApiDb:259 - Overriding images path with different value:  => C:\ST\STM32CubeIDE_1.18.0\STM32CubeIDE\plugins\com.st.stm32cube.common.mx_6.14.1.202504091515\\db\/plugins/mcufinder/images/
2025-10-04 16:44:09,248 [INFO] ApiDb:250 - Set database path to: C:\Users\User\.stmcufinder\plugins\mcufinder//mcu/
2025-10-04 16:44:09,249 [INFO] DbMcusAds:125 - Set database path to: C:\Users\User\.stmcufinder\plugins\mcufinder//mcu/
2025-10-04 16:44:09,252 [INFO] CrossReferenceDbSqlite:203 - Set database path to: C:\Users\User\.stmcufinder\plugins\mcufinder//mcu/cs/
2025-10-04 16:44:09,384 [INFO] RulesReader:64 - Compatibility file has been processed (302 Rules)
2025-10-04 16:44:09,507 [INFO] DbMcusXml:78 - Set database path to: C:\ST\STM32CubeIDE_1.18.0\STM32CubeIDE\plugins\com.st.stm32cube.common.mx_6.14.1.202504091515\\db\/mcu/
2025-10-04 16:44:09,508 [INFO] ApiDb:274 - Set plugin database path to: C:\ST\STM32CubeIDE_1.18.0\STM32CubeIDE\plugins\com.st.stm32cube.common.mx_6.14.1.202504091515\\db\/plugins/boardmanager/
2025-10-04 16:44:09,508 [INFO] ApiDb:261 - Set plugin images path to: C:\ST\STM32CubeIDE_1.18.0\STM32CubeIDE\plugins\com.st.stm32cube.common.mx_6.14.1.202504091515\\db\/plugins/mcufinder/images/
2025-10-04 16:44:09,508 [WARN] DbFile:41 - Overriding database path with different value: C:\Users\User\.stmcufinder\plugins\mcufinder/ => C:\Users\User\.stmcufinder\plugins\mcufinder
2025-10-04 16:44:09,508 [INFO] ApiDb:250 - Set database path to: C:\Users\User\.stmcufinder\plugins\mcufinder//mcu/
2025-10-04 16:44:09,508 [WARN] DbFile:41 - Overriding database path with different value: C:\Users\User\.stmcufinder\plugins\mcufinder/ => C:\Users\User\.stmcufinder\plugins\mcufinder
2025-10-04 16:44:09,508 [INFO] DbMcusAds:125 - Set database path to: C:\Users\User\.stmcufinder\plugins\mcufinder//mcu/
2025-10-04 16:44:09,508 [WARN] DbFile:41 - Overriding database path with different value: C:\Users\User\.stmcufinder\plugins\mcufinder/ => C:\Users\User\.stmcufinder\plugins\mcufinder
2025-10-04 16:44:09,508 [WARN] DbFile:41 - Overriding database path with different value: C:\Users\User\.stmcufinder\plugins\mcufinder/ => C:\Users\User\.stmcufinder\plugins\mcufinder
2025-10-04 16:44:09,509 [INFO] CrossReferenceDbSqlite:203 - Set database path to: C:\Users\User\.stmcufinder\plugins\mcufinder//mcu/cs/
2025-10-04 16:44:09,639 [INFO] MainPanel:272 - HeapMemory: 268435456
2025-10-04 16:44:09,864 [INFO] DbMcusXml:78 - Set database path to: C:\ST\STM32CubeIDE_1.18.0\STM32CubeIDE\plugins\com.st.stm32cube.common.mx_6.14.1.202504091515\\db\/mcu/
2025-10-04 16:44:09,864 [INFO] ApiDb:274 - Set plugin database path to: C:\ST\STM32CubeIDE_1.18.0\STM32CubeIDE\plugins\com.st.stm32cube.common.mx_6.14.1.202504091515\\db\/plugins/boardmanager/
2025-10-04 16:44:09,864 [INFO] ApiDb:261 - Set plugin images path to: C:\ST\STM32CubeIDE_1.18.0\STM32CubeIDE\plugins\com.st.stm32cube.common.mx_6.14.1.202504091515\\db\/plugins/mcufinder/images/
2025-10-04 16:44:09,865 [WARN] DbFile:41 - Overriding database path with different value: C:\Users\User\.stmcufinder\plugins\mcufinder/ => C:\Users\User\.stmcufinder\plugins\mcufinder
2025-10-04 16:44:09,865 [INFO] ApiDb:250 - Set database path to: C:\Users\User\.stmcufinder\plugins\mcufinder//mcu/
2025-10-04 16:44:09,865 [WARN] DbFile:41 - Overriding database path with different value: C:\Users\User\.stmcufinder\plugins\mcufinder/ => C:\Users\User\.stmcufinder\plugins\mcufinder
2025-10-04 16:44:09,865 [INFO] DbMcusAds:125 - Set database path to: C:\Users\User\.stmcufinder\plugins\mcufinder//mcu/
2025-10-04 16:44:09,865 [WARN] DbFile:41 - Overriding database path with different value: C:\Users\User\.stmcufinder\plugins\mcufinder/ => C:\Users\User\.stmcufinder\plugins\mcufinder
2025-10-04 16:44:09,865 [WARN] DbFile:41 - Overriding database path with different value: C:\Users\User\.stmcufinder\plugins\mcufinder/ => C:\Users\User\.stmcufinder\plugins\mcufinder
2025-10-04 16:44:09,865 [INFO] CrossReferenceDbSqlite:203 - Set database path to: C:\Users\User\.stmcufinder\plugins\mcufinder//mcu/cs/
2025-10-04 16:44:09,896 [INFO] ApplicationProperties:184 - Using Application install path: C:\ST\STM32CubeIDE_1.18.0\STM32CubeIDE\plugins\com.st.stm32cube.common.mx_6.14.1.202504091515
2025-10-04 16:44:09,898 [INFO] PluginManage:196 - Search for loadable plugins [exclusion list=, ]
2025-10-04 16:44:09,900 [INFO] PluginManage:310 - Check plugin analytics
2025-10-04 16:44:10,151 [INFO] AnalyticsPlugin:253 - Accepted Software Licenses: 
2025-10-04 16:44:10,151 [INFO] AnalyticsPlugin:255 - Accepted CMSIS Pack Licenses: 
2025-10-04 16:44:10,152 [INFO] AnalyticsPlugin:257 - Accepted Firmware Licenses: FW.C0.1.1.0
2025-10-04 16:44:10,155 [INFO] PluginManage:359 - Loaded plugin analytics (category:tool,tabindex:-1)
2025-10-04 16:44:10,156 [INFO] PluginManage:310 - Check plugin cadmodel
2025-10-04 16:44:10,163 [INFO] CADModel:105 - Init CAD model plugin
2025-10-04 16:44:10,163 [INFO] PluginManage:359 - Loaded plugin cadmodel (category:power,tabindex:5)
2025-10-04 16:44:10,163 [INFO] PluginManage:310 - Check plugin clock
2025-10-04 16:44:10,177 [INFO] PluginManage:359 - Loaded plugin clock (category:base,tabindex:2)
2025-10-04 16:44:10,177 [INFO] PluginManage:310 - Check plugin ddr
2025-10-04 16:44:10,180 [INFO] PluginManage:359 - Loaded plugin ddr (category:tool,tabindex:6)
2025-10-04 16:44:10,180 [INFO] PluginManage:310 - Check plugin filemanager
2025-10-04 16:44:10,358 [INFO] PluginManage:359 - Loaded plugin filemanager (category:base,tabindex:10)
2025-10-04 16:44:10,358 [INFO] PluginManage:310 - Check plugin ipmanager
2025-10-04 16:44:10,365 [INFO] PluginManage:359 - Loaded plugin ipmanager (category:base,tabindex:5)
2025-10-04 16:44:10,366 [INFO] PluginManage:310 - Check plugin lpbam
2025-10-04 16:44:10,374 [INFO] PluginManage:359 - Loaded plugin lpbam (category:base,tabindex:0)
2025-10-04 16:44:10,374 [INFO] PluginManage:310 - Check plugin memorymap
2025-10-04 16:44:10,389 [INFO] PluginManage:359 - Loaded plugin memorymap (category:base,tabindex:4)
2025-10-04 16:44:10,389 [INFO] PluginManage:310 - Check plugin pinoutandconfiguration
2025-10-04 16:44:10,401 [INFO] PluginManage:359 - Loaded plugin pinoutandconfiguration (category:base,tabindex:1)
2025-10-04 16:44:10,401 [INFO] PluginManage:310 - Check plugin pinoutconfig
2025-10-04 16:44:10,509 [WARN] SupportedApi:132 - Cannot load RTOS API schema: s4s-elt-must-match.1: The content of 'definitions' must match (annotation?, (simpleType | complexType)?, (unique | key | keyref)*)). A problem was found starting at: attribute.
2025-10-04 16:44:10,682 [INFO] PluginManage:359 - Loaded plugin pinoutconfig (category:base,tabindex:0)
2025-10-04 16:44:10,684 [INFO] PluginManage:310 - Check plugin power
2025-10-04 16:44:10,701 [INFO] PluginManage:359 - Loaded plugin power (category:power,tabindex:4)
2025-10-04 16:44:10,702 [INFO] PluginManage:310 - Check plugin projectmanager
2025-10-04 16:44:10,724 [INFO] PluginManage:359 - Loaded plugin projectmanager (category:projectmanager,tabindex:4)
2025-10-04 16:44:10,725 [INFO] PluginManage:310 - Check plugin rif
2025-10-04 16:44:10,736 [INFO] PluginManage:359 - Loaded plugin rif (category:base,tabindex:3)
2025-10-04 16:44:10,736 [INFO] PluginManage:310 - Check plugin thirdparty
2025-10-04 16:44:10,927 [WARN] IntegrityCheckThread:84 - waiting for thirdparty lock release [integrity check]
2025-10-04 16:44:10,927 [INFO] PluginManage:359 - Loaded plugin thirdparty (category:base,tabindex:-1)
2025-10-04 16:44:10,927 [INFO] IntegrityCheckThread:86 - entering critical section [integrity check]
2025-10-04 16:44:10,927 [INFO] PluginManage:310 - Check plugin tools
2025-10-04 16:44:10,928 [INFO] ThirdPartyUpdaterWithRetryManager:70 - Updater plugin not ready yet. [1/15]
2025-10-04 16:44:10,931 [INFO] PluginManage:359 - Loaded plugin tools (category:base,tabindex:7)
2025-10-04 16:44:10,931 [INFO] PluginManage:310 - Check plugin tutovideos
2025-10-04 16:44:11,116 [INFO] PluginManage:359 - Loaded plugin tutovideos (category:base,tabindex:-1)
2025-10-04 16:44:11,116 [INFO] PluginManage:310 - Check plugin updater
2025-10-04 16:44:11,147 [INFO] PluginManage:359 - Loaded plugin updater (category:base,tabindex:12)
2025-10-04 16:44:11,148 [INFO] PluginManage:310 - Check plugin userauth
2025-10-04 16:44:11,153 [INFO] UserAuth:118 - Init User Auth plugin
2025-10-04 16:44:11,153 [INFO] PluginManage:359 - Loaded plugin userauth (category:base,tabindex:14)
2025-10-04 16:44:11,155 [INFO] PluginManage:283 - PluginManage : Loaded plugins [18]
2025-10-04 16:44:11,442 [INFO] PinOutPanel:1589 - setPackage(No Configuration,No Configuration)
2025-10-04 16:44:11,584 [INFO] CADModel:165 - CPN selected for project level
2025-10-04 16:44:11,584 [INFO] CADModel:114 - Register for checkConnection events
2025-10-04 16:44:11,607 [INFO] IPUIPlugin:80 - create IPUIPlugin
2025-10-04 16:44:11,607 [INFO] PluginManager:220 - loadIPPluginJar : add adc
2025-10-04 16:44:11,611 [INFO] IPUIPlugin:80 - create IPUIPlugin
2025-10-04 16:44:11,611 [INFO] PluginManager:220 - loadIPPluginJar : add aes
2025-10-04 16:44:11,616 [INFO] IPUIPlugin:80 - create IPUIPlugin
2025-10-04 16:44:11,616 [INFO] PluginManager:220 - loadIPPluginJar : add can
2025-10-04 16:44:11,619 [INFO] IPUIPlugin:80 - create IPUIPlugin
2025-10-04 16:44:11,619 [INFO] PluginManager:220 - loadIPPluginJar : add comp
2025-10-04 16:44:11,624 [INFO] IPUIPlugin:80 - create IPUIPlugin
2025-10-04 16:44:11,624 [INFO] PluginManager:220 - loadIPPluginJar : add cryp
2025-10-04 16:44:11,628 [INFO] IPUIPlugin:80 - create IPUIPlugin
2025-10-04 16:44:11,628 [INFO] PluginManager:220 - loadIPPluginJar : add ddr_ctrl_phy
2025-10-04 16:44:11,633 [INFO] IPUIPlugin:80 - create IPUIPlugin
2025-10-04 16:44:11,633 [INFO] PluginManager:220 - loadIPPluginJar : add dfsdm
2025-10-04 16:44:11,640 [INFO] IPUIPlugin:80 - create IPUIPlugin
2025-10-04 16:44:11,641 [INFO] PluginManager:220 - loadIPPluginJar : add dma
2025-10-04 16:44:11,645 [INFO] IPUIPlugin:80 - create IPUIPlugin
2025-10-04 16:44:11,645 [INFO] PluginManager:220 - loadIPPluginJar : add dma3
2025-10-04 16:44:11,649 [INFO] IPUIPlugin:80 - create IPUIPlugin
2025-10-04 16:44:11,650 [INFO] PluginManager:220 - loadIPPluginJar : add extmemmanager
2025-10-04 16:44:11,651 [INFO] IPUIPlugin:80 - create IPUIPlugin
2025-10-04 16:44:11,651 [INFO] PluginManager:220 - loadIPPluginJar : add fatfs
2025-10-04 16:44:11,658 [INFO] IPUIPlugin:80 - create IPUIPlugin
2025-10-04 16:44:11,658 [INFO] PluginManager:220 - loadIPPluginJar : add fmc
2025-10-04 16:44:11,667 [INFO] IPUIPlugin:80 - create IPUIPlugin
2025-10-04 16:44:11,667 [INFO] PluginManager:220 - loadIPPluginJar : add freertos
2025-10-04 16:44:11,669 [INFO] IPUIPlugin:80 - create IPUIPlugin
2025-10-04 16:44:11,669 [INFO] PluginManager:220 - loadIPPluginJar : add genericplugin
2025-10-04 16:44:11,673 [INFO] IPUIPlugin:80 - create IPUIPlugin
2025-10-04 16:44:11,673 [INFO] PluginManager:220 - loadIPPluginJar : add gfxmmu
2025-10-04 16:44:11,681 [INFO] IPUIPlugin:80 - create IPUIPlugin
2025-10-04 16:44:11,681 [INFO] PluginManager:220 - loadIPPluginJar : add gic
2025-10-04 16:44:11,687 [INFO] IPUIPlugin:80 - create IPUIPlugin
2025-10-04 16:44:11,688 [INFO] PluginManager:220 - loadIPPluginJar : add gpio
2025-10-04 16:44:11,692 [INFO] IPUIPlugin:80 - create IPUIPlugin
2025-10-04 16:44:11,692 [INFO] PluginManager:220 - loadIPPluginJar : add gtzc
2025-10-04 16:44:11,695 [INFO] IPUIPlugin:80 - create IPUIPlugin
2025-10-04 16:44:11,695 [INFO] PluginManager:220 - loadIPPluginJar : add hash
2025-10-04 16:44:11,699 [INFO] IPUIPlugin:80 - create IPUIPlugin
2025-10-04 16:44:11,699 [INFO] PluginManager:220 - loadIPPluginJar : add i2c
2025-10-04 16:44:11,703 [INFO] IPUIPlugin:80 - create IPUIPlugin
2025-10-04 16:44:11,704 [INFO] PluginManager:220 - loadIPPluginJar : add i2s
2025-10-04 16:44:11,710 [INFO] IPUIPlugin:80 - create IPUIPlugin
2025-10-04 16:44:11,710 [INFO] PluginManager:220 - loadIPPluginJar : add i3c
2025-10-04 16:44:11,716 [INFO] IPUIPlugin:80 - create IPUIPlugin
2025-10-04 16:44:11,716 [INFO] PluginManager:220 - loadIPPluginJar : add ipddr
2025-10-04 16:44:11,725 [INFO] IPUIPlugin:80 - create IPUIPlugin
2025-10-04 16:44:11,725 [INFO] PluginManager:220 - loadIPPluginJar : add linkedlist
2025-10-04 16:44:11,728 [INFO] IPUIPlugin:80 - create IPUIPlugin
2025-10-04 16:44:11,728 [INFO] PluginManager:220 - loadIPPluginJar : add lorawan
2025-10-04 16:44:11,731 [INFO] IPUIPlugin:80 - create IPUIPlugin
2025-10-04 16:44:11,731 [INFO] PluginManager:220 - loadIPPluginJar : add ltdc
2025-10-04 16:44:11,738 [INFO] IPUIPlugin:80 - create IPUIPlugin
2025-10-04 16:44:11,738 [INFO] PluginManager:220 - loadIPPluginJar : add mdma
2025-10-04 16:44:11,743 [INFO] IPUIPlugin:80 - create IPUIPlugin
2025-10-04 16:44:11,743 [INFO] PluginManager:220 - loadIPPluginJar : add nvic
2025-10-04 16:44:11,747 [INFO] IPUIPlugin:80 - create IPUIPlugin
2025-10-04 16:44:11,747 [INFO] PluginManager:220 - loadIPPluginJar : add opamp
2025-10-04 16:44:11,753 [INFO] IPUIPlugin:80 - create IPUIPlugin
2025-10-04 16:44:11,753 [INFO] PluginManager:220 - loadIPPluginJar : add openamp
2025-10-04 16:44:11,758 [INFO] IPUIPlugin:80 - create IPUIPlugin
2025-10-04 16:44:11,758 [INFO] PluginManager:220 - loadIPPluginJar : add pdm2pcm
2025-10-04 16:44:11,765 [INFO] IPUIPlugin:80 - create IPUIPlugin
2025-10-04 16:44:11,768 [INFO] PluginManager:220 - loadIPPluginJar : add plateformsettings
2025-10-04 16:44:11,772 [INFO] IPUIPlugin:80 - create IPUIPlugin
2025-10-04 16:44:11,772 [INFO] PluginManager:220 - loadIPPluginJar : add quadspi
2025-10-04 16:44:11,774 [INFO] IPUIPlugin:80 - create IPUIPlugin
2025-10-04 16:44:11,777 [INFO] PluginManager:220 - loadIPPluginJar : add radio
2025-10-04 16:44:11,783 [INFO] IPUIPlugin:80 - create IPUIPlugin
2025-10-04 16:44:11,784 [INFO] PluginManager:220 - loadIPPluginJar : add resmgrutility
2025-10-04 16:44:11,789 [INFO] IPUIPlugin:80 - create IPUIPlugin
2025-10-04 16:44:11,789 [INFO] PluginManager:220 - loadIPPluginJar : add sai
2025-10-04 16:44:11,792 [INFO] IPUIPlugin:80 - create IPUIPlugin
2025-10-04 16:44:11,792 [INFO] PluginManager:220 - loadIPPluginJar : add spi
2025-10-04 16:44:11,800 [INFO] IPUIPlugin:80 - create IPUIPlugin
2025-10-04 16:44:11,800 [INFO] PluginManager:220 - loadIPPluginJar : add stm32_wpan
2025-10-04 16:44:11,803 [INFO] IPUIPlugin:80 - create IPUIPlugin
2025-10-04 16:44:11,803 [INFO] PluginManager:220 - loadIPPluginJar : add tim
2025-10-04 16:44:11,807 [INFO] IPUIPlugin:80 - create IPUIPlugin
2025-10-04 16:44:11,808 [INFO] PluginManager:220 - loadIPPluginJar : add touchsensing
2025-10-04 16:44:11,810 [INFO] IPUIPlugin:80 - create IPUIPlugin
2025-10-04 16:44:11,810 [INFO] PluginManager:220 - loadIPPluginJar : add tracer_emb
2025-10-04 16:44:11,813 [INFO] IPUIPlugin:80 - create IPUIPlugin
2025-10-04 16:44:11,813 [INFO] PluginManager:220 - loadIPPluginJar : add ts
2025-10-04 16:44:11,816 [INFO] IPUIPlugin:80 - create IPUIPlugin
2025-10-04 16:44:11,816 [INFO] PluginManager:220 - loadIPPluginJar : add tsc
2025-10-04 16:44:11,819 [INFO] IPUIPlugin:80 - create IPUIPlugin
2025-10-04 16:44:11,819 [INFO] PluginManager:220 - loadIPPluginJar : add ucpd
2025-10-04 16:44:11,823 [INFO] IPUIPlugin:80 - create IPUIPlugin
2025-10-04 16:44:11,823 [INFO] PluginManager:220 - loadIPPluginJar : add usart
2025-10-04 16:44:11,828 [INFO] IPUIPlugin:80 - create IPUIPlugin
2025-10-04 16:44:11,828 [INFO] PluginManager:220 - loadIPPluginJar : add usbx
2025-10-04 16:44:11,988 [FATAL] Updater:351 - Updater called before beeing initialized
2025-10-04 16:44:12,015 [INFO] RulesReader:64 - Compatibility file has been processed (302 Rules)
2025-10-04 16:44:12,028 [INFO] RulesReader:64 - Compatibility file has been processed (302 Rules)
2025-10-04 16:44:12,036 [INFO] CADModel:165 - CPN selected for project level
2025-10-04 16:44:12,036 [INFO] CADModel:114 - Register for checkConnection events
2025-10-04 16:44:12,036 [FATAL] Updater:351 - Updater called before beeing initialized
2025-10-04 16:44:12,037 [ERROR] CADModel:125 - Updater not yet initialized, retry later 
2025-10-04 16:44:12,202 [FATAL] Updater:351 - Updater called before beeing initialized
2025-10-04 16:44:12,203 [INFO] CADModel:165 - CPN selected for project level
2025-10-04 16:44:12,204 [INFO] CADModel:114 - Register for checkConnection events
2025-10-04 16:44:12,204 [FATAL] Updater:351 - Updater called before beeing initialized
2025-10-04 16:44:12,204 [ERROR] CADModel:125 - Updater not yet initialized, retry later 
2025-10-04 16:44:12,208 [FATAL] Updater:351 - Updater called before beeing initialized
2025-10-04 16:44:12,359 [FATAL] Updater:351 - Updater called before beeing initialized
2025-10-04 16:44:12,364 [INFO] DbMcusAds:53 - JSON generation date=Tue Jul 08 05:14:23 BRT 2025 (1751962463541)
2025-10-04 16:44:12,364 [FATAL] Updater:351 - Updater called before beeing initialized
2025-10-04 16:44:12,428 [WARN] DetailPanel:346 - Failed to get advertising image, set to default
2025-10-04 16:44:12,725 [FATAL] Updater:351 - Updater called before beeing initialized
2025-10-04 16:44:12,729 [FATAL] Updater:351 - Updater called before beeing initialized
2025-10-04 16:44:12,729 [FATAL] Updater:351 - Updater called before beeing initialized
2025-10-04 16:44:12,729 [WARN] DetailPanel:346 - Failed to get advertising image, set to default
2025-10-04 16:44:12,730 [FATAL] Updater:351 - Updater called before beeing initialized
2025-10-04 16:44:12,783 [ERROR] Updater:1198 - MainUpdater not yet initialized. External WinMGr cannot be set.
2025-10-04 16:44:12,785 [INFO] Updater:1134 - Updater Version found : 6.14.1
2025-10-04 16:44:12,808 [INFO] ApplicationProperties:184 - Using Application install path: C:\ST\STM32CubeIDE_1.18.0\STM32CubeIDE\plugins\com.st.stm32cube.common.mx_6.14.1.202504091515
2025-10-04 16:44:13,270 [INFO] MainUpdater:2872 - connection check result : 10
2025-10-04 16:44:13,270 [INFO] MainUpdater:3566 - Updater definition file requires update
2025-10-04 16:44:13,271 [INFO] MainUpdater:289 - Updater Check For Update Now.
2025-10-04 16:44:13,272 [INFO] MicroXplorer:498 - Change Database Version : DB.6.0.141
2025-10-04 16:44:13,278 [INFO] McuFinderGlobals:63 - Set McuFinder mode to 2 (CubeIDE integrated)
2025-10-04 16:44:13,280 [INFO] UserAuth:484 - Internet connection configuration mode: 1
2025-10-04 16:44:13,306 [INFO] JxBrowserEngine:152 - Initiate JxBrowser Engine with user profile folder
2025-10-04 16:44:13,355 [INFO] ServerAccessManage:473 - Download File updaters.zip
2025-10-04 16:44:13,435 [INFO] FileExtend:242 - Unzip File : updaters.zip
2025-10-04 16:44:13,435 [INFO] FileExtend:257 - Standard Zip Deflate
2025-10-04 16:44:13,928 [WARN] MainUpdater:1193 - Updater busy. Cannot search thirdparties
2025-10-04 16:44:13,928 [INFO] ThirdPartyUpdaterWithRetryManager:96 - Updater plugin is busy. [1/15]
2025-10-04 16:44:14,584 [INFO] ServerAccessManage:473 - Download File PacksControlFlags.xml
2025-10-04 16:44:14,651 [INFO] ServerAccessManage:473 - Download File cubemx.pidx
2025-10-04 16:44:15,862 [INFO] WebApp:169 - Instantiating new browser for Auth
2025-10-04 16:44:16,489 [INFO] ServerAccessManage:473 - Download File STMicroelectronics.X-CUBE-TOUCHGFX.pdsc
2025-10-04 16:44:16,930 [WARN] MainUpdater:1193 - Updater busy. Cannot search thirdparties
2025-10-04 16:44:16,930 [INFO] ThirdPartyUpdaterWithRetryManager:96 - Updater plugin is busy. [2/15]
2025-10-04 16:44:17,426 [INFO] WebApp:463 - Apply proxy settings
2025-10-04 16:44:17,427 [INFO] WebApp:548 - Chromium requires no authentication
2025-10-04 16:44:17,509 [INFO] WebApp:491 - Direct internet connection detected
2025-10-04 16:44:17,626 [INFO] WebApp:894 - Register for checkConnection events
2025-10-04 16:44:17,626 [INFO] WebApp:463 - Apply proxy settings
2025-10-04 16:44:17,626 [INFO] WebApp:548 - Chromium requires no authentication
2025-10-04 16:44:17,628 [INFO] WebApp:491 - Direct internet connection detected
2025-10-04 16:44:18,151 [INFO] WebApp:191 - Connection restablished
2025-10-04 16:44:18,274 [INFO] WebApp:225 - Starting web application
2025-10-04 16:44:18,274 [INFO] WebApp:593 - Web application path used C:\ST\STM32CubeIDE_1.18.0\STM32CubeIDE\plugins\com.st.stm32cube.common.mx_6.14.1.202504091515\db\plugins\mcufinder\reactClient1\index.html
2025-10-04 16:44:18,452 [WARN] PackLoader:240 - Cannot read IP mode file for STMicroelectronics.X-CUBE-TOUCHGFX.4.26.0
2025-10-04 16:44:18,453 [INFO] PopulateThirdPartyThread:66 - Ending populate Thread
2025-10-04 16:44:18,455 [INFO] ThirdParty:1030 - CMSIS Pack Vendor :STMicroelectronics X-CUBE-TOUCHGFX 4.26.0
2025-10-04 16:44:18,456 [INFO] LoadServerUpdatesThread:375 - End of LoadServerUpdate Thread
2025-10-04 16:44:18,547 [INFO] CheckServerUpdateThread:120 - End of CheckServer Thread
2025-10-04 16:44:18,560 [INFO] UserAuth:484 - Internet connection configuration mode: 1
2025-10-04 16:44:20,583 [WARN] PackLoader:240 - Cannot read IP mode file for STMicroelectronics.FP-SNS-MOTENVWB1.1.4.0
2025-10-04 16:44:20,596 [WARN] PackLoader:240 - Cannot read IP mode file for STMicroelectronics.FP-ATR-ASTRA1.2.0.2
2025-10-04 16:44:20,603 [WARN] PackLoader:240 - Cannot read IP mode file for STMicroelectronics.FP-ATR-ASTRA1.2.0.1
2025-10-04 16:44:20,613 [WARN] PackLoader:240 - Cannot read IP mode file for STMicroelectronics.X-CUBE-SMBUS.2.1.0
2025-10-04 16:44:20,624 [WARN] PackLoader:240 - Cannot read IP mode file for STMicroelectronics.X-CUBE-WB05N.1.1.0
2025-10-04 16:44:20,630 [WARN] PackLoader:240 - Cannot read IP mode file for STMicroelectronics.X-CUBE-ST60.1.0.0
2025-10-04 16:44:20,638 [WARN] PackLoader:240 - Cannot read IP mode file for STMicroelectronics.X-CUBE-TOUCHGFX.4.23.0
2025-10-04 16:44:20,641 [WARN] PackLoader:240 - Cannot read IP mode file for STMicroelectronics.X-CUBE-TOUCHGFX.4.23.2
2025-10-04 16:44:20,671 [WARN] PackLoader:240 - Cannot read IP mode file for STMicroelectronics.X-CUBE-AZRTOS-F7.1.1.0
2025-10-04 16:44:20,679 [WARN] PackLoader:240 - Cannot read IP mode file for STMicroelectronics.FP-SNS-MOTENV1.4.3.2
2025-10-04 16:44:20,748 [WARN] PackLoader:240 - Cannot read IP mode file for STMicroelectronics.X-CUBE-MEMS1.11.0.0
2025-10-04 16:44:20,908 [WARN] PackLoader:240 - Cannot read IP mode file for STMicroelectronics.FP-SNS-FLIGHT1.5.0.2
2025-10-04 16:44:20,944 [WARN] PackLoader:240 - Cannot read IP mode file for STMicroelectronics.X-CUBE-AZRTOS-H7.3.4.0
2025-10-04 16:44:20,963 [WARN] PackLoader:240 - Cannot read IP mode file for STMicroelectronics.X-CUBE-DISPLAY.3.0.0
2025-10-04 16:44:20,980 [WARN] PackLoader:240 - Cannot read IP mode file for STMicroelectronics.X-CUBE-BLE1.7.0.0
2025-10-04 16:44:20,990 [WARN] PackLoader:240 - Cannot read IP mode file for STMicroelectronics.X-CUBE-NFC10.1.0.0
2025-10-04 16:44:21,005 [WARN] PackLoader:240 - Cannot read IP mode file for STMicroelectronics.X-CUBE-BLEMGR.4.0.0
2025-10-04 16:44:21,019 [WARN] PackLoader:240 - Cannot read IP mode file for emotas.I-CUBE-CANOPEN.1.3.0
2025-10-04 16:44:21,036 [WARN] PackLoader:240 - Cannot read IP mode file for STMicroelectronics.X-CUBE-BLEMGR.3.1.0
2025-10-04 16:44:21,044 [WARN] PackLoader:240 - Cannot read IP mode file for STMicroelectronics.X-CUBE-AI.10.0.0
2025-10-04 16:44:21,052 [ERROR] Engine:466 - C:\Users\User\.stm32cubemx\thirdparties\pdsc\STMicroelectronics.FP-SNS-STBOX1.2.1.0.pdsc: PDSC version is not supported
2025-10-04 16:44:21,058 [WARN] PackLoader:240 - Cannot read IP mode file for STMicroelectronics.FP-SNS-SMARTAG2.1.2.0
2025-10-04 16:44:21,063 [WARN] PackLoader:240 - Cannot read IP mode file for STMicroelectronics.FP-SNS-FLIGHT1.5.1.0
2025-10-04 16:44:21,139 [WARN] PackLoader:240 - Cannot read IP mode file for STMicroelectronics.X-CUBE-MEMS1.11.1.0
2025-10-04 16:44:21,295 [INFO] LogOutputStream:77 - [STDOUT_REDIRECT] 1 : Invalid condition id : UX_CORESTACK_Condition cause : null
2025-10-04 16:44:21,296 [INFO] LogOutputStream:77 - [STDOUT_REDIRECT] 1 : Invalid condition id : UX_CORESTACK_Condition cause : null
2025-10-04 16:44:21,297 [INFO] LogOutputStream:77 - [STDOUT_REDIRECT] 1 : Invalid condition id : UX_CORESTACK_Condition cause : null
2025-10-04 16:44:21,300 [INFO] LogOutputStream:77 - [STDOUT_REDIRECT] 1 : Invalid condition id : UX_CORESTACK_Condition cause : null
2025-10-04 16:44:21,302 [INFO] LogOutputStream:77 - [STDOUT_REDIRECT] 1 : Invalid condition id : UX_CORESTACK_Condition cause : null
2025-10-04 16:44:21,307 [WARN] PackLoader:240 - Cannot read IP mode file for STMicroelectronics.X-CUBE-AZRTOS-WL.2.0.0
2025-10-04 16:44:21,320 [WARN] PackLoader:240 - Cannot read IP mode file for STMicroelectronics.FP-SNS-MOTENV1.5.0.0
2025-10-04 16:44:21,330 [WARN] PackLoader:240 - Cannot read IP mode file for wolfSSL.I-CUBE-wolfMQTT.1.19.0
2025-10-04 16:44:21,341 [WARN] PackLoader:240 - Cannot read IP mode file for WES.I-CUBE-Cesium.1.3.0
2025-10-04 16:44:21,351 [WARN] PackLoader:240 - Cannot read IP mode file for STMicroelectronics.X-CUBE-BLE2.3.3.0
2025-10-04 16:44:21,363 [WARN] PackLoader:240 - Cannot read IP mode file for STMicroelectronics.X-CUBE-NFC9.1.0.0
2025-10-04 16:44:21,372 [WARN] PackLoader:240 - Cannot read IP mode file for STMicroelectronics.X-CUBE-BLE1.7.1.0
2025-10-04 16:44:21,381 [WARN] PackLoader:240 - Cannot read IP mode file for STMicroelectronics.X-CUBE-TCPP.4.1.0
2025-10-04 16:44:21,391 [WARN] PackLoader:240 - Cannot read IP mode file for STMicroelectronics.X-CUBE-EEPRMA1.5.2.0
2025-10-04 16:44:21,397 [WARN] PackLoader:240 - Cannot read IP mode file for STMicroelectronics.X-CUBE-AI.10.1.0
2025-10-04 16:44:21,407 [WARN] PackLoader:240 - Cannot read IP mode file for STMicroelectronics.X-CUBE-ALGOBUILD.1.3.0
2025-10-04 16:44:21,472 [WARN] PackLoader:240 - Cannot read IP mode file for STMicroelectronics.X-CUBE-MEMS1.11.2.0
2025-10-04 16:44:21,659 [WARN] PackLoader:240 - Cannot read IP mode file for STMicroelectronics.X-CUBE-AZRTOS-G0.1.1.0
2025-10-04 16:44:21,676 [WARN] PackLoader:240 - Cannot read IP mode file for STMicroelectronics.X-CUBE-SAFEA1.1.2.2
2025-10-04 16:44:21,695 [WARN] PackLoader:240 - Cannot read IP mode file for STMicroelectronics.X-CUBE-NFC4.3.0.0
2025-10-04 16:44:21,714 [WARN] PackLoader:240 - Cannot read IP mode file for EmbeddedOffice.I-CUBE-FS-RTOS.1.0.1
2025-10-04 16:44:21,724 [WARN] PackLoader:240 - Cannot read IP mode file for STMicroelectronics.X-CUBE-WB05N.2.0.0
2025-10-04 16:44:21,740 [WARN] PackLoader:240 - Cannot read IP mode file for STMicroelectronics.X-CUBE-BLEMGR.3.0.0
2025-10-04 16:44:21,752 [WARN] PackLoader:240 - Cannot read IP mode file for STMicroelectronics.X-CUBE-TCPP.4.2.0
2025-10-04 16:44:21,769 [WARN] PackLoader:240 - Cannot read IP mode file for RealThread.X-CUBE-RT-Thread_Nano.4.1.1
2025-10-04 16:44:21,791 [WARN] PackLoader:240 - Cannot read IP mode file for wolfSSL.I-CUBE-wolfSSL.5.7.0
2025-10-04 16:44:21,804 [WARN] PackLoader:240 - Cannot read IP mode file for STMicroelectronics.FP-ATR-SIGFOX1.3.2.0
2025-10-04 16:44:21,811 [WARN] ConditionMgr:438 - getConditionDescription Invalid condition id : Cortex-A Device cause : null
2025-10-04 16:44:21,839 [WARN] ConditionMgr:1044 - genDependencies : Invalid condition id : Cortex-A Device cause : null
2025-10-04 16:44:21,839 [WARN] ConditionMgr:1044 - genDependencies : Invalid condition id : Cortex-A Device cause : null
2025-10-04 16:44:21,840 [WARN] ConditionMgr:1044 - genDependencies : Invalid condition id : Cortex-A Device cause : null
2025-10-04 16:44:21,847 [WARN] PackLoader:240 - Cannot read IP mode file for STMicroelectronics.X-CUBE-EEPRMA1.5.1.0
2025-10-04 16:44:21,860 [WARN] PackLoader:240 - Cannot read IP mode file for ITTIA_DB.I-CUBE-ITTIADB.8.9.0
2025-10-04 16:44:21,869 [WARN] PackLoader:240 - Cannot read IP mode file for STMicroelectronics.X-CUBE-ST67W61.1.0.0
2025-10-04 16:44:21,884 [WARN] PackLoader:240 - Cannot read IP mode file for STMicroelectronics.X-CUBE-AI.10.2.0
2025-10-04 16:44:21,914 [WARN] PackLoader:240 - Cannot read IP mode file for SEGGER.I-CUBE-embOS.1.3.1
2025-10-04 16:44:21,954 [WARN] PackLoader:240 - Cannot read IP mode file for STMicroelectronics.X-CUBE-ALGOBUILD.1.4.0
2025-10-04 16:44:21,995 [WARN] PackLoader:240 - Cannot read IP mode file for STMicroelectronics.X-CUBE-MEMS1.11.3.0
2025-10-04 16:44:22,128 [WARN] PackLoader:240 - Cannot read IP mode file for STMicroelectronics.X-CUBE-AI.9.1.0
2025-10-04 16:44:22,140 [WARN] PackLoader:240 - Cannot read IP mode file for STMicroelectronics.X-CUBE-PM33A1.1.0.0
2025-10-04 16:44:22,153 [WARN] PackLoader:240 - Cannot read IP mode file for STMicroelectronics.X-CUBE-GNSS1.6.0.0
2025-10-04 16:44:22,182 [WARN] PackLoader:240 - Cannot read IP mode file for STMicroelectronics.X-CUBE-AZRTOS-F4.1.1.0
2025-10-04 16:44:22,194 [WARN] PackLoader:240 - Cannot read IP mode file for Avnet-IotConnect.X-CUBE-IoTC-DA16k-PMOD.1.0.0
2025-10-04 16:44:22,201 [WARN] PackLoader:240 - Cannot read IP mode file for STMicroelectronics.X-CUBE-ISPU.2.1.0
2025-10-04 16:44:22,207 [WARN] PackLoader:240 - Cannot read IP mode file for STMicroelectronics.X-CUBE-FREERTOS.1.2.0
2025-10-04 16:44:22,216 [WARN] PackLoader:240 - Cannot read IP mode file for STMicroelectronics.X-CUBE-NFC12.1.0.0
2025-10-04 16:44:22,247 [WARN] PackLoader:240 - Cannot read IP mode file for STMicroelectronics.X-CUBE-AZRTOS-L5.2.0.0
2025-10-04 16:44:22,255 [WARN] PackLoader:240 - Cannot read IP mode file for STMicroelectronics.X-CUBE-EEPRMA1.4.2.0
2025-10-04 16:44:22,268 [WARN] PackLoader:240 - Cannot read IP mode file for STMicroelectronics.X-CUBE-NFC6.3.1.0
2025-10-04 16:44:22,276 [WARN] PackLoader:240 - Cannot read IP mode file for STMicroelectronics.X-CUBE-DPower.1.2.0
2025-10-04 16:44:22,281 [WARN] PackLoader:240 - Cannot read IP mode file for STMicroelectronics.X-CUBE-AI.9.0.0
2025-10-04 16:44:22,287 [WARN] PackLoader:240 - Cannot read IP mode file for STMicroelectronics.X-CUBE-FREERTOS.1.3.1
2025-10-04 16:44:22,294 [WARN] PackLoader:240 - Cannot read IP mode file for STMicroelectronics.X-CUBE-FREERTOS.1.3.0
2025-10-04 16:44:22,303 [WARN] PackLoader:240 - Cannot read IP mode file for STMicroelectronics.X-CUBE-NFC7.1.0.1
2025-10-04 16:44:22,308 [WARN] PackLoader:240 - Cannot read IP mode file for STMicroelectronics.X-CUBE-TOUCHGFX.4.26.0
2025-10-04 16:44:22,316 [WARN] PackLoader:240 - Cannot read IP mode file for STMicroelectronics.X-CUBE-NFC6.3.0.0
2025-10-04 16:44:22,324 [WARN] PackLoader:240 - Cannot read IP mode file for STMicroelectronics.X-CUBE-DPower.1.3.0
2025-10-04 16:44:22,327 [WARN] PackLoader:240 - Cannot read IP mode file for STMicroelectronics.X-CUBE-AI.8.1.0
2025-10-04 16:44:22,347 [WARN] ConditionMgr:438 - getConditionDescription Invalid condition id : LAN8742 Phy interface Condition cause : null
2025-10-04 16:44:22,349 [WARN] PackLoader:240 - Cannot read IP mode file for STMicroelectronics.X-CUBE-AZRTOS-L4.2.0.0
2025-10-04 16:44:22,350 [WARN] ConditionMgr:1044 - genDependencies : Invalid condition id : LAN8742 Phy interface Condition cause : null
2025-10-04 16:44:22,351 [WARN] ConditionMgr:1044 - genDependencies : Invalid condition id : LAN8742 Phy interface Condition cause : null
2025-10-04 16:44:22,351 [WARN] ConditionMgr:1044 - genDependencies : Invalid condition id : LAN8742 Phy interface Condition cause : null
2025-10-04 16:44:22,366 [WARN] PackLoader:240 - Cannot read IP mode file for STMicroelectronics.X-CUBE-SFXS2LP1.4.0.0
2025-10-04 16:44:22,384 [WARN] PackLoader:240 - Cannot read IP mode file for STMicroelectronics.X-CUBE-AZRTOS-H7.3.3.0
2025-10-04 16:44:22,394 [WARN] PackLoader:240 - Cannot read IP mode file for STMicroelectronics.X-CUBE-BLEMGR.4.1.0
2025-10-04 16:44:22,407 [WARN] PackLoader:240 - Cannot read IP mode file for STMicroelectronics.X-CUBE-IPS.3.0.0
2025-10-04 16:44:22,422 [WARN] ConditionMgr:438 - getConditionDescription Invalid condition id : UX DEVICE CLASS RTOS Condition cause : null
2025-10-04 16:44:22,423 [WARN] ConditionMgr:438 - getConditionDescription Invalid condition id : UX DEVICE CLASS RTOS Condition cause : null
2025-10-04 16:44:22,424 [WARN] PackLoader:240 - Cannot read IP mode file for STMicroelectronics.X-CUBE-AZRTOS-WB.2.0.0
2025-10-04 16:44:22,425 [WARN] ConditionMgr:1044 - genDependencies : Invalid condition id : UX DEVICE CLASS RTOS Condition cause : null
2025-10-04 16:44:22,425 [WARN] ConditionMgr:1044 - genDependencies : Invalid condition id : UX DEVICE CLASS RTOS Condition cause : null
2025-10-04 16:44:22,425 [WARN] ConditionMgr:1044 - genDependencies : Invalid condition id : UX DEVICE CLASS RTOS Condition cause : null
2025-10-04 16:44:22,425 [WARN] ConditionMgr:1044 - genDependencies : Invalid condition id : UX DEVICE CLASS RTOS Condition cause : null
2025-10-04 16:44:22,425 [WARN] ConditionMgr:1044 - genDependencies : Invalid condition id : UX DEVICE CLASS RTOS Condition cause : null
2025-10-04 16:44:22,431 [WARN] PackLoader:240 - Cannot read IP mode file for STMicroelectronics.X-CUBE-GNSS1.7.0.0
2025-10-04 16:44:22,438 [WARN] PackLoader:240 - Cannot read IP mode file for STMicroelectronics.X-CUBE-GNSS1.7.0.1
2025-10-04 16:44:22,445 [WARN] PackLoader:240 - Cannot read IP mode file for STMicroelectronics.X-CUBE-TOUCHGFX.4.25.0
2025-10-04 16:44:22,454 [WARN] PackLoader:240 - Cannot read IP mode file for STMicroelectronics.FP-SNS-STBOX1.2.0.0
2025-10-04 16:44:22,465 [WARN] PackLoader:240 - Cannot read IP mode file for STMicroelectronics.X-CUBE-SUBG2.5.0.0
2025-10-04 16:44:22,487 [WARN] PackLoader:240 - Cannot read IP mode file for STMicroelectronics.X-CUBE-AZRTOS-H7RS.1.1.0
2025-10-04 16:44:22,494 [WARN] PackLoader:240 - Cannot read IP mode file for Cesanta.I-CUBE-Mongoose.7.13.0
2025-10-04 16:44:22,512 [WARN] PackLoader:240 - Cannot read IP mode file for STMicroelectronics.X-CUBE-AZRTOS-G4.2.0.0
2025-10-04 16:44:22,520 [WARN] PackLoader:240 - Cannot read IP mode file for STMicroelectronics.X-CUBE-NFC7.2.0.0
2025-10-04 16:44:22,526 [WARN] PackLoader:240 - Cannot read IP mode file for STMicroelectronics.FP-SNS-MOTENVWB1.1.3.1
2025-10-04 16:44:22,536 [WARN] PackLoader:240 - Cannot read IP mode file for STMicroelectronics.X-CUBE-ISPU.2.0.0
2025-10-04 16:44:22,575 [WARN] PackLoader:240 - Cannot read IP mode file for STMicroelectronics.X-CUBE-IPS.3.1.0
2025-10-04 16:44:22,593 [WARN] PackLoader:240 - Cannot read IP mode file for STMicroelectronics.X-CUBE-ALS.1.0.2
2025-10-04 16:44:22,636 [WARN] PackLoader:240 - Cannot read IP mode file for STMicroelectronics.X-CUBE-MEMS1.10.0.0
2025-10-04 16:44:22,739 [WARN] PackLoader:240 - Cannot read IP mode file for STMicroelectronics.X-CUBE-FREERTOS.1.1.0
2025-10-04 16:44:22,743 [WARN] PackLoader:240 - Cannot read IP mode file for STMicroelectronics.X-CUBE-TOUCHGFX.4.24.0
2025-10-04 16:44:22,748 [WARN] PackLoader:240 - Cannot read IP mode file for STMicroelectronics.X-CUBE-TOUCHGFX.4.24.2
2025-10-04 16:44:22,753 [WARN] PackLoader:240 - Cannot read IP mode file for STMicroelectronics.X-CUBE-TOUCHGFX.4.24.1
2025-10-04 16:44:22,760 [WARN] PackLoader:240 - Cannot read IP mode file for STMicroelectronics.X-CUBE-STSE01.1.0.0
2025-10-04 16:44:22,766 [WARN] PackLoader:240 - Cannot read IP mode file for wolfSSL.I-CUBE-wolfTPM.3.4.0
2025-10-04 16:44:22,774 [WARN] PackLoader:240 - Cannot read IP mode file for portGmbH.I-Cube-SoM-uGOAL.1.1.0
2025-10-04 16:44:22,778 [WARN] PackLoader:240 - Cannot read IP mode file for STMicroelectronics.X-CUBE-ALS.1.0.1
2025-10-04 16:44:22,794 [WARN] PackLoader:240 - Cannot read IP mode file for STMicroelectronics.X-CUBE-AZRTOS-H7RS.1.0.0
2025-10-04 16:44:22,802 [WARN] PackLoader:240 - Cannot read IP mode file for STMicroelectronics.FP-ATR-ASTRA1.2.0.0
2025-10-04 16:44:22,816 [WARN] PackLoader:240 - Cannot read IP mode file for STMicroelectronics.X-CUBE-TOF1.3.4.2
2025-10-04 16:44:22,835 [WARN] PackLoader:240 - Cannot read IP mode file for STMicroelectronics.X-CUBE-TOF1.3.4.3
2025-10-04 16:44:22,855 [WARN] PackLoader:240 - Cannot read IP mode file for STMicroelectronics.X-CUBE-TOF1.3.4.0
2025-10-04 16:44:22,876 [WARN] PackLoader:240 - Cannot read IP mode file for STMicroelectronics.X-CUBE-TOF1.3.4.1
2025-10-04 16:44:22,926 [WARN] PackLoader:240 - Cannot read IP mode file for STMicroelectronics.X-CUBE-AZRTOS-H7.3.2.0
2025-10-04 16:44:22,944 [WARN] PackLoader:240 - Cannot read IP mode file for Infineon.AIROC-Wi-Fi-Bluetooth-STM32.1.6.0
2025-10-04 16:44:22,963 [WARN] PackLoader:240 - Cannot read IP mode file for wolfSSL.I-CUBE-wolfSSH.1.4.17
2025-10-04 16:44:22,965 [INFO] ThirdParty:978 - Integrity check success = true
2025-10-04 16:44:22,965 [INFO] IntegrityCheckThread:100 - exiting critical section [integrity check]
2025-10-04 16:44:22,965 [INFO] IntegrityCheckThread:103 - End integrity checks thread
2025-10-04 16:45:16,470 [INFO] McuFinderGlobals:63 - Set McuFinder mode to 2 (CubeIDE integrated)
2025-10-04 16:45:16,474 [INFO] MainUpdater:2872 - connection check result : 10
2025-10-04 16:45:16,478 [INFO] McuFinderGlobals:76 - Set McuFinderConnectedMode to true
2025-10-04 16:45:16,737 [INFO] ServerAccessManage:473 - Download File mcusAds.json._tmp_
2025-10-04 16:45:16,852 [INFO] LoadUrlFilesThread:156 - End of LoadUrlFiles Thread
2025-10-04 16:45:18,211 [INFO] ServerAccessManage:473 - Download File cube-finder-db.zip
2025-10-04 16:45:19,516 [INFO] FileExtend:242 - Unzip File : cube-finder-db.zip
2025-10-04 16:45:19,517 [INFO] FileExtend:257 - Standard Zip Deflate
2025-10-04 16:45:20,387 [INFO] LoadUrlFilesThread:156 - End of LoadUrlFiles Thread
2025-10-04 16:45:21,718 [INFO] ServerAccessManage:473 - Download File crdb.zip
2025-10-04 16:45:22,855 [INFO] FileExtend:242 - Unzip File : crdb.zip
2025-10-04 16:45:22,855 [INFO] FileExtend:257 - Standard Zip Deflate
2025-10-04 16:45:22,984 [INFO] LoadUrlFilesThread:156 - End of LoadUrlFiles Thread
2025-10-04 16:45:24,519 [INFO] ServerAccessManage:473 - Download File tutoVideoDB.zip
2025-10-04 16:45:24,527 [INFO] FileExtend:242 - Unzip File : tutoVideoDB.zip
2025-10-04 16:45:24,528 [INFO] FileExtend:257 - Standard Zip Deflate
2025-10-04 16:45:24,639 [INFO] LoadUrlFilesThread:156 - End of LoadUrlFiles Thread
2025-10-04 16:45:24,641 [WARN] DbFile:41 - Overriding database path with different value: C:\Users\User\.stmcufinder\plugins\mcufinder/ => C:\Users\User\.stmcufinder\plugins\mcufinder
2025-10-04 16:45:25,648 [INFO] ServerAccessManage:473 - Download File api_config.json
2025-10-04 16:45:25,761 [INFO] LoadUrlFilesThread:156 - End of LoadUrlFiles Thread
2025-10-04 16:45:25,762 [INFO] DbMcusAds:53 - JSON generation date=Thu Oct 02 06:36:05 BRT 2025 (1759397765645)
2025-10-04 16:45:25,852 [INFO] ServerAccessManage:473 - Download File 
2025-10-04 16:45:25,875 [INFO] LoadUrlFilesThread:185 - End of LoadServerUrlFiles without Thread
2025-10-04 16:45:25,875 [INFO] TargetSelectorAdapter:259 - Refresh data is successful
2025-10-04 16:45:26,028 [INFO] ApiDb:581 - Connected to CubeFinder SQLite database (C:\Users\User\.stmcufinder\plugins\mcufinder\mcu\cube-finder-db.db)
2025-10-04 16:45:26,118 [INFO] ApiDb:668 - CubeFinder database Data Model version=2.1
2025-10-04 16:45:26,118 [INFO] ApiDb:669 - CubeFinder database Configuration version=3.0.39
2025-10-04 16:45:26,118 [INFO] ApiDb:670 - CubeFinder database generation date=2025-08-25 (1756130511)
2025-10-04 16:45:26,118 [INFO] ApiDb:671 - CubeFinder database FW Pack versions=[FP-ATR-ASTRA1_V2.0.0, FP-SNS-FLIGHT1_V5.1.0, FP-SNS-MOTENV1_V5.0.0, FP-SNS-MOTENVWB1_V1.4.0, FP-SNS-SMARTAG2_V1.2.0, FP-SNS-STBOX1_V2.1.0, STM32Cube_FW_C0_V1.4.0, STM32Cube_FW_F4_V1.28.3, STM32Cube_FW_F7_V1.17.4, STM32Cube_FW_G0_V1.6.2, STM32Cube_FW_G4_V1.6.1, STM32Cube_FW_H5_V1.5.0, STM32Cube_FW_H7RS_V1.2.0, STM32Cube_FW_H7_V1.12.1, STM32Cube_FW_L0_V1.12.2, STM32Cube_FW_L4_V1.18.1, STM32Cube_FW_L5_V1.5.1, STM32Cube_FW_N6_V1.2.0, STM32Cube_FW_U0_V1.3.0, STM32Cube_FW_U3_V1.2.0, STM32Cube_FW_U5_V1.8.0, STM32Cube_FW_WB0_V1.3.0, STM32Cube_FW_WBA_V1.7.0, STM32Cube_FW_WB_V1.23.0, STM32Cube_FW_WL3_V1.2.0, STM32Cube_FW_WL_V1.3.1, X-CUBE-ALGOBUILD_V1.4.0, X-CUBE-ALS_V1.0.2, X-CUBE-AZRTOS-F4_V1.1.0, X-CUBE-AZRTOS-F7_V1.1.0, X-CUBE-AZRTOS-G0_V1.1.0, X-CUBE-AZRTOS-G4_V2.0.0, X-CUBE-AZRTOS-H7RS_V1.1.0, X-CUBE-AZRTOS-H7_V3.4.0, X-CUBE-AZRTOS-L4_V2.0.0, X-CUBE-AZRTOS-L5_V2.0.0, X-CUBE-AZRTOS-WB_V2.0.0, X-CUBE-AZRTOS-WL_V2.0.0, X-CUBE-BLE1_V7.1.0, X-CUBE-BLE2_V3.3.0, X-CUBE-BLEMGR_V4.1.0, X-CUBE-EEPRMA1_V5.2.0, X-CUBE-FREERTOS_V1.3.1, X-CUBE-GNSS1_V6.0.0, X-CUBE-MEMS1_V11.3.0, X-CUBE-NFC4_V3.0.0, X-CUBE-NFC7_V2.0.0, X-CUBE-SFXS2LP1_V4.0.0, X-CUBE-ST67W61_V1.0.0, X-CUBE-SUBG2_V5.0.0, X-CUBE-TOF1_V3.4.3]
2025-10-04 16:45:29,128 [INFO] ApiDb:240 - Found 895 in-development CPN: [B-G473E-ZEST1S, B-WB1M-WPAN1, B-WBA5M-WPAN, B-WL5M-SUBG1, NUCLEO-C031C6, NUCLEO-C051C8, NUCLEO-C071RB, NUCLEO-C092RC, NUCLEO-H503RB, NUCLEO-H533RE, NUCLEO-H563ZI, NUCLEO-H7S3L8, NUCLEO-N657X0-Q, NUCLEO-U031R8, NUCLEO-U083RC, NUCLEO-U385RG-Q, NUCLEO-U545RE-Q, NUCLEO-U5A5ZJ-Q, NUCLEO-WB05KZ, NUCLEO-WB07CC, NUCLEO-WB09KE, NUCLEO-WBA52CG, NUCLEO-WBA55CG, NUCLEO-WBA65RI, NUCLEO-WL33CC1, NUCLEO-WL33CC2, STEVAL-PROTEUS1, STEVAL-SMARTAG2, STEVAL-STWINBX1, STM320518-EVAL, STM32C0116-DK, STM32C011D6Y3TR, STM32C011D6Y6TR, STM32C011F4P3, STM32C011F4P6, STM32C011F4U3, STM32C011F4U6TR, STM32C011F6P3, STM32C011F6P6, STM32C011F6U3, STM32C011F6U6TR, STM32C011J4M3, STM32C011J4M6, STM32C011J6M3, STM32C011J6M6, STM32C0316-DK, STM32C031C4T3, STM32C031C4T6, STM32C031C4U3, STM32C031C4U6, STM32C031C6T3, STM32C031C6T6, STM32C031C6U3, STM32C031C6U6, STM32C031F4P3, STM32C031F4P6, STM32C031F6P3, STM32C031F6P6, STM32C031G4U3, STM32C031G4U6, STM32C031G6U3, STM32C031G6U6, STM32C031K4T3, STM32C031K4T6, STM32C031K4U3, STM32C031K4U6, STM32C031K6T3, STM32C031K6T6, STM32C031K6U3, STM32C031K6U6, STM32C051C6T6, STM32C051C6U6, STM32C051C8T6, STM32C051C8U6, STM32C051D8Y6TR, STM32C051F6P6, STM32C051F8P6, STM32C051G6U6, STM32C051G8U6, STM32C051K6T6, STM32C051K6U6, STM32C051K8T6, STM32C071C8T6, STM32C071C8T6N, STM32C071C8U6, STM32C071C8U6N, STM32C071CBT6, STM32C071CBT6N, STM32C071CBU6, STM32C071CBU6N, STM32C071F8P6, STM32C071F8P6N, STM32C071FBP6, STM32C071FBP6N, STM32C071FBY6TR, STM32C071G8U6, STM32C071G8U6N, STM32C071GBU6, STM32C071GBU6N, STM32C071K8T6, STM32C071K8T6N, STM32C071K8U6, STM32C071K8U6N, STM32C071KBT6, STM32C071KBT6N, STM32C071KBU6, STM32C071KBU6N, STM32C071R8T6, STM32C071R8T6N, STM32C071RBI6N, STM32C071RBT6, STM32C071RBT6N, STM32C091CBT6, STM32C091CBU6, STM32C091CCT6, STM32C091CCU6, STM32C091ECY6TR, STM32C091FBP6, STM32C091FCP6, STM32C091GBU6, STM32C091GCU6, STM32C091KBT6, STM32C091KBU6, STM32C091KCT6, STM32C091KCU6, STM32C091RBT6, STM32C091RCI6, STM32C091RCT6, STM32C092CBT6, STM32C092CBU6, STM32C092CCT6, STM32C092CCU6, STM32C092ECY6TR, STM32C092FBP6, STM32C092FCP6, STM32C092GBU6, STM32C092GCU6, STM32C092KBT6, STM32C092KBU6, STM32C092KCT6, STM32C092KCU6, STM32C092RBT6, STM32C092RCI6, STM32C092RCT6, STM32G071K8TXN, STM32G071K8UXN, STM32G081GBU6N, STM32G081KBT6N, STM32G081KBUXN, STM32G0B1CCT6N, STM32G0B1KCT6, STM32G0B1NEY6TR, STM32G0B1RCT6N, STM32G0C1CCT6, STM32G0C1CCT6N, STM32G0C1CCU6N, STM32G0C1CET6N, STM32G0C1CEU6N, STM32G0C1KCT6, STM32G0C1NEY6TR, STM32G0C1RCI6N, STM32G0C1RCT6N, STM32G0C1REI6N, STM32G0C1RET6N, STM32G0C1VCI6, STM32G0C1VEI6, STM32G411C6T3, STM32G411C6T6, STM32G411C6U3, STM32G411C6U6, STM32G411C8T3, STM32G411C8T6, STM32G411C8U3, STM32G411C8U6, STM32G411CBT3, STM32G411CBT6, STM32G411CBU3, STM32G411CBU6, STM32G411CCT3, STM32G411CCT6, STM32G411CCU3, STM32G411CCU6, STM32G411K6T3, STM32G411K6T6, STM32G411K6U3, STM32G411K6U6, STM32G411K8T3, STM32G411K8T6, STM32G411K8U3, STM32G411K8U6, STM32G411KBT3, STM32G411KBT6, STM32G411KBU3, STM32G411KBU6, STM32G411M6T3, STM32G411M6T6, STM32G411M8T3, STM32G411M8T6, STM32G411MBT3, STM32G411MBT6, STM32G411MCT3, STM32G411MCT6, STM32G411R6T3, STM32G411R6T6, STM32G411R8T3, STM32G411R8T6, STM32G411RBT3, STM32G411RBT6, STM32G411RCT3, STM32G411RCT6, STM32G414CBT3, STM32G414CBT6, STM32G414CBU3, STM32G414CBU6, STM32G414CCT3, STM32G414CCT6, STM32G414CCU3, STM32G414CCU6, STM32G414MBT3, STM32G414MBT6, STM32G414MCT3, STM32G414MCT6, STM32G414RBT3, STM32G414RBT6, STM32G414RCT3, STM32G414RCT6, STM32G414VBT3, STM32G414VBT6, STM32G414VCT3, STM32G414VCT6, STM32G431CBT3Z, STM32G431RBT3Z, STM32G471CCT6, STM32G471CCU6, STM32G471CET3, STM32G471CET6, STM32G471CEU3, STM32G471CEU6, STM32G471MCT6, STM32G471MET3, STM32G471MET6, STM32G471MEY6TR, STM32G471QCT6, STM32G471QET3, STM32G471RCT6, STM32G471RET3, STM32G471RET6, STM32G471VCH6, STM32G471VCI6, STM32G471VCT6, STM32G471VEH3, STM32G471VEH6, STM32G471VEI3, STM32G471VEI6, STM32G471VET3, STM32G471VET6, STM32G473QET3Z, STM32G473RET3Z, STM32G474CCT6, STM32G491RET3Z, STM32H503CBT6, STM32H503CBU6, STM32H503EBY6TR, STM32H503KBU6, STM32H503RBT6, STM32H523CCT6, STM32H523CCU6, STM32H523CET6, STM32H523CEU6, STM32H523HEY6TR, STM32H523RCT6, STM32H523RET6, STM32H523VCI6, STM32H523VCT6, STM32H523VEI6, STM32H523VET6, STM32H523ZCJ6, STM32H523ZCT6, STM32H523ZEJ6, STM32H523ZET6, STM32H533CET6, STM32H533CEU6, STM32H533HEY6TR, STM32H533RET6, STM32H533VEI6, STM32H533VET6, STM32H533ZEJ6, STM32H533ZET6, STM32H562AGI6, STM32H562AII6, STM32H562IGK6, STM32H562IGT6, STM32H562IIK6, STM32H562IIT6, STM32H562RGT6, STM32H562RGV6, STM32H562RIT6, STM32H562RIV6, STM32H562VGT6, STM32H562VIT6, STM32H562ZGT6, STM32H562ZIT6, STM32H563AGI6, STM32H563AII3Q, STM32H563AII6, STM32H563IGK6, STM32H563IGT6, STM32H563IIK3Q, STM32H563IIK6, STM32H563IIT3Q, STM32H563IIT6, STM32H563MIY3QTR, STM32H563RGT6, STM32H563RGV6, STM32H563RIT6, STM32H563RIV6, STM32H563VGT6, STM32H563VIT3Q, STM32H563VIT6, STM32H563ZGT6, STM32H563ZIT3Q, STM32H563ZIT6, STM32H573AII3Q, STM32H573AII6, STM32H573I-DK, STM32H573IIK3Q, STM32H573IIK6, STM32H573IIT3Q, STM32H573IIT6, STM32H573MIY3QTR, STM32H573RIT6, STM32H573RIV6, STM32H573VIT3Q, STM32H573VIT6, STM32H573ZIT3Q, STM32H573ZIT6, STM32H7R3A8I6, STM32H7R3I8K6, STM32H7R3I8T6, STM32H7R3L8H6, STM32H7R3L8H6H, STM32H7R3R8V6, STM32H7R3V8H6, STM32H7R3V8T6, STM32H7R3V8Y6TR, STM32H7R3Z8J6, STM32H7R3Z8T6, STM32H7R7A8I6, STM32H7R7I8K6, STM32H7R7I8T6, STM32H7R7L8H6, STM32H7R7L8H6H, STM32H7R7Z8J6, STM32H7S3A8I6, STM32H7S3I8K6, STM32H7S3I8T6, STM32H7S3L8H6, STM32H7S3L8H6H, STM32H7S3R8V6, STM32H7S3V8H6, STM32H7S3V8T6, STM32H7S3V8Y6TR, STM32H7S3Z8J6, STM32H7S3Z8T6, STM32H7S78-DK, STM32H7S7A8I6, STM32H7S7I8K6, STM32H7S7I8T6, STM32H7S7L8H6, STM32H7S7L8H6H, STM32H7S7Z8J6, STM32L4R5QGI6STR, STM32MP131AAE3, STM32MP131AAF3, STM32MP131AAG3, STM32MP131CAE3, STM32MP131CAF3, STM32MP131CAG3, STM32MP131DAE7, STM32MP131DAF7, STM32MP131DAG7, STM32MP131FAE7, STM32MP131FAF7, STM32MP131FAG7, STM32MP133AAE3, STM32MP133AAF3, STM32MP133AAG3, STM32MP133CAE3, STM32MP133CAF3, STM32MP133CAG3, STM32MP133DAE7, STM32MP133DAF7, STM32MP133DAG7, STM32MP133FAE7, STM32MP133FAF7, STM32MP133FAG7, STM32MP135AAE3, STM32MP135AAF3, STM32MP135AAG3, STM32MP135CAE3, STM32MP135CAF3, STM32MP135CAG3, STM32MP135DAE7, STM32MP135DAF7, STM32MP135DAG7, STM32MP135F-DK, STM32MP135FAE7, STM32MP135FAF7, STM32MP135FAF7T, STM32MP135FAF7U, STM32MP135FAG7, STM32MP231AAJ3, STM32MP231AAK3, STM32MP231AAL3, STM32MP231CAJ3, STM32MP231CAK3, STM32MP231CAL3, STM32MP231DAJ3, STM32MP231DAK3, STM32MP231DAL3, STM32MP231FAJ3, STM32MP231FAK3, STM32MP231FAL3, STM32MP233AAJ3, STM32MP233AAK3, STM32MP233AAL3, STM32MP233CAJ3, STM32MP233CAK3, STM32MP233CAL3, STM32MP233DAJ3, STM32MP233DAK3, STM32MP233DAL3, STM32MP233FAJ3, STM32MP233FAK3, STM32MP233FAL3, STM32MP235AAJ3, STM32MP235AAK3, STM32MP235AAL3, STM32MP235CAJ3, STM32MP235CAK3, STM32MP235CAL3, STM32MP235DAJ3, STM32MP235DAK3, STM32MP235DAL3, STM32MP235FAJ3, STM32MP235FAK3, STM32MP235FAL3, STM32MP251AAI3, STM32MP251AAJ3, STM32MP251AAK3, STM32MP251AAL3, STM32MP251CAI3, STM32MP251CAJ3, STM32MP251CAK3, STM32MP251CAL3, STM32MP251DAI3, STM32MP251DAJ3, STM32MP251DAK3, STM32MP251DAL3, STM32MP251FAI3, STM32MP251FAJ3, STM32MP251FAK3, STM32MP251FAL3, STM32MP253AAI3, STM32MP253AAJ3, STM32MP253AAK3, STM32MP253AAL3, STM32MP253CAI3, STM32MP253CAJ3, STM32MP253CAK3, STM32MP253CAL3, STM32MP253DAI3, STM32MP253DAJ3, STM32MP253DAK3, STM32MP253DAL3, STM32MP253FAI3, STM32MP253FAJ3, STM32MP253FAK3, STM32MP253FAL3, STM32MP255AAI3, STM32MP255AAJ3, STM32MP255AAK3, STM32MP255AAL3, STM32MP255CAI3, STM32MP255CAJ3, STM32MP255CAK3, STM32MP255CAL3, STM32MP255DAI3, STM32MP255DAJ3, STM32MP255DAK3, STM32MP255DAL3, STM32MP255FAI3, STM32MP255FAJ3, STM32MP255FAK3, STM32MP255FAL3, STM32MP257AAI3, STM32MP257AAJ3, STM32MP257AAK3, STM32MP257AAL3, STM32MP257CAI3, STM32MP257CAJ3, STM32MP257CAK3, STM32MP257CAL3, STM32MP257DAI3, STM32MP257DAJ3, STM32MP257DAK3, STM32MP257DAL3, STM32MP257F-DK, STM32MP257F-EV1, STM32MP257FAI3, STM32MP257FAJ3, STM32MP257FAK3, STM32MP257FAL3, STM32N645A0H3Q, STM32N645B0H3Q, STM32N645I0H3Q, STM32N645L0H3Q, STM32N645X0H3Q, STM32N645Z0H3Q, STM32N647A0H3Q, STM32N647B0H3Q, STM32N647I0H3Q, STM32N647L0H3Q, STM32N647X0H3Q, STM32N647Z0H3Q, STM32N655A0H3Q, STM32N655B0H3Q, STM32N655I0H3Q, STM32N655L0H3Q, STM32N655X0H3Q, STM32N655Z0H3Q, STM32N6570-DK, STM32N657A0H3Q, STM32N657B0H3Q, STM32N657I0H3Q, STM32N657L0H3Q, STM32N657X0H3Q, STM32N657Z0H3Q, STM32U031C6T6, STM32U031C6U6, STM32U031C8T6, STM32U031C8U6, STM32U031F4P6, STM32U031F6P6, STM32U031F8P6, STM32U031G6Y6TR, STM32U031G8Y6TR, STM32U031K4U6, STM32U031K6U6, STM32U031K8U6, STM32U031R6I6, STM32U031R6T6, STM32U031R8I6, STM32U031R8T6, STM32U073C8T6, STM32U073C8U6, STM32U073CBT6, STM32U073CBU6, STM32U073CCT6, STM32U073CCU6, STM32U073H8Y6TR, STM32U073HBY6TR, STM32U073HCY6TR, STM32U073K8U6, STM32U073KBU6, STM32U073KCU6, STM32U073M8I6, STM32U073M8T6, STM32U073MBI6, STM32U073MBT6, STM32U073MCI6, STM32U073MCT6, STM32U073R8I6, STM32U073R8T6, STM32U073RBI6, STM32U073RBT6, STM32U073RCI6, STM32U073RCT6, STM32U083C-DK, STM32U083CCT6, STM32U083CCU6, STM32U083HCY6TR, STM32U083KCU6, STM32U083MCI6, STM32U083MCT6, STM32U083RCI6, STM32U083RCT6, STM32U375CET6, STM32U375CET6Q, STM32U375CEU6, STM32U375CEU6Q, STM32U375CEY6QTR, STM32U375CGT6, STM32U375CGT6Q, STM32U375CGU6, STM32U375CGU6Q, STM32U375CGY6QTR, STM32U375KEU6, STM32U375KGU6, STM32U375REI6, STM32U375REI6Q, STM32U375RET6, STM32U375RET6Q, STM32U375REY6GTR, STM32U375REY6QTR, STM32U375RGI6, STM32U375RGI6Q, STM32U375RGT6, STM32U375RGT6Q, STM32U375RGY6GTR, STM32U375RGY6QTR, STM32U375VEI6, STM32U375VEI6Q, STM32U375VET6, STM32U375VET6Q, STM32U375VGI6, STM32U375VGI6Q, STM32U375VGT6, STM32U375VGT6Q, STM32U385CGT6, STM32U385CGT6Q, STM32U385CGU6, STM32U385CGU6Q, STM32U385CGY6QTR, STM32U385KGU6, STM32U385RGI6, STM32U385RGI6Q, STM32U385RGT6, STM32U385RGT6Q, STM32U385RGY6GTR, STM32U385RGY6QTR, STM32U385VGI6, STM32U385VGI6Q, STM32U385VGT6, STM32U385VGT6Q, STM32U535CBT6, STM32U535CBT6Q, STM32U535CBU6, STM32U535CBU6Q, STM32U535CCT6, STM32U535CCT6Q, STM32U535CCU6, STM32U535CCU6Q, STM32U535CET6, STM32U535CET6Q, STM32U535CEU6, STM32U535CEU6Q, STM32U535JEY6QTR, STM32U535NCY6QTR, STM32U535NEY6QTR, STM32U535RBI6, STM32U535RBI6Q, STM32U535RBT6, STM32U535RBT6Q, STM32U535RCI6, STM32U535RCI6Q, STM32U535RCT6, STM32U535RCT6Q, STM32U535REI6, STM32U535REI6Q, STM32U535RET6, STM32U535RET6Q, STM32U535VCI6, STM32U535VCI6Q, STM32U535VCT6, STM32U535VCT6Q, STM32U535VEI6, STM32U535VEI6Q, STM32U535VET6, STM32U535VET6Q, STM32U545CET6, STM32U545CET6Q, STM32U545CEU6, STM32U545CEU6Q, STM32U545JEY6QTR, STM32U545NEY6QTR, STM32U545REI6, STM32U545REI6Q, STM32U545RET6, STM32U545RET6Q, STM32U545VEI6, STM32U545VEI6Q, STM32U545VET6, STM32U545VET6Q, STM32U595AIH6, STM32U595AIH6Q, STM32U595AJH6, STM32U595AJH6Q, STM32U595QII6, STM32U595QII6Q, STM32U595QJI6, STM32U595QJI6Q, STM32U595RIT6, STM32U595RIT6Q, STM32U595RJT6, STM32U595RJT6Q, STM32U595VIT6, STM32U595VIT6Q, STM32U595VJT6, STM32U595VJT6Q, STM32U595ZIT6, STM32U595ZIT6Q, STM32U595ZIY6QTR, STM32U595ZJT6, STM32U595ZJT6Q, STM32U595ZJY6QTR, STM32U599BJY6QTR, STM32U599NIH6Q, STM32U599NJH6Q, STM32U599VIT6Q, STM32U599VJT6, STM32U599VJT6Q, STM32U599ZIT6Q, STM32U599ZIY6QTR, STM32U599ZJT6Q, STM32U599ZJY6QTR, STM32U5A5AJH6, STM32U5A5AJH6Q, STM32U5A5QII3Q , STM32U5A5QJI6, STM32U5A5QJI6Q, STM32U5A5RJT6, STM32U5A5RJT6Q, STM32U5A5VJT6, STM32U5A5VJT6Q, STM32U5A5ZJT6, STM32U5A5ZJT6Q, STM32U5A5ZJY6QTR, STM32U5A9BJY6QTR, STM32U5A9J-DK, STM32U5A9NJH6Q, STM32U5A9VJT6Q, STM32U5A9ZJT6Q, STM32U5A9ZJY6QTR, STM32U5F7VIT6, STM32U5F7VIT6Q, STM32U5F7VJT6, STM32U5F7VJT6Q, STM32U5F9BJY6QTR, STM32U5F9NJH6Q, STM32U5F9VIT6Q, STM32U5F9VJT6Q, STM32U5F9ZIJ6QTR, STM32U5F9ZIT6Q, STM32U5F9ZJJ6QTR, STM32U5F9ZJT6Q, STM32U5G7VJT6, STM32U5G7VJT6Q, STM32U5G9BJY6QTR, STM32U5G9J-DK1, STM32U5G9J-DK2, STM32U5G9NJH6Q, STM32U5G9VJT6Q, STM32U5G9ZJJ6QTR, STM32U5G9ZJT6Q, STM32WB05KZV6TR, STM32WB05KZV7TR, STM32WB05TZF6TR, STM32WB05TZF7TR, STM32WB06CCF6TR, STM32WB06CCF7TR, STM32WB06CCV6TR, STM32WB06CCV7TR, STM32WB06KCV6TR, STM32WB06KCV7TR, STM32WB07CCF6TR, STM32WB07CCF7TR, STM32WB07CCV6TR, STM32WB07CCV7TR, STM32WB07KCV6TR, STM32WB07KCV7TR, STM32WB09KEV6TR, STM32WB09KEV7TR, STM32WB09TEF6TR, STM32WB09TEF7TR, STM32WB1MMCH6, STM32WBA50KGU6, STM32WBA50KGU6TR, STM32WBA52CEU6, STM32WBA52CEU6TR, STM32WBA52CEU7, STM32WBA52CEU7TR, STM32WBA52CGU6, STM32WBA52CGU6TR, STM32WBA52CGU6U, STM32WBA52CGU7, STM32WBA52CGU7TR, STM32WBA52KEU6, STM32WBA52KEU6TR, STM32WBA52KGU6, STM32WBA52KGU6TR, STM32WBA54CEU6, STM32WBA54CEU6TR, STM32WBA54CEU7, STM32WBA54CEU7TR, STM32WBA54CGU6, STM32WBA54CGU6TR, STM32WBA54CGU7, STM32WBA54CGU7TR, STM32WBA54KEU6, STM32WBA54KEU6TR, STM32WBA54KEU7, STM32WBA54KEU7TR, STM32WBA54KGU6, STM32WBA54KGU6TR, STM32WBA54KGU7, STM32WBA54KGU7TR, STM32WBA55CEU6, STM32WBA55CEU6TR, STM32WBA55CEU7, STM32WBA55CEU7TR, STM32WBA55CGU6, STM32WBA55CGU6TR, STM32WBA55CGU6U, STM32WBA55CGU7, STM32WBA55CGU7TR, STM32WBA55G-DK1, STM32WBA55HEF6, STM32WBA55HEF7, STM32WBA55HGF6, STM32WBA55HGF7, STM32WBA55UEI6, STM32WBA55UEI6TR, STM32WBA55UEI7, STM32WBA55UEI7TR, STM32WBA55UGI6, STM32WBA55UGI6TR, STM32WBA55UGI7, STM32WBA55UGI7TR, STM32WBA5MJGH6TR, STM32WBA62CGU6, STM32WBA62CIU6, STM32WBA62MGF6, STM32WBA62MIF6, STM32WBA62PGI6, STM32WBA62PII6, STM32WBA63CGU6, STM32WBA63CGU7, STM32WBA63CIU6, STM32WBA63CIU7, STM32WBA64CGU6, STM32WBA64CGU7, STM32WBA64CIU6, STM32WBA64CIU7, STM32WBA65CGU6, STM32WBA65CGU7, STM32WBA65CIU6, STM32WBA65CIU7, STM32WBA65I-DK1, STM32WBA65MGF6, STM32WBA65MGF7, STM32WBA65MIF6, STM32WBA65MIF7, STM32WBA65PGI6, STM32WBA65PGI7, STM32WBA65PII6, STM32WBA65PII7, STM32WBA65RGV6, STM32WBA65RGV7, STM32WBA65RIV6, STM32WBA65RIV7, STM32WL30K8V6, STM32WL30KBV6, STM32WL31C8V6, STM32WL31CBV6, STM32WL31K8V6, STM32WL31KBV6, STM32WL33C8V6, STM32WL33C8V6TR, STM32WL33C8V7, STM32WL33C8V7TR, STM32WL33CBV6, STM32WL33CBV6TR, STM32WL33CBV7, STM32WL33CBV7TR, STM32WL33CCV6, STM32WL33CCV6TR, STM32WL33CCV7, STM32WL33CCV7A, STM32WL33CCV7ATR, STM32WL33CCV7TR, STM32WL33K8V6, STM32WL33K8V6TR, STM32WL33K8V7, STM32WL33K8V7TR, STM32WL33KBV6, STM32WL33KBV6TR, STM32WL33KBV7, STM32WL33KBV7TR, STM32WL33KCV6, STM32WL33KCV6TR, STM32WL33KCV7, STM32WL33KCV7TR, STM32WL5MOCH6, STM32WL5MOCH6TR]
2025-10-04 16:45:29,140 [INFO] DbMcus:218 - Found 4747 MCUs, 4747 are supported
2025-10-04 16:45:29,141 [INFO] ApiDb:423 - Load user favorites file C:\Users\User/.stm32cubeide/favorites.mcus.txt: 1 item(s)
2025-10-04 16:45:29,141 [INFO] ApiDb:427 - User favorites MCUs=[STM32F103C8T6]
2025-10-04 16:45:29,141 [INFO] DbMcus:224 - Set 1 / 1 favorites MCUs
2025-10-04 16:45:29,924 [INFO] ApiDb:668 - CubeFinder database Data Model version=2.1
2025-10-04 16:45:29,924 [INFO] ApiDb:669 - CubeFinder database Configuration version=3.0.39
2025-10-04 16:45:29,924 [INFO] ApiDb:670 - CubeFinder database generation date=2025-08-25 (1756130511)
2025-10-04 16:45:29,924 [INFO] ApiDb:671 - CubeFinder database FW Pack versions=[FP-ATR-ASTRA1_V2.0.0, FP-SNS-FLIGHT1_V5.1.0, FP-SNS-MOTENV1_V5.0.0, FP-SNS-MOTENVWB1_V1.4.0, FP-SNS-SMARTAG2_V1.2.0, FP-SNS-STBOX1_V2.1.0, STM32Cube_FW_C0_V1.4.0, STM32Cube_FW_F4_V1.28.3, STM32Cube_FW_F7_V1.17.4, STM32Cube_FW_G0_V1.6.2, STM32Cube_FW_G4_V1.6.1, STM32Cube_FW_H5_V1.5.0, STM32Cube_FW_H7RS_V1.2.0, STM32Cube_FW_H7_V1.12.1, STM32Cube_FW_L0_V1.12.2, STM32Cube_FW_L4_V1.18.1, STM32Cube_FW_L5_V1.5.1, STM32Cube_FW_N6_V1.2.0, STM32Cube_FW_U0_V1.3.0, STM32Cube_FW_U3_V1.2.0, STM32Cube_FW_U5_V1.8.0, STM32Cube_FW_WB0_V1.3.0, STM32Cube_FW_WBA_V1.7.0, STM32Cube_FW_WB_V1.23.0, STM32Cube_FW_WL3_V1.2.0, STM32Cube_FW_WL_V1.3.1, X-CUBE-ALGOBUILD_V1.4.0, X-CUBE-ALS_V1.0.2, X-CUBE-AZRTOS-F4_V1.1.0, X-CUBE-AZRTOS-F7_V1.1.0, X-CUBE-AZRTOS-G0_V1.1.0, X-CUBE-AZRTOS-G4_V2.0.0, X-CUBE-AZRTOS-H7RS_V1.1.0, X-CUBE-AZRTOS-H7_V3.4.0, X-CUBE-AZRTOS-L4_V2.0.0, X-CUBE-AZRTOS-L5_V2.0.0, X-CUBE-AZRTOS-WB_V2.0.0, X-CUBE-AZRTOS-WL_V2.0.0, X-CUBE-BLE1_V7.1.0, X-CUBE-BLE2_V3.3.0, X-CUBE-BLEMGR_V4.1.0, X-CUBE-EEPRMA1_V5.2.0, X-CUBE-FREERTOS_V1.3.1, X-CUBE-GNSS1_V6.0.0, X-CUBE-MEMS1_V11.3.0, X-CUBE-NFC4_V3.0.0, X-CUBE-NFC7_V2.0.0, X-CUBE-SFXS2LP1_V4.0.0, X-CUBE-ST67W61_V1.0.0, X-CUBE-SUBG2_V5.0.0, X-CUBE-TOF1_V3.4.3]
2025-10-04 16:45:29,987 [INFO] DbBoardsSqlite:226 - include board P-NUCLEO-WB55-NUCLEO as a kit item of type 'Nucleo-64'
2025-10-04 16:45:29,988 [INFO] DbBoardsSqlite:226 - include board P-NUCLEO-WB55-USBDONGLE as a kit item of type 'Nucleo USB Dongle'
2025-10-04 16:45:29,988 [INFO] DbBoardsSqlite:226 - include board STEVAL-IDP005V1 as a kit item of type 'Evaluation Board'
2025-10-04 16:45:29,988 [INFO] DbBoardsSqlite:226 - include board STEVAL-IDP005V2 as a kit item of type 'Evaluation Board'
2025-10-04 16:45:30,066 [INFO] ApiDb:240 - Found 895 in-development CPN: [B-G473E-ZEST1S, B-WB1M-WPAN1, B-WBA5M-WPAN, B-WL5M-SUBG1, NUCLEO-C031C6, NUCLEO-C051C8, NUCLEO-C071RB, NUCLEO-C092RC, NUCLEO-H503RB, NUCLEO-H533RE, NUCLEO-H563ZI, NUCLEO-H7S3L8, NUCLEO-N657X0-Q, NUCLEO-U031R8, NUCLEO-U083RC, NUCLEO-U385RG-Q, NUCLEO-U545RE-Q, NUCLEO-U5A5ZJ-Q, NUCLEO-WB05KZ, NUCLEO-WB07CC, NUCLEO-WB09KE, NUCLEO-WBA52CG, NUCLEO-WBA55CG, NUCLEO-WBA65RI, NUCLEO-WL33CC1, NUCLEO-WL33CC2, STEVAL-PROTEUS1, STEVAL-SMARTAG2, STEVAL-STWINBX1, STM320518-EVAL, STM32C0116-DK, STM32C011D6Y3TR, STM32C011D6Y6TR, STM32C011F4P3, STM32C011F4P6, STM32C011F4U3, STM32C011F4U6TR, STM32C011F6P3, STM32C011F6P6, STM32C011F6U3, STM32C011F6U6TR, STM32C011J4M3, STM32C011J4M6, STM32C011J6M3, STM32C011J6M6, STM32C0316-DK, STM32C031C4T3, STM32C031C4T6, STM32C031C4U3, STM32C031C4U6, STM32C031C6T3, STM32C031C6T6, STM32C031C6U3, STM32C031C6U6, STM32C031F4P3, STM32C031F4P6, STM32C031F6P3, STM32C031F6P6, STM32C031G4U3, STM32C031G4U6, STM32C031G6U3, STM32C031G6U6, STM32C031K4T3, STM32C031K4T6, STM32C031K4U3, STM32C031K4U6, STM32C031K6T3, STM32C031K6T6, STM32C031K6U3, STM32C031K6U6, STM32C051C6T6, STM32C051C6U6, STM32C051C8T6, STM32C051C8U6, STM32C051D8Y6TR, STM32C051F6P6, STM32C051F8P6, STM32C051G6U6, STM32C051G8U6, STM32C051K6T6, STM32C051K6U6, STM32C051K8T6, STM32C071C8T6, STM32C071C8T6N, STM32C071C8U6, STM32C071C8U6N, STM32C071CBT6, STM32C071CBT6N, STM32C071CBU6, STM32C071CBU6N, STM32C071F8P6, STM32C071F8P6N, STM32C071FBP6, STM32C071FBP6N, STM32C071FBY6TR, STM32C071G8U6, STM32C071G8U6N, STM32C071GBU6, STM32C071GBU6N, STM32C071K8T6, STM32C071K8T6N, STM32C071K8U6, STM32C071K8U6N, STM32C071KBT6, STM32C071KBT6N, STM32C071KBU6, STM32C071KBU6N, STM32C071R8T6, STM32C071R8T6N, STM32C071RBI6N, STM32C071RBT6, STM32C071RBT6N, STM32C091CBT6, STM32C091CBU6, STM32C091CCT6, STM32C091CCU6, STM32C091ECY6TR, STM32C091FBP6, STM32C091FCP6, STM32C091GBU6, STM32C091GCU6, STM32C091KBT6, STM32C091KBU6, STM32C091KCT6, STM32C091KCU6, STM32C091RBT6, STM32C091RCI6, STM32C091RCT6, STM32C092CBT6, STM32C092CBU6, STM32C092CCT6, STM32C092CCU6, STM32C092ECY6TR, STM32C092FBP6, STM32C092FCP6, STM32C092GBU6, STM32C092GCU6, STM32C092KBT6, STM32C092KBU6, STM32C092KCT6, STM32C092KCU6, STM32C092RBT6, STM32C092RCI6, STM32C092RCT6, STM32G071K8TXN, STM32G071K8UXN, STM32G081GBU6N, STM32G081KBT6N, STM32G081KBUXN, STM32G0B1CCT6N, STM32G0B1KCT6, STM32G0B1NEY6TR, STM32G0B1RCT6N, STM32G0C1CCT6, STM32G0C1CCT6N, STM32G0C1CCU6N, STM32G0C1CET6N, STM32G0C1CEU6N, STM32G0C1KCT6, STM32G0C1NEY6TR, STM32G0C1RCI6N, STM32G0C1RCT6N, STM32G0C1REI6N, STM32G0C1RET6N, STM32G0C1VCI6, STM32G0C1VEI6, STM32G411C6T3, STM32G411C6T6, STM32G411C6U3, STM32G411C6U6, STM32G411C8T3, STM32G411C8T6, STM32G411C8U3, STM32G411C8U6, STM32G411CBT3, STM32G411CBT6, STM32G411CBU3, STM32G411CBU6, STM32G411CCT3, STM32G411CCT6, STM32G411CCU3, STM32G411CCU6, STM32G411K6T3, STM32G411K6T6, STM32G411K6U3, STM32G411K6U6, STM32G411K8T3, STM32G411K8T6, STM32G411K8U3, STM32G411K8U6, STM32G411KBT3, STM32G411KBT6, STM32G411KBU3, STM32G411KBU6, STM32G411M6T3, STM32G411M6T6, STM32G411M8T3, STM32G411M8T6, STM32G411MBT3, STM32G411MBT6, STM32G411MCT3, STM32G411MCT6, STM32G411R6T3, STM32G411R6T6, STM32G411R8T3, STM32G411R8T6, STM32G411RBT3, STM32G411RBT6, STM32G411RCT3, STM32G411RCT6, STM32G414CBT3, STM32G414CBT6, STM32G414CBU3, STM32G414CBU6, STM32G414CCT3, STM32G414CCT6, STM32G414CCU3, STM32G414CCU6, STM32G414MBT3, STM32G414MBT6, STM32G414MCT3, STM32G414MCT6, STM32G414RBT3, STM32G414RBT6, STM32G414RCT3, STM32G414RCT6, STM32G414VBT3, STM32G414VBT6, STM32G414VCT3, STM32G414VCT6, STM32G431CBT3Z, STM32G431RBT3Z, STM32G471CCT6, STM32G471CCU6, STM32G471CET3, STM32G471CET6, STM32G471CEU3, STM32G471CEU6, STM32G471MCT6, STM32G471MET3, STM32G471MET6, STM32G471MEY6TR, STM32G471QCT6, STM32G471QET3, STM32G471RCT6, STM32G471RET3, STM32G471RET6, STM32G471VCH6, STM32G471VCI6, STM32G471VCT6, STM32G471VEH3, STM32G471VEH6, STM32G471VEI3, STM32G471VEI6, STM32G471VET3, STM32G471VET6, STM32G473QET3Z, STM32G473RET3Z, STM32G474CCT6, STM32G491RET3Z, STM32H503CBT6, STM32H503CBU6, STM32H503EBY6TR, STM32H503KBU6, STM32H503RBT6, STM32H523CCT6, STM32H523CCU6, STM32H523CET6, STM32H523CEU6, STM32H523HEY6TR, STM32H523RCT6, STM32H523RET6, STM32H523VCI6, STM32H523VCT6, STM32H523VEI6, STM32H523VET6, STM32H523ZCJ6, STM32H523ZCT6, STM32H523ZEJ6, STM32H523ZET6, STM32H533CET6, STM32H533CEU6, STM32H533HEY6TR, STM32H533RET6, STM32H533VEI6, STM32H533VET6, STM32H533ZEJ6, STM32H533ZET6, STM32H562AGI6, STM32H562AII6, STM32H562IGK6, STM32H562IGT6, STM32H562IIK6, STM32H562IIT6, STM32H562RGT6, STM32H562RGV6, STM32H562RIT6, STM32H562RIV6, STM32H562VGT6, STM32H562VIT6, STM32H562ZGT6, STM32H562ZIT6, STM32H563AGI6, STM32H563AII3Q, STM32H563AII6, STM32H563IGK6, STM32H563IGT6, STM32H563IIK3Q, STM32H563IIK6, STM32H563IIT3Q, STM32H563IIT6, STM32H563MIY3QTR, STM32H563RGT6, STM32H563RGV6, STM32H563RIT6, STM32H563RIV6, STM32H563VGT6, STM32H563VIT3Q, STM32H563VIT6, STM32H563ZGT6, STM32H563ZIT3Q, STM32H563ZIT6, STM32H573AII3Q, STM32H573AII6, STM32H573I-DK, STM32H573IIK3Q, STM32H573IIK6, STM32H573IIT3Q, STM32H573IIT6, STM32H573MIY3QTR, STM32H573RIT6, STM32H573RIV6, STM32H573VIT3Q, STM32H573VIT6, STM32H573ZIT3Q, STM32H573ZIT6, STM32H7R3A8I6, STM32H7R3I8K6, STM32H7R3I8T6, STM32H7R3L8H6, STM32H7R3L8H6H, STM32H7R3R8V6, STM32H7R3V8H6, STM32H7R3V8T6, STM32H7R3V8Y6TR, STM32H7R3Z8J6, STM32H7R3Z8T6, STM32H7R7A8I6, STM32H7R7I8K6, STM32H7R7I8T6, STM32H7R7L8H6, STM32H7R7L8H6H, STM32H7R7Z8J6, STM32H7S3A8I6, STM32H7S3I8K6, STM32H7S3I8T6, STM32H7S3L8H6, STM32H7S3L8H6H, STM32H7S3R8V6, STM32H7S3V8H6, STM32H7S3V8T6, STM32H7S3V8Y6TR, STM32H7S3Z8J6, STM32H7S3Z8T6, STM32H7S78-DK, STM32H7S7A8I6, STM32H7S7I8K6, STM32H7S7I8T6, STM32H7S7L8H6, STM32H7S7L8H6H, STM32H7S7Z8J6, STM32L4R5QGI6STR, STM32MP131AAE3, STM32MP131AAF3, STM32MP131AAG3, STM32MP131CAE3, STM32MP131CAF3, STM32MP131CAG3, STM32MP131DAE7, STM32MP131DAF7, STM32MP131DAG7, STM32MP131FAE7, STM32MP131FAF7, STM32MP131FAG7, STM32MP133AAE3, STM32MP133AAF3, STM32MP133AAG3, STM32MP133CAE3, STM32MP133CAF3, STM32MP133CAG3, STM32MP133DAE7, STM32MP133DAF7, STM32MP133DAG7, STM32MP133FAE7, STM32MP133FAF7, STM32MP133FAG7, STM32MP135AAE3, STM32MP135AAF3, STM32MP135AAG3, STM32MP135CAE3, STM32MP135CAF3, STM32MP135CAG3, STM32MP135DAE7, STM32MP135DAF7, STM32MP135DAG7, STM32MP135F-DK, STM32MP135FAE7, STM32MP135FAF7, STM32MP135FAF7T, STM32MP135FAF7U, STM32MP135FAG7, STM32MP231AAJ3, STM32MP231AAK3, STM32MP231AAL3, STM32MP231CAJ3, STM32MP231CAK3, STM32MP231CAL3, STM32MP231DAJ3, STM32MP231DAK3, STM32MP231DAL3, STM32MP231FAJ3, STM32MP231FAK3, STM32MP231FAL3, STM32MP233AAJ3, STM32MP233AAK3, STM32MP233AAL3, STM32MP233CAJ3, STM32MP233CAK3, STM32MP233CAL3, STM32MP233DAJ3, STM32MP233DAK3, STM32MP233DAL3, STM32MP233FAJ3, STM32MP233FAK3, STM32MP233FAL3, STM32MP235AAJ3, STM32MP235AAK3, STM32MP235AAL3, STM32MP235CAJ3, STM32MP235CAK3, STM32MP235CAL3, STM32MP235DAJ3, STM32MP235DAK3, STM32MP235DAL3, STM32MP235FAJ3, STM32MP235FAK3, STM32MP235FAL3, STM32MP251AAI3, STM32MP251AAJ3, STM32MP251AAK3, STM32MP251AAL3, STM32MP251CAI3, STM32MP251CAJ3, STM32MP251CAK3, STM32MP251CAL3, STM32MP251DAI3, STM32MP251DAJ3, STM32MP251DAK3, STM32MP251DAL3, STM32MP251FAI3, STM32MP251FAJ3, STM32MP251FAK3, STM32MP251FAL3, STM32MP253AAI3, STM32MP253AAJ3, STM32MP253AAK3, STM32MP253AAL3, STM32MP253CAI3, STM32MP253CAJ3, STM32MP253CAK3, STM32MP253CAL3, STM32MP253DAI3, STM32MP253DAJ3, STM32MP253DAK3, STM32MP253DAL3, STM32MP253FAI3, STM32MP253FAJ3, STM32MP253FAK3, STM32MP253FAL3, STM32MP255AAI3, STM32MP255AAJ3, STM32MP255AAK3, STM32MP255AAL3, STM32MP255CAI3, STM32MP255CAJ3, STM32MP255CAK3, STM32MP255CAL3, STM32MP255DAI3, STM32MP255DAJ3, STM32MP255DAK3, STM32MP255DAL3, STM32MP255FAI3, STM32MP255FAJ3, STM32MP255FAK3, STM32MP255FAL3, STM32MP257AAI3, STM32MP257AAJ3, STM32MP257AAK3, STM32MP257AAL3, STM32MP257CAI3, STM32MP257CAJ3, STM32MP257CAK3, STM32MP257CAL3, STM32MP257DAI3, STM32MP257DAJ3, STM32MP257DAK3, STM32MP257DAL3, STM32MP257F-DK, STM32MP257F-EV1, STM32MP257FAI3, STM32MP257FAJ3, STM32MP257FAK3, STM32MP257FAL3, STM32N645A0H3Q, STM32N645B0H3Q, STM32N645I0H3Q, STM32N645L0H3Q, STM32N645X0H3Q, STM32N645Z0H3Q, STM32N647A0H3Q, STM32N647B0H3Q, STM32N647I0H3Q, STM32N647L0H3Q, STM32N647X0H3Q, STM32N647Z0H3Q, STM32N655A0H3Q, STM32N655B0H3Q, STM32N655I0H3Q, STM32N655L0H3Q, STM32N655X0H3Q, STM32N655Z0H3Q, STM32N6570-DK, STM32N657A0H3Q, STM32N657B0H3Q, STM32N657I0H3Q, STM32N657L0H3Q, STM32N657X0H3Q, STM32N657Z0H3Q, STM32U031C6T6, STM32U031C6U6, STM32U031C8T6, STM32U031C8U6, STM32U031F4P6, STM32U031F6P6, STM32U031F8P6, STM32U031G6Y6TR, STM32U031G8Y6TR, STM32U031K4U6, STM32U031K6U6, STM32U031K8U6, STM32U031R6I6, STM32U031R6T6, STM32U031R8I6, STM32U031R8T6, STM32U073C8T6, STM32U073C8U6, STM32U073CBT6, STM32U073CBU6, STM32U073CCT6, STM32U073CCU6, STM32U073H8Y6TR, STM32U073HBY6TR, STM32U073HCY6TR, STM32U073K8U6, STM32U073KBU6, STM32U073KCU6, STM32U073M8I6, STM32U073M8T6, STM32U073MBI6, STM32U073MBT6, STM32U073MCI6, STM32U073MCT6, STM32U073R8I6, STM32U073R8T6, STM32U073RBI6, STM32U073RBT6, STM32U073RCI6, STM32U073RCT6, STM32U083C-DK, STM32U083CCT6, STM32U083CCU6, STM32U083HCY6TR, STM32U083KCU6, STM32U083MCI6, STM32U083MCT6, STM32U083RCI6, STM32U083RCT6, STM32U375CET6, STM32U375CET6Q, STM32U375CEU6, STM32U375CEU6Q, STM32U375CEY6QTR, STM32U375CGT6, STM32U375CGT6Q, STM32U375CGU6, STM32U375CGU6Q, STM32U375CGY6QTR, STM32U375KEU6, STM32U375KGU6, STM32U375REI6, STM32U375REI6Q, STM32U375RET6, STM32U375RET6Q, STM32U375REY6GTR, STM32U375REY6QTR, STM32U375RGI6, STM32U375RGI6Q, STM32U375RGT6, STM32U375RGT6Q, STM32U375RGY6GTR, STM32U375RGY6QTR, STM32U375VEI6, STM32U375VEI6Q, STM32U375VET6, STM32U375VET6Q, STM32U375VGI6, STM32U375VGI6Q, STM32U375VGT6, STM32U375VGT6Q, STM32U385CGT6, STM32U385CGT6Q, STM32U385CGU6, STM32U385CGU6Q, STM32U385CGY6QTR, STM32U385KGU6, STM32U385RGI6, STM32U385RGI6Q, STM32U385RGT6, STM32U385RGT6Q, STM32U385RGY6GTR, STM32U385RGY6QTR, STM32U385VGI6, STM32U385VGI6Q, STM32U385VGT6, STM32U385VGT6Q, STM32U535CBT6, STM32U535CBT6Q, STM32U535CBU6, STM32U535CBU6Q, STM32U535CCT6, STM32U535CCT6Q, STM32U535CCU6, STM32U535CCU6Q, STM32U535CET6, STM32U535CET6Q, STM32U535CEU6, STM32U535CEU6Q, STM32U535JEY6QTR, STM32U535NCY6QTR, STM32U535NEY6QTR, STM32U535RBI6, STM32U535RBI6Q, STM32U535RBT6, STM32U535RBT6Q, STM32U535RCI6, STM32U535RCI6Q, STM32U535RCT6, STM32U535RCT6Q, STM32U535REI6, STM32U535REI6Q, STM32U535RET6, STM32U535RET6Q, STM32U535VCI6, STM32U535VCI6Q, STM32U535VCT6, STM32U535VCT6Q, STM32U535VEI6, STM32U535VEI6Q, STM32U535VET6, STM32U535VET6Q, STM32U545CET6, STM32U545CET6Q, STM32U545CEU6, STM32U545CEU6Q, STM32U545JEY6QTR, STM32U545NEY6QTR, STM32U545REI6, STM32U545REI6Q, STM32U545RET6, STM32U545RET6Q, STM32U545VEI6, STM32U545VEI6Q, STM32U545VET6, STM32U545VET6Q, STM32U595AIH6, STM32U595AIH6Q, STM32U595AJH6, STM32U595AJH6Q, STM32U595QII6, STM32U595QII6Q, STM32U595QJI6, STM32U595QJI6Q, STM32U595RIT6, STM32U595RIT6Q, STM32U595RJT6, STM32U595RJT6Q, STM32U595VIT6, STM32U595VIT6Q, STM32U595VJT6, STM32U595VJT6Q, STM32U595ZIT6, STM32U595ZIT6Q, STM32U595ZIY6QTR, STM32U595ZJT6, STM32U595ZJT6Q, STM32U595ZJY6QTR, STM32U599BJY6QTR, STM32U599NIH6Q, STM32U599NJH6Q, STM32U599VIT6Q, STM32U599VJT6, STM32U599VJT6Q, STM32U599ZIT6Q, STM32U599ZIY6QTR, STM32U599ZJT6Q, STM32U599ZJY6QTR, STM32U5A5AJH6, STM32U5A5AJH6Q, STM32U5A5QII3Q , STM32U5A5QJI6, STM32U5A5QJI6Q, STM32U5A5RJT6, STM32U5A5RJT6Q, STM32U5A5VJT6, STM32U5A5VJT6Q, STM32U5A5ZJT6, STM32U5A5ZJT6Q, STM32U5A5ZJY6QTR, STM32U5A9BJY6QTR, STM32U5A9J-DK, STM32U5A9NJH6Q, STM32U5A9VJT6Q, STM32U5A9ZJT6Q, STM32U5A9ZJY6QTR, STM32U5F7VIT6, STM32U5F7VIT6Q, STM32U5F7VJT6, STM32U5F7VJT6Q, STM32U5F9BJY6QTR, STM32U5F9NJH6Q, STM32U5F9VIT6Q, STM32U5F9VJT6Q, STM32U5F9ZIJ6QTR, STM32U5F9ZIT6Q, STM32U5F9ZJJ6QTR, STM32U5F9ZJT6Q, STM32U5G7VJT6, STM32U5G7VJT6Q, STM32U5G9BJY6QTR, STM32U5G9J-DK1, STM32U5G9J-DK2, STM32U5G9NJH6Q, STM32U5G9VJT6Q, STM32U5G9ZJJ6QTR, STM32U5G9ZJT6Q, STM32WB05KZV6TR, STM32WB05KZV7TR, STM32WB05TZF6TR, STM32WB05TZF7TR, STM32WB06CCF6TR, STM32WB06CCF7TR, STM32WB06CCV6TR, STM32WB06CCV7TR, STM32WB06KCV6TR, STM32WB06KCV7TR, STM32WB07CCF6TR, STM32WB07CCF7TR, STM32WB07CCV6TR, STM32WB07CCV7TR, STM32WB07KCV6TR, STM32WB07KCV7TR, STM32WB09KEV6TR, STM32WB09KEV7TR, STM32WB09TEF6TR, STM32WB09TEF7TR, STM32WB1MMCH6, STM32WBA50KGU6, STM32WBA50KGU6TR, STM32WBA52CEU6, STM32WBA52CEU6TR, STM32WBA52CEU7, STM32WBA52CEU7TR, STM32WBA52CGU6, STM32WBA52CGU6TR, STM32WBA52CGU6U, STM32WBA52CGU7, STM32WBA52CGU7TR, STM32WBA52KEU6, STM32WBA52KEU6TR, STM32WBA52KGU6, STM32WBA52KGU6TR, STM32WBA54CEU6, STM32WBA54CEU6TR, STM32WBA54CEU7, STM32WBA54CEU7TR, STM32WBA54CGU6, STM32WBA54CGU6TR, STM32WBA54CGU7, STM32WBA54CGU7TR, STM32WBA54KEU6, STM32WBA54KEU6TR, STM32WBA54KEU7, STM32WBA54KEU7TR, STM32WBA54KGU6, STM32WBA54KGU6TR, STM32WBA54KGU7, STM32WBA54KGU7TR, STM32WBA55CEU6, STM32WBA55CEU6TR, STM32WBA55CEU7, STM32WBA55CEU7TR, STM32WBA55CGU6, STM32WBA55CGU6TR, STM32WBA55CGU6U, STM32WBA55CGU7, STM32WBA55CGU7TR, STM32WBA55G-DK1, STM32WBA55HEF6, STM32WBA55HEF7, STM32WBA55HGF6, STM32WBA55HGF7, STM32WBA55UEI6, STM32WBA55UEI6TR, STM32WBA55UEI7, STM32WBA55UEI7TR, STM32WBA55UGI6, STM32WBA55UGI6TR, STM32WBA55UGI7, STM32WBA55UGI7TR, STM32WBA5MJGH6TR, STM32WBA62CGU6, STM32WBA62CIU6, STM32WBA62MGF6, STM32WBA62MIF6, STM32WBA62PGI6, STM32WBA62PII6, STM32WBA63CGU6, STM32WBA63CGU7, STM32WBA63CIU6, STM32WBA63CIU7, STM32WBA64CGU6, STM32WBA64CGU7, STM32WBA64CIU6, STM32WBA64CIU7, STM32WBA65CGU6, STM32WBA65CGU7, STM32WBA65CIU6, STM32WBA65CIU7, STM32WBA65I-DK1, STM32WBA65MGF6, STM32WBA65MGF7, STM32WBA65MIF6, STM32WBA65MIF7, STM32WBA65PGI6, STM32WBA65PGI7, STM32WBA65PII6, STM32WBA65PII7, STM32WBA65RGV6, STM32WBA65RGV7, STM32WBA65RIV6, STM32WBA65RIV7, STM32WL30K8V6, STM32WL30KBV6, STM32WL31C8V6, STM32WL31CBV6, STM32WL31K8V6, STM32WL31KBV6, STM32WL33C8V6, STM32WL33C8V6TR, STM32WL33C8V7, STM32WL33C8V7TR, STM32WL33CBV6, STM32WL33CBV6TR, STM32WL33CBV7, STM32WL33CBV7TR, STM32WL33CCV6, STM32WL33CCV6TR, STM32WL33CCV7, STM32WL33CCV7A, STM32WL33CCV7ATR, STM32WL33CCV7TR, STM32WL33K8V6, STM32WL33K8V6TR, STM32WL33K8V7, STM32WL33K8V7TR, STM32WL33KBV6, STM32WL33KBV6TR, STM32WL33KBV7, STM32WL33KBV7TR, STM32WL33KCV6, STM32WL33KCV6TR, STM32WL33KCV7, STM32WL33KCV7TR, STM32WL5MOCH6, STM32WL5MOCH6TR]
2025-10-04 16:45:30,446 [INFO] BoardInfo:889 - No configuration file found for board P-NUCLEO-WB55
2025-10-04 16:45:30,448 [INFO] DbBoards:161 - Kit is not supported: P-NUCLEO-WB55
2025-10-04 16:45:30,460 [INFO] BoardInfo:889 - No configuration file found for board STEVAL-BFA001V1B
2025-10-04 16:45:30,461 [INFO] DbBoards:161 - Kit is not supported: STEVAL-BFA001V1B
2025-10-04 16:45:30,463 [INFO] BoardInfo:889 - No configuration file found for board STEVAL-BFA001V2B
2025-10-04 16:45:30,465 [INFO] DbBoards:161 - Kit is not supported: STEVAL-BFA001V2B
2025-10-04 16:45:30,859 [INFO] DbBoards:168 - Found 211 boards, 208 are supported
2025-10-04 16:45:30,859 [INFO] DbBoards:169 - Found 211 boards, 43 of them is supported for  Bsp
2025-10-04 16:45:30,861 [INFO] ApiDb:423 - Load user favorites file C:\Users\User/.stm32cubeide/favorites.boards.txt: 0 item(s)
2025-10-04 16:45:30,861 [INFO] ApiDb:427 - User favorites Boards=[]
2025-10-04 16:45:30,862 [INFO] DbBoards:198 - Set 0 / 0 favorites Boards
2025-10-04 16:45:30,864 [INFO] ApiDb:668 - CubeFinder database Data Model version=2.1
2025-10-04 16:45:30,864 [INFO] ApiDb:669 - CubeFinder database Configuration version=3.0.39
2025-10-04 16:45:30,864 [INFO] ApiDb:670 - CubeFinder database generation date=2025-08-25 (1756130511)
2025-10-04 16:45:30,864 [INFO] ApiDb:671 - CubeFinder database FW Pack versions=[FP-ATR-ASTRA1_V2.0.0, FP-SNS-FLIGHT1_V5.1.0, FP-SNS-MOTENV1_V5.0.0, FP-SNS-MOTENVWB1_V1.4.0, FP-SNS-SMARTAG2_V1.2.0, FP-SNS-STBOX1_V2.1.0, STM32Cube_FW_C0_V1.4.0, STM32Cube_FW_F4_V1.28.3, STM32Cube_FW_F7_V1.17.4, STM32Cube_FW_G0_V1.6.2, STM32Cube_FW_G4_V1.6.1, STM32Cube_FW_H5_V1.5.0, STM32Cube_FW_H7RS_V1.2.0, STM32Cube_FW_H7_V1.12.1, STM32Cube_FW_L0_V1.12.2, STM32Cube_FW_L4_V1.18.1, STM32Cube_FW_L5_V1.5.1, STM32Cube_FW_N6_V1.2.0, STM32Cube_FW_U0_V1.3.0, STM32Cube_FW_U3_V1.2.0, STM32Cube_FW_U5_V1.8.0, STM32Cube_FW_WB0_V1.3.0, STM32Cube_FW_WBA_V1.7.0, STM32Cube_FW_WB_V1.23.0, STM32Cube_FW_WL3_V1.2.0, STM32Cube_FW_WL_V1.3.1, X-CUBE-ALGOBUILD_V1.4.0, X-CUBE-ALS_V1.0.2, X-CUBE-AZRTOS-F4_V1.1.0, X-CUBE-AZRTOS-F7_V1.1.0, X-CUBE-AZRTOS-G0_V1.1.0, X-CUBE-AZRTOS-G4_V2.0.0, X-CUBE-AZRTOS-H7RS_V1.1.0, X-CUBE-AZRTOS-H7_V3.4.0, X-CUBE-AZRTOS-L4_V2.0.0, X-CUBE-AZRTOS-L5_V2.0.0, X-CUBE-AZRTOS-WB_V2.0.0, X-CUBE-AZRTOS-WL_V2.0.0, X-CUBE-BLE1_V7.1.0, X-CUBE-BLE2_V3.3.0, X-CUBE-BLEMGR_V4.1.0, X-CUBE-EEPRMA1_V5.2.0, X-CUBE-FREERTOS_V1.3.1, X-CUBE-GNSS1_V6.0.0, X-CUBE-MEMS1_V11.3.0, X-CUBE-NFC4_V3.0.0, X-CUBE-NFC7_V2.0.0, X-CUBE-SFXS2LP1_V4.0.0, X-CUBE-ST67W61_V1.0.0, X-CUBE-SUBG2_V5.0.0, X-CUBE-TOF1_V3.4.3]
2025-10-04 16:45:31,644 [ERROR] DbExamplesSqlite:437 - Missing JSON key: board_cpn
2025-10-04 16:45:31,644 [ERROR] DbExamplesSqlite:437 - Missing JSON key: board_cpn
2025-10-04 16:45:31,644 [ERROR] DbExamplesSqlite:437 - Missing JSON key: board_cpn
2025-10-04 16:45:31,644 [ERROR] DbExamplesSqlite:437 - Missing JSON key: board_cpn
2025-10-04 16:45:32,036 [ERROR] DbExamplesSqlite:437 - Missing JSON key: board_cpn
2025-10-04 16:45:32,036 [ERROR] DbExamplesSqlite:437 - Missing JSON key: board_cpn
2025-10-04 16:45:32,040 [INFO] DbExamplesSqlite:395 - Ignored 33 examples not supported by CubeIDE
2025-10-04 16:45:32,040 [INFO] DbExamplesSqlite:396 - Found 10871 examples active
2025-10-04 16:45:32,040 [INFO] DbExamplesSqlite:397 - Found 0 examples obsolete
2025-10-04 16:45:32,041 [INFO] DbExamplesSqlite:398 - Found 0 examples under development
2025-10-04 16:45:32,041 [INFO] DbExamplesSqlite:399 - Found 65 examples not building
2025-10-04 16:45:32,045 [INFO] DbExamples:125 - Found 10903 examples
2025-10-04 16:45:32,069 [INFO] DbExamples:222 - Found 134 boards with related examples
2025-10-04 16:45:32,070 [INFO] DbExamples:235 - Found 111 MCUs with related examples
2025-10-04 16:45:32,093 [INFO] ApiDb:423 - Load user favorites file C:\Users\User/.stm32cubeide/favorites.examples.txt: 0 item(s)
2025-10-04 16:45:32,093 [INFO] ApiDb:427 - User favorites Examples=[]
2025-10-04 16:45:32,093 [INFO] DbExamples:250 - Set 0 / 0 favorites Examples
2025-10-04 16:45:32,341 [INFO] McuFinderGlobals:76 - Set McuFinderConnectedMode to true
2025-10-04 16:45:32,365 [INFO] MultiScanPanel:200 - Auto-refresh data requested => check proxy status ongoing
2025-10-04 16:45:32,372 [INFO] FinderPluginLoader:95 - Searching for filters in installed packs
2025-10-04 16:45:34,564 [INFO] LoadUrlFilesThread:185 - End of LoadServerUrlFiles without Thread
2025-10-04 16:45:34,579 [INFO] DetailPanel:341 - Set advertising image to C:/Users/User/STM32Cube/Repository/\en.mcu-finder-stm32n6dk.jpg
2025-10-04 16:46:28,083 [INFO] MainUpdater:2872 - connection check result : 10
2025-10-04 16:46:28,083 [INFO] MainUpdater:2872 - connection check result : 10
2025-10-04 16:46:28,099 [INFO] MicroXplorer:468 - Change Database Path : 
2025-10-04 16:46:28,099 [INFO] MicroXplorer:498 - Change Database Version : DB.6.0.141
2025-10-04 16:46:28,110 [WARN] ThirdParty:871 - waiting for thirdparty lock release [close project]
2025-10-04 16:46:28,111 [INFO] ThirdParty:873 - entering critical section [close project]
2025-10-04 16:46:28,112 [INFO] ThirdParty:883 - exiting critical section [close project]
2025-10-04 16:46:28,115 [INFO] PinOutPanel:1589 - setPackage(No Configuration,No Configuration)
2025-10-04 16:46:28,120 [INFO] UtilMem:75 - Begin LoadConfig() Used Memory: 772397912 Bytes (1073741824)
2025-10-04 16:46:53,694 [INFO] MicroXplorer:468 - Change Database Path : 
2025-10-04 16:46:53,694 [INFO] MicroXplorer:498 - Change Database Version : DB.6.0.141
2025-10-04 16:46:53,694 [INFO] OpenFileManager:354 - Change cursor
2025-10-04 16:46:53,760 [INFO] Mcu:2011 - Initializing MCU STM32F103C(8-B)Tx STM32F103C8Tx STM32F103C8T6
2025-10-04 16:46:54,855 [INFO] Context:756 - Trying to add GPIOservice into a context  which must be forbidden
2025-10-04 16:46:55,123 [INFO] Rule:225 - rule Adapt Old IOC CSI. is applicable
2025-10-04 16:46:55,124 [INFO] DbConfProperties:307 - Apply Compatibility (0/1 Rules)
2025-10-04 16:46:55,150 [INFO] ImportTextPane:218 - (OptionalMessage_ERROR) Pin14 (VP_RIF_VS_RIF1) cannot be retrieved for this MCU
2025-10-04 16:46:55,427 [INFO] RtosManager:558 - Registered RTOS mode: class=CMSIS, group=RTOS, mode=CMSIS_V1, owner=FREERTOS
2025-10-04 16:46:55,427 [INFO] RtosManager:558 - Registered RTOS mode: class=CMSIS, group=RTOS2, mode=CMSIS_V2, owner=FREERTOS
2025-10-04 16:46:55,427 [INFO] RtosManager:558 - Registered RTOS mode: class=RTOS, group=Core, mode=CMSIS_V1, owner=FREERTOS
2025-10-04 16:46:55,427 [INFO] RtosManager:558 - Registered RTOS mode: class=RTOS, group=Core, mode=CMSIS_V2, owner=FREERTOS
2025-10-04 16:46:55,428 [WARN] ModelIntegratedComponent:184 - Missing modes for component STMicroelectronics:FreeRTOS:0.0.1:STMicroelectronics:RTOS:FreeRTOS:Core:::10.2.0:
2025-10-04 16:46:55,435 [WARN] ModelIntegratedComponent:63 - No mode defined for component null
2025-10-04 16:46:55,436 [WARN] ModelIntegratedComponent:63 - No mode defined for component null
2025-10-04 16:46:55,436 [WARN] ModelIntegratedComponent:63 - No mode defined for component null
2025-10-04 16:46:55,436 [WARN] ModelIntegratedComponent:63 - No mode defined for component null
2025-10-04 16:46:55,436 [WARN] ModelIntegratedComponent:63 - No mode defined for component null
2025-10-04 16:46:55,436 [WARN] ModelIntegratedComponent:63 - No mode defined for component null
2025-10-04 16:46:55,436 [WARN] ModelIntegratedComponent:63 - No mode defined for component null
2025-10-04 16:46:55,436 [WARN] ModelIntegratedComponent:63 - No mode defined for component null
2025-10-04 16:46:55,436 [WARN] ModelIntegratedComponent:63 - No mode defined for component null
2025-10-04 16:46:55,436 [WARN] ModelIntegratedComponent:63 - No mode defined for component null
2025-10-04 16:46:55,437 [WARN] ModelIntegratedComponent:63 - No mode defined for component null
2025-10-04 16:46:55,437 [WARN] ModelIntegratedComponent:63 - No mode defined for component null
2025-10-04 16:46:55,437 [WARN] ModelIntegratedComponent:63 - No mode defined for component null
2025-10-04 16:46:55,437 [WARN] ModelIntegratedComponent:63 - No mode defined for component null
2025-10-04 16:46:55,437 [WARN] ModelIntegratedComponent:63 - No mode defined for component null
2025-10-04 16:46:55,437 [WARN] ModelIntegratedComponent:63 - No mode defined for component null
2025-10-04 16:46:55,437 [WARN] ModelIntegratedComponent:63 - No mode defined for component null
2025-10-04 16:46:55,437 [WARN] ModelIntegratedComponent:63 - No mode defined for component null
2025-10-04 16:46:55,437 [WARN] ModelIntegratedComponent:63 - No mode defined for component null
2025-10-04 16:46:55,437 [WARN] ModelIntegratedComponent:63 - No mode defined for component null
2025-10-04 16:46:55,437 [WARN] ModelIntegratedComponent:63 - No mode defined for component null
2025-10-04 16:46:55,437 [WARN] ModelIntegratedComponent:63 - No mode defined for component null
2025-10-04 16:46:55,437 [WARN] ModelIntegratedComponent:63 - No mode defined for component null
2025-10-04 16:46:55,437 [WARN] ModelIntegratedComponent:63 - No mode defined for component null
2025-10-04 16:46:55,437 [WARN] ModelIntegratedComponent:63 - No mode defined for component null
2025-10-04 16:46:55,437 [WARN] ModelIntegratedComponent:63 - No mode defined for component null
2025-10-04 16:46:55,437 [WARN] ModelIntegratedComponent:63 - No mode defined for component null
2025-10-04 16:46:55,437 [WARN] ModelIntegratedComponent:63 - No mode defined for component null
2025-10-04 16:46:55,437 [WARN] ModelIntegratedComponent:63 - No mode defined for component null
2025-10-04 16:46:55,437 [WARN] ModelIntegratedComponent:63 - No mode defined for component null
2025-10-04 16:46:55,437 [WARN] ModelIntegratedComponent:63 - No mode defined for component null
2025-10-04 16:46:55,438 [WARN] ModelIntegratedComponent:63 - No mode defined for component null
2025-10-04 16:46:55,438 [WARN] ModelIntegratedComponent:63 - No mode defined for component null
2025-10-04 16:46:55,438 [WARN] ModelIntegratedComponent:63 - No mode defined for component null
2025-10-04 16:46:55,438 [WARN] ModelIntegratedComponent:63 - No mode defined for component null
2025-10-04 16:46:55,438 [WARN] ModelPack:524 - Component already loaded: STMicroelectronics:HAL Drivers:0.0.0:STMicroelectronics:Device:STMicro_Driver:XSPI:HAL::0.0.1:HAL_XSPI
2025-10-04 16:46:55,899 [INFO] ThirdPartyModel:298 - Start build external matchings
2025-10-04 16:47:00,071 [INFO] ThirdPartyModel:316 - End build external matchings
2025-10-04 16:47:00,213 [INFO] ImportTextPane:218 - (OptionalMessage_ERROR) IP (DMA) : Parameter (Instance) has Id (ADC1) currently not set
2025-10-04 16:47:00,215 [INFO] ImportTextPane:218 - (OptionalMessage_ERROR) IP (DMA) : Parameter (Direction) has Id (ADC1) currently not set
2025-10-04 16:47:00,215 [INFO] ImportTextPane:218 - (OptionalMessage_ERROR) IP (DMA) : Parameter (PeriphInc) has Id (ADC1) currently not set
2025-10-04 16:47:00,215 [INFO] ImportTextPane:218 - (OptionalMessage_ERROR) IP (DMA) : Parameter (MemInc) has Id (ADC1) currently not set
2025-10-04 16:47:00,215 [INFO] ImportTextPane:218 - (OptionalMessage_ERROR) IP (DMA) : Parameter (PeriphDataAlignment) has Id (ADC1) currently not set
2025-10-04 16:47:00,215 [INFO] ImportTextPane:218 - (OptionalMessage_ERROR) IP (DMA) : Parameter (MemDataAlignment) has Id (ADC1) currently not set
2025-10-04 16:47:00,216 [INFO] ImportTextPane:218 - (OptionalMessage_ERROR) IP (DMA) : Parameter (Mode) has Id (ADC1) currently not set
2025-10-04 16:47:00,216 [INFO] ImportTextPane:218 - (OptionalMessage_ERROR) IP (DMA) : Parameter (Priority) has Id (ADC1) currently not set
2025-10-04 16:47:00,217 [INFO] ImportTextPane:218 - (OptionalMessage_ERROR) IP (RCC) : Invalid parameter (FamilyName)
2025-10-04 16:47:00,217 [INFO] ImportTextPane:218 - (OptionalMessage_ERROR) IP (RCC) : Parameter (MCOFreq_Value) has invalid value (72000000)
2025-10-04 16:47:00,218 [INFO] ImportTextPane:218 - (OptionalMessage_ERROR) IP (RCC) : Parameter (USBFreq_Value) has invalid value (72000000)
2025-10-04 16:47:00,472 [INFO] UtilMem:75 - End LoadConfig() Used Memory: 770173544 Bytes (1073741824)
2025-10-04 16:47:00,674 [WARN] ThirdParty:833 - waiting for thirdparty lock release [change project]
2025-10-04 16:47:00,675 [INFO] ThirdParty:835 - entering critical section [change project]
2025-10-04 16:47:00,676 [INFO] ThirdParty:1030 - CMSIS Pack Vendor :STMicroelectronics X-CUBE-PM33A1 1.0.0
2025-10-04 16:47:00,676 [INFO] ThirdParty:1030 - CMSIS Pack Vendor :STMicroelectronics USBPD 4.1
2025-10-04 16:47:00,676 [INFO] ThirdParty:1030 - CMSIS Pack Vendor :STMicroelectronics X-CUBE-GNSS1 6.0.0
2025-10-04 16:47:00,676 [INFO] ThirdParty:1030 - CMSIS Pack Vendor :STMicroelectronics USB_HOST 2.0.0
2025-10-04 16:47:00,676 [INFO] ThirdParty:1030 - CMSIS Pack Vendor :STMicroelectronics FP-SNS-MOTENVWB1 1.4.0
2025-10-04 16:47:00,676 [INFO] ThirdParty:1030 - CMSIS Pack Vendor :STMicroelectronics X-CUBE-AZRTOS-F4 1.1.0
2025-10-04 16:47:00,676 [INFO] ThirdParty:1030 - CMSIS Pack Vendor :STMicroelectronics LIBJPEG 8.0.0
2025-10-04 16:47:00,676 [INFO] ThirdParty:1030 - CMSIS Pack Vendor :STMicroelectronics FP-ATR-ASTRA1 2.0.2
2025-10-04 16:47:00,676 [INFO] ThirdParty:1030 - CMSIS Pack Vendor :STMicroelectronics FP-ATR-ASTRA1 2.0.1
2025-10-04 16:47:00,676 [INFO] ThirdParty:1030 - CMSIS Pack Vendor :Avnet-IotConnect X-CUBE-IoTC-DA16k-PMOD 1.0.0
2025-10-04 16:47:00,677 [INFO] ThirdParty:1030 - CMSIS Pack Vendor :STMicroelectronics X-CUBE-SMBUS 2.1.0
2025-10-04 16:47:00,677 [INFO] ThirdParty:1030 - CMSIS Pack Vendor :STMicroelectronics X-CUBE-WB05N 1.1.0
2025-10-04 16:47:00,677 [INFO] ThirdParty:1030 - CMSIS Pack Vendor :STMicroelectronics X-CUBE-ISPU 2.1.0
2025-10-04 16:47:00,677 [INFO] ThirdParty:1030 - CMSIS Pack Vendor :STMicroelectronics X-CUBE-FREERTOS 1.2.0
2025-10-04 16:47:00,677 [INFO] ThirdParty:1030 - CMSIS Pack Vendor :STMicroelectronics X-CUBE-ST60 1.0.0
2025-10-04 16:47:00,677 [INFO] ThirdParty:1030 - CMSIS Pack Vendor :STMicroelectronics X-CUBE-TOUCHGFX 4.23.0
2025-10-04 16:47:00,677 [INFO] ThirdParty:1030 - CMSIS Pack Vendor :STMicroelectronics X-CUBE-NFC12 1.0.0
2025-10-04 16:47:00,677 [INFO] ThirdParty:1030 - CMSIS Pack Vendor :STMicroelectronics X-CUBE-TOUCHGFX 4.23.2
2025-10-04 16:47:00,678 [INFO] ThirdParty:1030 - CMSIS Pack Vendor :STMicroelectronics X-CUBE-AZRTOS-F7 1.1.0
2025-10-04 16:47:00,678 [INFO] ThirdParty:1030 - CMSIS Pack Vendor :STMicroelectronics X-CUBE-AZRTOS-L5 2.0.0
2025-10-04 16:47:00,678 [INFO] ThirdParty:1030 - CMSIS Pack Vendor :STMicroelectronics USB_DEVICE 2.0.0
2025-10-04 16:47:00,678 [INFO] ThirdParty:1030 - CMSIS Pack Vendor :STMicroelectronics X-CUBE-EEPRMA1 4.2.0
2025-10-04 16:47:00,678 [INFO] ThirdParty:1030 - CMSIS Pack Vendor :STMicroelectronics X-CUBE-NFC6 3.1.0
2025-10-04 16:47:00,678 [INFO] ThirdParty:1030 - CMSIS Pack Vendor :STMicroelectronics FP-SNS-MOTENV1 4.3.2
2025-10-04 16:47:00,678 [INFO] ThirdParty:1030 - CMSIS Pack Vendor :STMicroelectronics X-CUBE-MEMS1 11.0.0
2025-10-04 16:47:00,678 [INFO] ThirdParty:1030 - CMSIS Pack Vendor :STMicroelectronics FreeRTOS 0.0.1
2025-10-04 16:47:00,678 [INFO] ThirdParty:1030 - CMSIS Pack Vendor :STMicroelectronics X-CUBE-DPower 1.2.0
2025-10-04 16:47:00,680 [INFO] ThirdParty:1030 - CMSIS Pack Vendor :STMicroelectronics FP-SNS-FLIGHT1 5.0.2
2025-10-04 16:47:00,680 [INFO] ThirdParty:1030 - CMSIS Pack Vendor :STMicroelectronics X-CUBE-AI 9.0.0
2025-10-04 16:47:00,680 [INFO] ThirdParty:1030 - CMSIS Pack Vendor :STMicroelectronics PDM2PCM 3.3.0
2025-10-04 16:47:00,680 [INFO] ThirdParty:1030 - CMSIS Pack Vendor :STMicroelectronics X-CUBE-AZRTOS-H7 3.4.0
2025-10-04 16:47:00,680 [INFO] ThirdParty:1030 - CMSIS Pack Vendor :STMicroelectronics X-CUBE-DISPLAY 3.0.0
2025-10-04 16:47:00,680 [INFO] ThirdParty:1030 - CMSIS Pack Vendor :STMicroelectronics X-CUBE-BLE1 7.0.0
2025-10-04 16:47:00,680 [INFO] ThirdParty:1030 - CMSIS Pack Vendor :STMicroelectronics X-CUBE-NFC10 1.0.0
2025-10-04 16:47:00,681 [INFO] ThirdParty:1030 - CMSIS Pack Vendor :STMicroelectronics X-CUBE-BLEMGR 4.0.0
2025-10-04 16:47:00,681 [INFO] ThirdParty:1030 - CMSIS Pack Vendor :STMicroelectronics X-CUBE-FREERTOS 1.3.1
2025-10-04 16:47:00,681 [INFO] ThirdParty:1030 - CMSIS Pack Vendor :STMicroelectronics HAL Drivers 0.0.0
2025-10-04 16:47:00,681 [INFO] ThirdParty:1030 - CMSIS Pack Vendor :emotas I-CUBE-CANOPEN 1.3.0
2025-10-04 16:47:00,681 [INFO] ThirdParty:1030 - CMSIS Pack Vendor :STMicroelectronics X-CUBE-FREERTOS 1.3.0
2025-10-04 16:47:00,681 [INFO] ThirdParty:1030 - CMSIS Pack Vendor :STMicroelectronics X-CUBE-NFC7 1.0.1
2025-10-04 16:47:00,681 [INFO] ThirdParty:1030 - CMSIS Pack Vendor :STMicroelectronics MBEDTLS 2.14.1
2025-10-04 16:47:00,681 [INFO] ThirdParty:1030 - CMSIS Pack Vendor :STMicroelectronics X-CUBE-TOUCHGFX 4.26.0
2025-10-04 16:47:00,681 [INFO] ThirdParty:1030 - CMSIS Pack Vendor :STMicroelectronics X-CUBE-NFC6 3.0.0
2025-10-04 16:47:00,681 [INFO] ThirdParty:1030 - CMSIS Pack Vendor :STMicroelectronics X-CUBE-BLEMGR 3.1.0
2025-10-04 16:47:00,681 [INFO] ThirdParty:1030 - CMSIS Pack Vendor :STMicroelectronics X-CUBE-AI 10.0.0
2025-10-04 16:47:00,681 [INFO] ThirdParty:1030 - CMSIS Pack Vendor :STMicroelectronics FP-SNS-SMARTAG2 1.2.0
2025-10-04 16:47:00,681 [INFO] ThirdParty:1030 - CMSIS Pack Vendor :STMicroelectronics FP-SNS-FLIGHT1 5.1.0
2025-10-04 16:47:00,681 [INFO] ThirdParty:1030 - CMSIS Pack Vendor :STMicroelectronics X-CUBE-MEMS1 11.1.0
2025-10-04 16:47:00,681 [INFO] ThirdParty:1030 - CMSIS Pack Vendor :STMicroelectronics X-CUBE-AZRTOS-WL 2.0.0
2025-10-04 16:47:00,681 [INFO] ThirdParty:1030 - CMSIS Pack Vendor :STMicroelectronics X-CUBE-DPower 1.3.0
2025-10-04 16:47:00,682 [INFO] ThirdParty:1030 - CMSIS Pack Vendor :STMicroelectronics FP-SNS-MOTENV1 5.0.0
2025-10-04 16:47:00,682 [INFO] ThirdParty:1030 - CMSIS Pack Vendor :STMicroelectronics USB_DEVICE 1.0.0
2025-10-04 16:47:00,682 [INFO] ThirdParty:1030 - CMSIS Pack Vendor :STMicroelectronics X-CUBE-AI 8.1.0
2025-10-04 16:47:00,682 [INFO] ThirdParty:1030 - CMSIS Pack Vendor :wolfSSL I-CUBE-wolfMQTT 1.19.0
2025-10-04 16:47:00,682 [INFO] ThirdParty:1030 - CMSIS Pack Vendor :STMicroelectronics X-CUBE-AZRTOS-L4 2.0.0
2025-10-04 16:47:00,682 [INFO] ThirdParty:1030 - CMSIS Pack Vendor :STMicroelectronics ThreadX 0.0.2
2025-10-04 16:47:00,682 [INFO] ThirdParty:1030 - CMSIS Pack Vendor :WES I-CUBE-Cesium 1.3.0
2025-10-04 16:47:00,682 [INFO] ThirdParty:1030 - CMSIS Pack Vendor :STMicroelectronics lwIP 2.1.2
2025-10-04 16:47:00,682 [INFO] ThirdParty:1030 - CMSIS Pack Vendor :STMicroelectronics X-CUBE-SFXS2LP1 4.0.0
2025-10-04 16:47:00,682 [INFO] ThirdParty:1030 - CMSIS Pack Vendor :STMicroelectronics X-CUBE-BLE2 3.3.0
2025-10-04 16:47:00,682 [INFO] ThirdParty:1030 - CMSIS Pack Vendor :STMicroelectronics PDM2PCM 3.2.0
2025-10-04 16:47:00,682 [INFO] ThirdParty:1030 - CMSIS Pack Vendor :STMicroelectronics X-CUBE-AZRTOS-H7 3.3.0
2025-10-04 16:47:00,682 [INFO] ThirdParty:1030 - CMSIS Pack Vendor :STMicroelectronics X-CUBE-NFC9 1.0.0
2025-10-04 16:47:00,682 [INFO] ThirdParty:1030 - CMSIS Pack Vendor :STMicroelectronics X-CUBE-BLE1 7.1.0
2025-10-04 16:47:00,682 [INFO] ThirdParty:1030 - CMSIS Pack Vendor :STMicroelectronics USB_DEVICE 3.0.0
2025-10-04 16:47:00,682 [INFO] ThirdParty:1030 - CMSIS Pack Vendor :STMicroelectronics X-CUBE-TCPP 4.1.0
2025-10-04 16:47:00,683 [INFO] ThirdParty:1030 - CMSIS Pack Vendor :STMicroelectronics X-CUBE-EEPRMA1 5.2.0
2025-10-04 16:47:00,683 [INFO] ThirdParty:1030 - CMSIS Pack Vendor :STMicroelectronics X-CUBE-BLEMGR 4.1.0
2025-10-04 16:47:00,683 [INFO] ThirdParty:1030 - CMSIS Pack Vendor :STMicroelectronics X-CUBE-IPS 3.0.0
2025-10-04 16:47:00,683 [INFO] ThirdParty:1030 - CMSIS Pack Vendor :STMicroelectronics X-CUBE-AZRTOS-WB 2.0.0
2025-10-04 16:47:00,683 [INFO] ThirdParty:1030 - CMSIS Pack Vendor :STMicroelectronics X-CUBE-GNSS1 7.0.0
2025-10-04 16:47:00,683 [INFO] ThirdParty:1030 - CMSIS Pack Vendor :STMicroelectronics X-CUBE-GNSS1 7.0.1
2025-10-04 16:47:00,683 [INFO] ThirdParty:1030 - CMSIS Pack Vendor :STMicroelectronics X-CUBE-TOUCHGFX 4.25.0
2025-10-04 16:47:00,683 [INFO] ThirdParty:1030 - CMSIS Pack Vendor :STMicroelectronics X-CUBE-AI 10.1.0
2025-10-04 16:47:00,683 [INFO] ThirdParty:1030 - CMSIS Pack Vendor :STMicroelectronics FP-SNS-STBOX1 2.0.0
2025-10-04 16:47:00,683 [INFO] ThirdParty:1030 - CMSIS Pack Vendor :STMicroelectronics X-CUBE-ALGOBUILD 1.3.0
2025-10-04 16:47:00,683 [INFO] ThirdParty:1030 - CMSIS Pack Vendor :STMicroelectronics X-CUBE-MEMS1 11.2.0
2025-10-04 16:47:00,683 [INFO] ThirdParty:1030 - CMSIS Pack Vendor :STMicroelectronics X-CUBE-AZRTOS-G0 1.1.0
2025-10-04 16:47:00,684 [INFO] ThirdParty:1030 - CMSIS Pack Vendor :STMicroelectronics X-CUBE-SAFEA1 1.2.2
2025-10-04 16:47:00,684 [INFO] ThirdParty:1030 - CMSIS Pack Vendor :STMicroelectronics X-CUBE-NFC4 3.0.0
2025-10-04 16:47:00,684 [INFO] ThirdParty:1030 - CMSIS Pack Vendor :STMicroelectronics X-CUBE-SUBG2 5.0.0
2025-10-04 16:47:00,684 [INFO] ThirdParty:1030 - CMSIS Pack Vendor :STMicroelectronics X-CUBE-AZRTOS-H7RS 1.1.0
2025-10-04 16:47:00,684 [INFO] ThirdParty:1030 - CMSIS Pack Vendor :STMicroelectronics STM32_WPAN 1.0.0
2025-10-04 16:47:00,684 [INFO] ThirdParty:1030 - CMSIS Pack Vendor :EmbeddedOffice I-CUBE-FS-RTOS 1.0.1
2025-10-04 16:47:00,684 [INFO] ThirdParty:1030 - CMSIS Pack Vendor :STMicroelectronics lwIP 2.0.3
2025-10-04 16:47:00,684 [INFO] ThirdParty:1030 - CMSIS Pack Vendor :Cesanta I-CUBE-Mongoose 7.13.0
2025-10-04 16:47:00,684 [INFO] ThirdParty:1030 - CMSIS Pack Vendor :STMicroelectronics USB_HOST 1.0.0
2025-10-04 16:47:00,684 [INFO] ThirdParty:1030 - CMSIS Pack Vendor :STMicroelectronics X-CUBE-AZRTOS-G4 2.0.0
2025-10-04 16:47:00,684 [INFO] ThirdParty:1030 - CMSIS Pack Vendor :STMicroelectronics X-CUBE-WB05N 2.0.0
2025-10-04 16:47:00,684 [INFO] ThirdParty:1030 - CMSIS Pack Vendor :STMicroelectronics PDM2PCM 3.1.0
2025-10-04 16:47:00,684 [INFO] ThirdParty:1030 - CMSIS Pack Vendor :STMicroelectronics X-CUBE-BLEMGR 3.0.0
2025-10-04 16:47:00,684 [INFO] ThirdParty:1030 - CMSIS Pack Vendor :STMicroelectronics X-CUBE-NFC7 2.0.0
2025-10-04 16:47:00,684 [INFO] ThirdParty:1030 - CMSIS Pack Vendor :STMicroelectronics X-CUBE-TCPP 4.2.0
2025-10-04 16:47:00,684 [INFO] ThirdParty:1030 - CMSIS Pack Vendor :RealThread X-CUBE-RT-Thread_Nano 4.1.1
2025-10-04 16:47:00,684 [INFO] ThirdParty:1030 - CMSIS Pack Vendor :wolfSSL I-CUBE-wolfSSL 5.7.0
2025-10-04 16:47:00,684 [INFO] ThirdParty:1030 - CMSIS Pack Vendor :STMicroelectronics FP-SNS-MOTENVWB1 1.3.1
2025-10-04 16:47:00,684 [INFO] ThirdParty:1030 - CMSIS Pack Vendor :STMicroelectronics FP-ATR-SIGFOX1 3.2.0
2025-10-04 16:47:00,684 [INFO] ThirdParty:1030 - CMSIS Pack Vendor :quantropi X-CUBE-qispace-sdk-base 1.9.3
2025-10-04 16:47:00,684 [INFO] ThirdParty:1030 - CMSIS Pack Vendor :STMicroelectronics X-CUBE-ISPU 2.0.0
2025-10-04 16:47:00,684 [INFO] ThirdParty:1030 - CMSIS Pack Vendor :STMicroelectronics X-CUBE-EEPRMA1 5.1.0
2025-10-04 16:47:00,684 [INFO] ThirdParty:1030 - CMSIS Pack Vendor :STMicroelectronics MBEDTLS 2.16.2
2025-10-04 16:47:00,684 [INFO] ThirdParty:1030 - CMSIS Pack Vendor :STMicroelectronics X-CUBE-IPS 3.1.0
2025-10-04 16:47:00,684 [INFO] ThirdParty:1030 - CMSIS Pack Vendor :STMicroelectronics X-CUBE-ALS 1.0.2
2025-10-04 16:47:00,684 [INFO] ThirdParty:1030 - CMSIS Pack Vendor :STMicroelectronics X-CUBE-MEMS1 10.0.0
2025-10-04 16:47:00,685 [INFO] ThirdParty:1030 - CMSIS Pack Vendor :STMicroelectronics X-CUBE-FREERTOS 1.1.0
2025-10-04 16:47:00,685 [INFO] ThirdParty:1030 - CMSIS Pack Vendor :STMicroelectronics X-CUBE-TOUCHGFX 4.24.0
2025-10-04 16:47:00,685 [INFO] ThirdParty:1030 - CMSIS Pack Vendor :ITTIA_DB I-CUBE-ITTIADB 8.9.0
2025-10-04 16:47:00,685 [INFO] ThirdParty:1030 - CMSIS Pack Vendor :STMicroelectronics X-CUBE-TOUCHGFX 4.24.2
2025-10-04 16:47:00,685 [INFO] ThirdParty:1030 - CMSIS Pack Vendor :STMicroelectronics X-CUBE-TOUCHGFX 4.24.1
2025-10-04 16:47:00,685 [INFO] ThirdParty:1030 - CMSIS Pack Vendor :STMicroelectronics X-CUBE-STSE01 1.0.0
2025-10-04 16:47:00,685 [INFO] ThirdParty:1030 - CMSIS Pack Vendor :wolfSSL I-CUBE-wolfTPM 3.4.0
2025-10-04 16:47:00,685 [INFO] ThirdParty:1030 - CMSIS Pack Vendor :portGmbH I-Cube-SoM-uGOAL 1.1.0
2025-10-04 16:47:00,685 [INFO] ThirdParty:1030 - CMSIS Pack Vendor :STMicroelectronics X-CUBE-ALS 1.0.1
2025-10-04 16:47:00,685 [INFO] ThirdParty:1030 - CMSIS Pack Vendor :STMicroelectronics X-CUBE-ST67W61 1.0.0
2025-10-04 16:47:00,685 [INFO] ThirdParty:1030 - CMSIS Pack Vendor :STMicroelectronics X-CUBE-AI 10.2.0
2025-10-04 16:47:00,685 [INFO] ThirdParty:1030 - CMSIS Pack Vendor :STMicroelectronics ThreadX 1.0.0
2025-10-04 16:47:00,685 [INFO] ThirdParty:1030 - CMSIS Pack Vendor :SEGGER I-CUBE-embOS 1.3.1
2025-10-04 16:47:00,685 [INFO] ThirdParty:1030 - CMSIS Pack Vendor :STMicroelectronics X-CUBE-ALGOBUILD 1.4.0
2025-10-04 16:47:00,685 [INFO] ThirdParty:1030 - CMSIS Pack Vendor :STMicroelectronics X-CUBE-MEMS1 11.3.0
2025-10-04 16:47:00,685 [INFO] ThirdParty:1030 - CMSIS Pack Vendor :STMicroelectronics X-CUBE-AZRTOS-H7RS 1.0.0
2025-10-04 16:47:00,685 [INFO] ThirdParty:1030 - CMSIS Pack Vendor :STMicroelectronics FP-ATR-ASTRA1 2.0.0
2025-10-04 16:47:00,685 [INFO] ThirdParty:1030 - CMSIS Pack Vendor :STMicroelectronics X-CUBE-TOF1 3.4.2
2025-10-04 16:47:00,685 [INFO] ThirdParty:1030 - CMSIS Pack Vendor :STMicroelectronics X-CUBE-TOF1 3.4.3
2025-10-04 16:47:00,685 [INFO] ThirdParty:1030 - CMSIS Pack Vendor :STMicroelectronics X-CUBE-AI 9.1.0
2025-10-04 16:47:00,685 [INFO] ThirdParty:1030 - CMSIS Pack Vendor :STMicroelectronics X-CUBE-TOF1 3.4.0
2025-10-04 16:47:00,685 [INFO] ThirdParty:1030 - CMSIS Pack Vendor :STMicroelectronics X-CUBE-TOF1 3.4.1
2025-10-04 16:47:00,686 [INFO] ThirdParty:1030 - CMSIS Pack Vendor :STMicroelectronics X-CUBE-AZRTOS-H7 3.2.0
2025-10-04 16:47:00,686 [INFO] ThirdParty:1030 - CMSIS Pack Vendor :Infineon AIROC-Wi-Fi-Bluetooth-STM32 1.6.0
2025-10-04 16:47:00,686 [INFO] ThirdParty:1030 - CMSIS Pack Vendor :wolfSSL I-CUBE-wolfSSH 1.4.17
2025-10-04 16:47:00,686 [INFO] ThirdParty:841 - exiting critical section [change project]
2025-10-04 16:47:01,163 [INFO] PinOutPanel:1589 - setPackage(No Configuration,No Configuration)
2025-10-04 16:47:01,165 [INFO] PinOutPanel:1589 - setPackage(STM32F103C8Tx,LQFP48)
2025-10-04 16:47:01,775 [INFO] UtilMem:75 - Before build in PCC Used Memory: 917770104 Bytes (1073741824)
2025-10-04 16:47:02,658 [INFO] UtilMem:75 - After build in PCC Used Memory: 688916480 Bytes (1073741824)
2025-10-04 16:47:02,709 [INFO] IPUIPlugin:80 - create IPUIPlugin
2025-10-04 16:47:02,709 [INFO] IPUIPlugin:80 - create IPUIPlugin
2025-10-04 16:47:02,710 [INFO] IPUIPlugin:80 - create IPUIPlugin
2025-10-04 16:47:02,710 [INFO] IPUIPlugin:80 - create IPUIPlugin
2025-10-04 16:47:02,711 [INFO] IPUIPlugin:80 - create IPUIPlugin
2025-10-04 16:47:02,711 [INFO] IPUIPlugin:80 - create IPUIPlugin
2025-10-04 16:47:02,712 [INFO] IPUIPlugin:80 - create IPUIPlugin
2025-10-04 16:47:02,712 [INFO] IPUIPlugin:80 - create IPUIPlugin
2025-10-04 16:47:02,712 [INFO] IPUIPlugin:80 - create IPUIPlugin
2025-10-04 16:47:02,713 [INFO] IPUIPlugin:80 - create IPUIPlugin
2025-10-04 16:47:02,713 [INFO] IPUIPlugin:80 - create IPUIPlugin
2025-10-04 16:47:02,713 [INFO] IPUIPlugin:80 - create IPUIPlugin
2025-10-04 16:47:02,714 [INFO] IPUIPlugin:80 - create IPUIPlugin
2025-10-04 16:47:02,714 [INFO] IPUIPlugin:80 - create IPUIPlugin
2025-10-04 16:47:02,714 [INFO] IPUIPlugin:80 - create IPUIPlugin
2025-10-04 16:47:02,714 [INFO] IPUIPlugin:80 - create IPUIPlugin
2025-10-04 16:47:02,715 [INFO] IPUIPlugin:80 - create IPUIPlugin
2025-10-04 16:47:02,715 [INFO] IPUIPlugin:80 - create IPUIPlugin
2025-10-04 16:47:02,715 [INFO] IPUIPlugin:80 - create IPUIPlugin
2025-10-04 16:47:02,716 [INFO] IPUIPlugin:80 - create IPUIPlugin
2025-10-04 16:47:02,716 [INFO] IPUIPlugin:80 - create IPUIPlugin
2025-10-04 16:47:02,716 [INFO] IPUIPlugin:80 - create IPUIPlugin
2025-10-04 16:47:02,716 [INFO] IPUIPlugin:80 - create IPUIPlugin
2025-10-04 16:47:02,718 [INFO] IPUIPlugin:80 - create IPUIPlugin
2025-10-04 16:47:02,718 [INFO] IPUIPlugin:80 - create IPUIPlugin
2025-10-04 16:47:02,718 [INFO] IPUIPlugin:80 - create IPUIPlugin
2025-10-04 16:47:02,719 [INFO] IPUIPlugin:80 - create IPUIPlugin
2025-10-04 16:47:02,950 [INFO] CADModel:165 - CPN selected for project levelSTM32F103C8T6
2025-10-04 16:47:02,950 [INFO] CADModel:114 - Register for checkConnection events
2025-10-04 16:47:02,997 [INFO] OpenFileManager:385 - Restore cursor
2025-10-04 16:47:04,080 [INFO] UtilMem:75 - End SaveConfig() Used Memory: 792199168 Bytes (1073741824)
2025-10-04 16:47:04,203 [INFO] UtilMem:75 - End SaveConfig() Used Memory: 805476600 Bytes (1073741824)
2025-10-04 16:47:04,750 [INFO] BlockDiagram:2775 - set Specific Code input for plugin: NVIC
2025-10-04 16:47:04,750 [INFO] BlockDiagram:2775 - set Specific Code input for plugin: DMA
2025-10-04 16:47:04,750 [INFO] BlockDiagram:2775 - set Specific Code input for plugin: SYS
2025-10-04 16:47:04,751 [INFO] BlockDiagram:2775 - set Specific Code input for plugin: GPIO
2025-10-04 16:47:04,751 [INFO] BlockDiagram:2775 - set Specific Code input for plugin: ADC
2025-10-04 16:47:04,751 [INFO] BlockDiagram:2775 - set Specific Code input for plugin: RCC
2025-10-04 16:47:04,753 [INFO] CodeGenerator:882 - code generatio: config db path: C:\ST\STM32CubeIDE_1.18.0\STM32CubeIDE\plugins\com.st.stm32cube.common.mx_6.14.1.202504091515\\db\
2025-10-04 16:47:04,937 [INFO] CodeEngine:263 - oldGeneratedFile, C:\GIT\GIT_AULAS_FATEC\Exemplos_Codigo_STM32\BP_LER_ADC_DMA\MXTmpFiles\license.tmp_save
2025-10-04 16:47:05,382 [INFO] CodeEngine:287 - Generated code: C:\GIT\GIT_AULAS_FATEC\Exemplos_Codigo_STM32\BP_LER_ADC_DMA\MXTmpFiles\license.tmp
2025-10-04 16:47:05,482 [INFO] CodeEngine:263 - oldGeneratedFile, C:\GIT\GIT_AULAS_FATEC\Exemplos_Codigo_STM32\BP_LER_ADC_DMA\MXTmpFiles\gpio.tmp_save
2025-10-04 16:47:05,663 [INFO] CodeEngine:287 - Generated code: C:\GIT\GIT_AULAS_FATEC\Exemplos_Codigo_STM32\BP_LER_ADC_DMA\MXTmpFiles\gpio.tmp
2025-10-04 16:47:05,855 [INFO] CodeEngine:263 - oldGeneratedFile, C:\GIT\GIT_AULAS_FATEC\Exemplos_Codigo_STM32\BP_LER_ADC_DMA\MXTmpFiles\dma.tmp_save
2025-10-04 16:47:05,947 [INFO] CodeEngine:287 - Generated code: C:\GIT\GIT_AULAS_FATEC\Exemplos_Codigo_STM32\BP_LER_ADC_DMA\MXTmpFiles\dma.tmp
2025-10-04 16:47:05,953 [INFO] CodeEngine:263 - oldGeneratedFile, C:\GIT\GIT_AULAS_FATEC\Exemplos_Codigo_STM32\BP_LER_ADC_DMA\MXTmpFiles\dma_GV.tmp_save
2025-10-04 16:47:06,034 [INFO] CodeEngine:287 - Generated code: C:\GIT\GIT_AULAS_FATEC\Exemplos_Codigo_STM32\BP_LER_ADC_DMA\MXTmpFiles\dma_GV.tmp
2025-10-04 16:47:06,051 [INFO] CodeEngine:263 - oldGeneratedFile, C:\GIT\GIT_AULAS_FATEC\Exemplos_Codigo_STM32\BP_LER_ADC_DMA\Core\Src\stm32f1xx_it.c_save
2025-10-04 16:47:06,192 [INFO] CodeEngine:287 - Generated code: C:\GIT\GIT_AULAS_FATEC\Exemplos_Codigo_STM32\BP_LER_ADC_DMA\Core\Src\stm32f1xx_it.c
2025-10-04 16:47:06,202 [INFO] CodeEngine:263 - oldGeneratedFile, C:\GIT\GIT_AULAS_FATEC\Exemplos_Codigo_STM32\BP_LER_ADC_DMA\Core\Inc\stm32f1xx_it.h_save
2025-10-04 16:47:06,339 [INFO] CodeEngine:287 - Generated code: C:\GIT\GIT_AULAS_FATEC\Exemplos_Codigo_STM32\BP_LER_ADC_DMA\Core\Inc\stm32f1xx_it.h
2025-10-04 16:47:06,362 [INFO] CodeEngine:263 - oldGeneratedFile, C:\GIT\GIT_AULAS_FATEC\Exemplos_Codigo_STM32\BP_LER_ADC_DMA\Core\Src\stm32f1xx_hal_msp.c_save
2025-10-04 16:47:06,530 [INFO] CodeEngine:287 - Generated code: C:\GIT\GIT_AULAS_FATEC\Exemplos_Codigo_STM32\BP_LER_ADC_DMA\Core\Src\stm32f1xx_hal_msp.c
2025-10-04 16:47:06,537 [INFO] CodeEngine:263 - oldGeneratedFile, C:\GIT\GIT_AULAS_FATEC\Exemplos_Codigo_STM32\BP_LER_ADC_DMA\MXTmpFiles\system.tmp_save
2025-10-04 16:47:06,620 [INFO] CodeEngine:287 - Generated code: C:\GIT\GIT_AULAS_FATEC\Exemplos_Codigo_STM32\BP_LER_ADC_DMA\MXTmpFiles\system.tmp
2025-10-04 16:47:06,636 [INFO] CodeEngine:319 - oldGeneratedFile, C:\GIT\GIT_AULAS_FATEC\Exemplos_Codigo_STM32\BP_LER_ADC_DMA\Core\Inc\stm32f1xx_hal_conf.h_save
2025-10-04 16:47:06,744 [INFO] CodeEngine:343 - Generated code: C:\GIT\GIT_AULAS_FATEC\Exemplos_Codigo_STM32\BP_LER_ADC_DMA\Core\Inc\stm32f1xx_hal_conf.h
2025-10-04 16:47:06,810 [INFO] ApiDbMcu:508 - Load IP Config File for ADC1
2025-10-04 16:47:06,815 [INFO] ApiDbMcu:508 - Load IP Config File for RCC
2025-10-04 16:47:06,833 [INFO] CodeEngine:263 - oldGeneratedFile, C:\GIT\GIT_AULAS_FATEC\Exemplos_Codigo_STM32\BP_LER_ADC_DMA\Core\Inc\main.h_save
2025-10-04 16:47:06,941 [INFO] CodeEngine:287 - Generated code: C:\GIT\GIT_AULAS_FATEC\Exemplos_Codigo_STM32\BP_LER_ADC_DMA\Core\Inc\main.h
2025-10-04 16:47:06,948 [INFO] CodeEngine:263 - oldGeneratedFile, C:\GIT\GIT_AULAS_FATEC\Exemplos_Codigo_STM32\BP_LER_ADC_DMA\Core\Src\main.c_save
2025-10-04 16:47:07,131 [INFO] CodeEngine:287 - Generated code: C:\GIT\GIT_AULAS_FATEC\Exemplos_Codigo_STM32\BP_LER_ADC_DMA\Core\Src\main.c
2025-10-04 16:47:07,670 [INFO] ProjectBuilder:3324 - Time for Copy HAL[1] : 228mS.
2025-10-04 16:47:07,680 [INFO] ProjectBuilder:4912 - Project Generator version: 4.6.0.1-B1
2025-10-04 16:47:07,833 [INFO] ConfigFileManager:1590 - The Die is : DIE410
2025-10-04 16:47:07,867 [INFO] ApiDbMcu:508 - Load IP Config File for FATFS
2025-10-04 16:47:07,911 [INFO] ApiDbMcu:508 - Load IP Config File for FREERTOS
2025-10-04 16:47:07,948 [INFO] ApiDbMcu:508 - Load IP Config File for USB_DEVICE
2025-10-04 16:47:08,572 [INFO] LogOutputStream:77 - [STDOUT_REDIRECT] 
2025-10-04 16:47:11,771 [INFO] ProjectBuilder:5191 - Time for Generating toolchain IDE Files: 4091mS.
2025-10-04 16:47:11,772 [INFO] ProjectBuilder:3181 - Time for Copy CMSIS : 1mS.
2025-10-04 16:47:11,779 [INFO] ProjectBuilder:3181 - Time for Copy CMSIS : 1mS.
2025-10-04 16:47:12,913 [INFO] McuFinderGlobals:76 - Set McuFinderConnectedMode to true
2025-10-04 16:47:12,921 [INFO] ApiDb:448 - Save user favorites file C:\Users\User/.stm32cubeide/favorites.mcus.txt: 1 item(s)
2025-10-04 16:47:12,922 [INFO] ApiDb:452 - User favorites MCUs=[STM32F103C8T6]
2025-10-04 16:47:13,568 [ERROR] LogOutputStream:75 - [STDERR_REDIRECT] Exception in thread "AWT-EventQueue-0" java.awt.IllegalComponentStateException: Native resources unavailable
2025-10-04 16:47:13,571 [ERROR] LogOutputStream:75 - [STDERR_REDIRECT] 	at java.desktop/sun.awt.windows.WWindowPeer.getScreenImOn(Native Method)
2025-10-04 16:47:13,575 [ERROR] LogOutputStream:75 - [STDERR_REDIRECT] 	at java.desktop/sun.awt.windows.WWindowPeer.updateGC(WWindowPeer.java:566)
2025-10-04 16:47:13,580 [ERROR] LogOutputStream:75 - [STDERR_REDIRECT] 	at java.desktop/java.awt.event.InvocationEvent.dispatch(InvocationEvent.java:318)
2025-10-04 16:47:13,582 [ERROR] LogOutputStream:75 - [STDERR_REDIRECT] 	at java.desktop/java.awt.EventQueue.dispatchEventImpl(EventQueue.java:773)
2025-10-04 16:47:13,584 [ERROR] LogOutputStream:75 - [STDERR_REDIRECT] 	at java.desktop/java.awt.EventQueue$4.run(EventQueue.java:720)
2025-10-04 16:47:13,586 [ERROR] LogOutputStream:75 - [STDERR_REDIRECT] 	at java.desktop/java.awt.EventQueue$4.run(EventQueue.java:714)
2025-10-04 16:47:13,593 [ERROR] LogOutputStream:75 - [STDERR_REDIRECT] 	at java.base/java.security.AccessController.doPrivileged(AccessController.java:400)
2025-10-04 16:47:13,596 [ERROR] LogOutputStream:75 - [STDERR_REDIRECT] 	at java.base/java.security.ProtectionDomain$JavaSecurityAccessImpl.doIntersectionPrivilege(ProtectionDomain.java:87)
2025-10-04 16:47:13,601 [ERROR] LogOutputStream:75 - [STDERR_REDIRECT] 	at java.base/java.security.ProtectionDomain$JavaSecurityAccessImpl.doIntersectionPrivilege(ProtectionDomain.java:98)
2025-10-04 16:47:13,603 [ERROR] LogOutputStream:75 - [STDERR_REDIRECT] 	at java.desktop/java.awt.EventQueue$5.run(EventQueue.java:747)
2025-10-04 16:47:13,605 [ERROR] LogOutputStream:75 - [STDERR_REDIRECT] 	at java.desktop/java.awt.EventQueue$5.run(EventQueue.java:745)
2025-10-04 16:47:13,610 [ERROR] LogOutputStream:75 - [STDERR_REDIRECT] 	at java.base/java.security.AccessController.doPrivileged(AccessController.java:400)
2025-10-04 16:47:13,615 [ERROR] LogOutputStream:75 - [STDERR_REDIRECT] 	at java.base/java.security.ProtectionDomain$JavaSecurityAccessImpl.doIntersectionPrivilege(ProtectionDomain.java:87)
2025-10-04 16:47:13,617 [ERROR] LogOutputStream:75 - [STDERR_REDIRECT] 	at java.desktop/java.awt.EventQueue.dispatchEvent(EventQueue.java:744)
2025-10-04 16:47:13,620 [ERROR] LogOutputStream:75 - [STDERR_REDIRECT] 	at java.desktop/java.awt.EventDispatchThread.pumpOneEventForFilters(EventDispatchThread.java:203)
2025-10-04 16:47:13,622 [ERROR] LogOutputStream:75 - [STDERR_REDIRECT] 	at java.desktop/java.awt.EventDispatchThread.pumpEventsForFilter(EventDispatchThread.java:124)
2025-10-04 16:47:13,626 [ERROR] LogOutputStream:75 - [STDERR_REDIRECT] 	at java.desktop/java.awt.EventDispatchThread.pumpEventsForHierarchy(EventDispatchThread.java:113)
2025-10-04 16:47:13,629 [ERROR] LogOutputStream:75 - [STDERR_REDIRECT] 	at java.desktop/java.awt.EventDispatchThread.pumpEvents(EventDispatchThread.java:109)
2025-10-04 16:47:13,632 [ERROR] LogOutputStream:75 - [STDERR_REDIRECT] 	at java.desktop/java.awt.EventDispatchThread.pumpEvents(EventDispatchThread.java:101)
2025-10-04 16:47:13,634 [ERROR] LogOutputStream:75 - [STDERR_REDIRECT] 	at java.desktop/java.awt.EventDispatchThread.run(EventDispatchThread.java:90)
2025-10-04 16:47:53,917 [INFO] ADCParametersView:116 -                Rank 1 : false
2025-10-04 16:47:53,918 [INFO] ADCParametersView:116 -                Rank 1 : false
2025-10-04 16:47:53,918 [INFO] ADCParametersView:116 -                Rank 2 : false
2025-10-04 16:47:53,918 [INFO] ADCParametersView:116 -                Rank 1 : false
2025-10-04 16:47:53,918 [INFO] ADCParametersView:116 -                Rank 2 : false
2025-10-04 16:47:53,918 [INFO] ADCParametersView:116 -                Rank 3 : false
2025-10-04 16:47:54,037 [INFO] ADCParametersView:116 -                Rank 1 : false
2025-10-04 16:47:54,037 [INFO] ADCParametersView:116 -                Rank 2 : false
2025-10-04 16:47:54,037 [INFO] ADCParametersView:116 -                Rank 3 : false
2025-10-04 16:47:54,038 [INFO] ADCParametersView:116 -                Rank 1 : false
2025-10-04 16:47:54,038 [INFO] ADCParametersView:116 -                Rank 2 : false
2025-10-04 16:47:54,038 [INFO] ADCParametersView:116 -                Rank 3 : false
2025-10-04 16:47:54,038 [INFO] ADCParametersView:116 -                Rank 1 : false
2025-10-04 16:47:54,038 [INFO] ADCParametersView:116 -                Rank 2 : false
2025-10-04 16:47:54,038 [INFO] ADCParametersView:116 -                Rank 3 : false
2025-10-04 16:47:54,038 [INFO] ADCParametersView:116 -                Rank 1 : false
2025-10-04 16:47:54,038 [INFO] ADCParametersView:116 -                Rank 2 : false
2025-10-04 16:47:54,038 [INFO] ADCParametersView:116 -                Rank 3 : false
2025-10-04 16:47:54,038 [INFO] ADCParametersView:116 -                Rank 1 : false
2025-10-04 16:47:54,038 [INFO] ADCParametersView:116 -                Rank 2 : false
2025-10-04 16:47:54,038 [INFO] ADCParametersView:116 -                Rank 3 : false
2025-10-04 16:47:54,038 [INFO] ADCParametersView:116 -                Rank 1 : false
2025-10-04 16:47:54,038 [INFO] ADCParametersView:116 -                Rank 2 : false
2025-10-04 16:47:54,038 [INFO] ADCParametersView:116 -                Rank 3 : false
2025-10-04 16:47:54,038 [INFO] ADCParametersView:116 -                Rank 1 : false
2025-10-04 16:47:54,038 [INFO] ADCParametersView:116 -                Rank 2 : false
2025-10-04 16:47:54,038 [INFO] ADCParametersView:116 -                Rank 3 : false
2025-10-04 16:47:54,040 [INFO] ADCParametersView:116 -                Rank 1 : false
2025-10-04 16:47:54,040 [INFO] ADCParametersView:116 -                Rank 2 : false
2025-10-04 16:47:54,040 [INFO] ADCParametersView:116 -                Rank 3 : false
2025-10-04 16:47:54,040 [INFO] ADCParametersView:116 -                Rank 1 : false
2025-10-04 16:47:54,040 [INFO] ADCParametersView:116 -                Rank 2 : false
2025-10-04 16:47:54,040 [INFO] ADCParametersView:116 -                Rank 3 : false
2025-10-04 16:47:54,040 [INFO] ADCParametersView:116 -                Rank 1 : false
2025-10-04 16:47:54,040 [INFO] ADCParametersView:116 -                Rank 2 : false
2025-10-04 16:47:54,040 [INFO] ADCParametersView:116 -                Rank 3 : false
2025-10-04 16:47:54,040 [INFO] ADCParametersView:116 -                Rank 2 : false
2025-10-04 16:47:54,040 [INFO] ADCParametersView:116 -                Rank 3 : false
2025-10-04 16:47:54,040 [INFO] ADCParametersView:116 -                Rank 3 : false
2025-10-04 16:47:54,047 [INFO] ADCParametersView:116 -                Rank 1 : false
2025-10-04 16:47:54,047 [INFO] ADCParametersView:116 -                Rank 1 : false
2025-10-04 16:47:54,047 [INFO] ADCParametersView:116 -                Rank 2 : false
2025-10-04 16:47:54,047 [INFO] ADCParametersView:116 -                Rank 1 : false
2025-10-04 16:47:54,047 [INFO] ADCParametersView:116 -                Rank 2 : false
2025-10-04 16:47:54,047 [INFO] ADCParametersView:116 -                Rank 3 : false
2025-10-04 16:48:29,191 [INFO] NvicIntPanel:101 - NVIC parent = com.st.microxplorer.plugins.ip.nvic.MultiNvicIntPanel[,0,0,0x0,invalid,layout=javax.swing.BoxLayout,alignmentX=0.0,alignmentY=0.0,border=,flags=9,maximumSize=,minimumSize=,preferredSize=]
2025-10-04 16:48:33,986 [INFO] NvicIntPanel:101 - NVIC parent = com.st.microxplorer.plugins.ip.nvic.MultiNvicIntPanel[,0,0,0x0,invalid,layout=javax.swing.BoxLayout,alignmentX=0.0,alignmentY=0.0,border=,flags=9,maximumSize=,minimumSize=,preferredSize=]
2025-10-04 16:49:16,855 [INFO] ADCParametersView:116 -                Rank 1 : false
2025-10-04 16:49:16,855 [INFO] ADCParametersView:116 -                Rank 2 : false
2025-10-04 16:49:16,855 [INFO] ADCParametersView:116 -                Rank 3 : false
2025-10-04 16:49:16,855 [INFO] ADCParametersView:116 -                Rank 1 : false
2025-10-04 16:49:16,855 [INFO] ADCParametersView:116 -                Rank 2 : false
2025-10-04 16:49:16,855 [INFO] ADCParametersView:116 -                Rank 3 : false
2025-10-04 16:49:16,855 [INFO] ADCParametersView:116 -                Rank 1 : false
2025-10-04 16:49:16,856 [INFO] ADCParametersView:116 -                Rank 2 : false
2025-10-04 16:49:16,856 [INFO] ADCParametersView:116 -                Rank 3 : false
2025-10-04 16:49:16,856 [INFO] ADCParametersView:116 -                Rank 1 : false
2025-10-04 16:49:16,856 [INFO] ADCParametersView:116 -                Rank 2 : false
2025-10-04 16:49:16,856 [INFO] ADCParametersView:116 -                Rank 3 : false
2025-10-04 16:49:16,856 [INFO] ADCParametersView:116 -                Rank 1 : false
2025-10-04 16:49:16,856 [INFO] ADCParametersView:116 -                Rank 2 : false
2025-10-04 16:49:16,856 [INFO] ADCParametersView:116 -                Rank 3 : false
2025-10-04 16:49:16,856 [INFO] ADCParametersView:116 -                Rank 1 : false
2025-10-04 16:49:16,856 [INFO] ADCParametersView:116 -                Rank 2 : false
2025-10-04 16:49:16,856 [INFO] ADCParametersView:116 -                Rank 3 : false
2025-10-04 16:49:16,856 [INFO] ADCParametersView:116 -                Rank 1 : false
2025-10-04 16:49:16,856 [INFO] ADCParametersView:116 -                Rank 2 : false
2025-10-04 16:49:16,856 [INFO] ADCParametersView:116 -                Rank 3 : false
2025-10-04 16:49:16,857 [INFO] ADCParametersView:116 -                Rank 1 : false
2025-10-04 16:49:16,857 [INFO] ADCParametersView:116 -                Rank 2 : false
2025-10-04 16:49:16,857 [INFO] ADCParametersView:116 -                Rank 3 : false
2025-10-04 16:49:16,857 [INFO] ADCParametersView:116 -                Rank 1 : false
2025-10-04 16:49:16,857 [INFO] ADCParametersView:116 -                Rank 2 : false
2025-10-04 16:49:16,857 [INFO] ADCParametersView:116 -                Rank 3 : false
2025-10-04 16:49:16,857 [INFO] ADCParametersView:116 -                Rank 1 : false
2025-10-04 16:49:16,857 [INFO] ADCParametersView:116 -                Rank 2 : false
2025-10-04 16:49:16,857 [INFO] ADCParametersView:116 -                Rank 3 : false
2025-10-04 16:49:16,857 [INFO] ADCParametersView:116 -                Rank 2 : false
2025-10-04 16:49:16,857 [INFO] ADCParametersView:116 -                Rank 3 : false
2025-10-04 16:49:16,857 [INFO] ADCParametersView:116 -                Rank 3 : false
2025-10-04 16:49:16,862 [INFO] ADCParametersView:116 -                Rank 1 : false
2025-10-04 16:49:16,863 [INFO] ADCParametersView:116 -                Rank 1 : false
2025-10-04 16:49:16,863 [INFO] ADCParametersView:116 -                Rank 2 : false
2025-10-04 16:49:16,863 [INFO] ADCParametersView:116 -                Rank 1 : false
2025-10-04 16:49:16,863 [INFO] ADCParametersView:116 -                Rank 2 : false
2025-10-04 16:49:16,863 [INFO] ADCParametersView:116 -                Rank 3 : false
2025-10-04 16:49:16,864 [INFO] ADCParametersView:116 -                Rank 1 : false
2025-10-04 16:49:16,864 [INFO] ADCParametersView:116 -                Rank 2 : false
2025-10-04 16:49:16,864 [INFO] ADCParametersView:116 -                Rank 3 : false
2025-10-04 16:49:16,864 [INFO] ADCParametersView:116 -                Rank 1 : false
2025-10-04 16:49:16,864 [INFO] ADCParametersView:116 -                Rank 2 : false
2025-10-04 16:49:16,864 [INFO] ADCParametersView:116 -                Rank 3 : false
2025-10-04 16:49:16,864 [INFO] ADCParametersView:116 -                Rank 1 : false
2025-10-04 16:49:16,864 [INFO] ADCParametersView:116 -                Rank 2 : false
2025-10-04 16:49:16,864 [INFO] ADCParametersView:116 -                Rank 3 : false
2025-10-04 16:49:16,864 [INFO] ADCParametersView:116 -                Rank 1 : false
2025-10-04 16:49:16,864 [INFO] ADCParametersView:116 -                Rank 2 : false
2025-10-04 16:49:16,864 [INFO] ADCParametersView:116 -                Rank 3 : false
2025-10-04 16:49:16,864 [INFO] ADCParametersView:116 -                Rank 1 : false
2025-10-04 16:49:16,865 [INFO] ADCParametersView:116 -                Rank 2 : false
2025-10-04 16:49:16,865 [INFO] ADCParametersView:116 -                Rank 3 : false
2025-10-04 16:49:16,865 [INFO] ADCParametersView:116 -                Rank 1 : false
2025-10-04 16:49:16,865 [INFO] ADCParametersView:116 -                Rank 2 : false
2025-10-04 16:49:16,865 [INFO] ADCParametersView:116 -                Rank 3 : false
2025-10-04 16:49:16,865 [INFO] ADCParametersView:116 -                Rank 1 : false
2025-10-04 16:49:16,865 [INFO] ADCParametersView:116 -                Rank 2 : false
2025-10-04 16:49:16,865 [INFO] ADCParametersView:116 -                Rank 3 : false
2025-10-04 16:49:16,865 [INFO] ADCParametersView:116 -                Rank 1 : false
2025-10-04 16:49:16,865 [INFO] ADCParametersView:116 -                Rank 2 : false
2025-10-04 16:49:16,865 [INFO] ADCParametersView:116 -                Rank 3 : false
2025-10-04 16:49:16,866 [INFO] ADCParametersView:116 -                Rank 1 : false
2025-10-04 16:49:16,866 [INFO] ADCParametersView:116 -                Rank 2 : false
2025-10-04 16:49:16,866 [INFO] ADCParametersView:116 -                Rank 3 : false
2025-10-04 16:49:16,866 [INFO] ADCParametersView:116 -                Rank 1 : false
2025-10-04 16:49:16,866 [INFO] ADCParametersView:116 -                Rank 2 : false
2025-10-04 16:49:16,866 [INFO] ADCParametersView:116 -                Rank 3 : false
2025-10-04 16:49:16,866 [INFO] ADCParametersView:116 -                Rank 2 : false
2025-10-04 16:49:16,866 [INFO] ADCParametersView:116 -                Rank 3 : false
2025-10-04 16:49:16,866 [INFO] ADCParametersView:116 -                Rank 3 : false
2025-10-04 16:49:16,870 [INFO] ADCParametersView:116 -                Rank 1 : false
2025-10-04 16:49:16,872 [INFO] ADCParametersView:116 -                Rank 1 : false
2025-10-04 16:49:16,872 [INFO] ADCParametersView:116 -                Rank 2 : false
2025-10-04 16:49:16,872 [INFO] ADCParametersView:116 -                Rank 1 : false
2025-10-04 16:49:16,872 [INFO] ADCParametersView:116 -                Rank 2 : false
2025-10-04 16:49:16,872 [INFO] ADCParametersView:116 -                Rank 3 : false
2025-10-04 16:49:16,872 [INFO] ADCParametersView:116 -                Rank 1 : false
2025-10-04 16:49:16,872 [INFO] ADCParametersView:116 -                Rank 2 : false
2025-10-04 16:49:16,873 [INFO] ADCParametersView:116 -                Rank 3 : false
2025-10-04 16:49:16,873 [INFO] ADCParametersView:116 -                Rank 1 : false
2025-10-04 16:49:16,873 [INFO] ADCParametersView:116 -                Rank 2 : false
2025-10-04 16:49:16,873 [INFO] ADCParametersView:116 -                Rank 3 : false
2025-10-04 16:49:16,873 [INFO] ADCParametersView:116 -                Rank 1 : false
2025-10-04 16:49:16,873 [INFO] ADCParametersView:116 -                Rank 2 : false
2025-10-04 16:49:16,873 [INFO] ADCParametersView:116 -                Rank 3 : false
2025-10-04 16:49:16,873 [INFO] ADCParametersView:116 -                Rank 1 : false
2025-10-04 16:49:16,873 [INFO] ADCParametersView:116 -                Rank 2 : false
2025-10-04 16:49:16,873 [INFO] ADCParametersView:116 -                Rank 3 : false
2025-10-04 16:49:16,873 [INFO] ADCParametersView:116 -                Rank 1 : false
2025-10-04 16:49:16,873 [INFO] ADCParametersView:116 -                Rank 2 : false
2025-10-04 16:49:16,873 [INFO] ADCParametersView:116 -                Rank 3 : false
2025-10-04 16:49:16,873 [INFO] ADCParametersView:116 -                Rank 1 : false
2025-10-04 16:49:16,873 [INFO] ADCParametersView:116 -                Rank 2 : false
2025-10-04 16:49:16,874 [INFO] ADCParametersView:116 -                Rank 3 : false
2025-10-04 16:49:16,874 [INFO] ADCParametersView:116 -                Rank 1 : false
2025-10-04 16:49:16,874 [INFO] ADCParametersView:116 -                Rank 2 : false
2025-10-04 16:49:16,874 [INFO] ADCParametersView:116 -                Rank 3 : false
2025-10-04 16:49:16,874 [INFO] ADCParametersView:116 -                Rank 1 : false
2025-10-04 16:49:16,874 [INFO] ADCParametersView:116 -                Rank 2 : false
2025-10-04 16:49:16,874 [INFO] ADCParametersView:116 -                Rank 3 : false
2025-10-04 16:49:16,874 [INFO] ADCParametersView:116 -                Rank 1 : false
2025-10-04 16:49:16,874 [INFO] ADCParametersView:116 -                Rank 2 : false
2025-10-04 16:49:16,874 [INFO] ADCParametersView:116 -                Rank 3 : false
2025-10-04 16:49:16,874 [INFO] ADCParametersView:116 -                Rank 1 : false
2025-10-04 16:49:16,874 [INFO] ADCParametersView:116 -                Rank 2 : false
2025-10-04 16:49:16,874 [INFO] ADCParametersView:116 -                Rank 3 : false
2025-10-04 16:49:16,874 [INFO] ADCParametersView:116 -                Rank 2 : false
2025-10-04 16:49:16,874 [INFO] ADCParametersView:116 -                Rank 3 : false
2025-10-04 16:49:16,874 [INFO] ADCParametersView:116 -                Rank 3 : false
2025-10-04 16:49:16,880 [INFO] ADCParametersView:116 -                Rank 1 : false
2025-10-04 16:49:16,881 [INFO] ADCParametersView:116 -                Rank 1 : false
2025-10-04 16:49:16,881 [INFO] ADCParametersView:116 -                Rank 2 : false
2025-10-04 16:49:16,881 [INFO] ADCParametersView:116 -                Rank 1 : false
2025-10-04 16:49:16,881 [INFO] ADCParametersView:116 -                Rank 2 : false
2025-10-04 16:49:16,881 [INFO] ADCParametersView:116 -                Rank 3 : false
2025-10-04 16:49:20,885 [INFO] ADCParametersView:116 -                Rank 1 : true
2025-10-04 16:49:20,886 [INFO] ADCParametersView:116 -                Rank 2 : false
2025-10-04 16:49:20,886 [INFO] ADCParametersView:116 -                Rank 3 : false
2025-10-04 16:49:26,908 [INFO] NvicIntPanel:101 - NVIC parent = com.st.microxplorer.plugins.ip.nvic.MultiNvicIntPanel[,0,0,0x0,invalid,layout=javax.swing.BoxLayout,alignmentX=0.0,alignmentY=0.0,border=,flags=9,maximumSize=,minimumSize=,preferredSize=]
2025-10-04 16:49:26,955 [INFO] ADCParametersView:116 -                Rank 1 : true
2025-10-04 16:49:26,955 [INFO] ADCParametersView:116 -                Rank 2 : false
2025-10-04 16:49:26,956 [INFO] ADCParametersView:116 -                Rank 3 : false
2025-10-04 16:49:26,959 [INFO] ADCParametersView:116 -                Rank 1 : true
2025-10-04 16:49:26,959 [INFO] ADCParametersView:116 -                Rank 2 : false
2025-10-04 16:49:26,959 [INFO] ADCParametersView:116 -                Rank 3 : false
2025-10-04 16:49:26,959 [INFO] ADCParametersView:116 -                Rank 1 : true
2025-10-04 16:49:26,959 [INFO] ADCParametersView:116 -                Rank 2 : false
2025-10-04 16:49:26,959 [INFO] ADCParametersView:116 -                Rank 3 : false
2025-10-04 16:49:26,960 [INFO] ADCParametersView:116 -                Rank 1 : true
2025-10-04 16:49:26,960 [INFO] ADCParametersView:116 -                Rank 2 : false
2025-10-04 16:49:26,960 [INFO] ADCParametersView:116 -                Rank 3 : false
2025-10-04 16:49:26,960 [INFO] ADCParametersView:116 -                Rank 1 : true
2025-10-04 16:49:26,960 [INFO] ADCParametersView:116 -                Rank 2 : false
2025-10-04 16:49:26,960 [INFO] ADCParametersView:116 -                Rank 3 : false
2025-10-04 16:49:26,960 [INFO] ADCParametersView:116 -                Rank 1 : true
2025-10-04 16:49:26,960 [INFO] ADCParametersView:116 -                Rank 2 : false
2025-10-04 16:49:26,960 [INFO] ADCParametersView:116 -                Rank 3 : false
2025-10-04 16:49:26,960 [INFO] ADCParametersView:116 -                Rank 1 : true
2025-10-04 16:49:26,960 [INFO] ADCParametersView:116 -                Rank 2 : false
2025-10-04 16:49:26,960 [INFO] ADCParametersView:116 -                Rank 3 : false
2025-10-04 16:49:26,961 [INFO] ADCParametersView:116 -                Rank 1 : true
2025-10-04 16:49:26,961 [INFO] ADCParametersView:116 -                Rank 2 : false
2025-10-04 16:49:26,961 [INFO] ADCParametersView:116 -                Rank 3 : false
2025-10-04 16:49:26,961 [INFO] ADCParametersView:116 -                Rank 1 : true
2025-10-04 16:49:26,962 [INFO] ADCParametersView:116 -                Rank 2 : false
2025-10-04 16:49:26,962 [INFO] ADCParametersView:116 -                Rank 3 : false
2025-10-04 16:49:26,962 [INFO] ADCParametersView:116 -                Rank 1 : true
2025-10-04 16:49:26,962 [INFO] ADCParametersView:116 -                Rank 2 : false
2025-10-04 16:49:26,964 [INFO] ADCParametersView:116 -                Rank 3 : false
2025-10-04 16:49:26,964 [INFO] ADCParametersView:116 -                Rank 2 : false
2025-10-04 16:49:26,964 [INFO] ADCParametersView:116 -                Rank 3 : false
2025-10-04 16:49:26,964 [INFO] ADCParametersView:116 -                Rank 3 : false
2025-10-04 16:49:26,972 [INFO] ADCParametersView:116 -                Rank 1 : true
2025-10-04 16:49:26,972 [INFO] ADCParametersView:116 -                Rank 1 : true
2025-10-04 16:49:26,972 [INFO] ADCParametersView:116 -                Rank 2 : false
2025-10-04 16:49:26,973 [INFO] ADCParametersView:116 -                Rank 1 : true
2025-10-04 16:49:26,973 [INFO] ADCParametersView:116 -                Rank 2 : false
2025-10-04 16:49:26,973 [INFO] ADCParametersView:116 -                Rank 3 : false
2025-10-04 16:49:30,509 [INFO] ADCParametersView:116 -                Rank 1 : true
2025-10-04 16:49:30,509 [INFO] ADCParametersView:116 -                Rank 2 : true
2025-10-04 16:49:30,509 [INFO] ADCParametersView:116 -                Rank 3 : false
2025-10-04 16:49:33,387 [INFO] NvicIntPanel:101 - NVIC parent = com.st.microxplorer.plugins.ip.nvic.MultiNvicIntPanel[,0,0,0x0,invalid,layout=javax.swing.BoxLayout,alignmentX=0.0,alignmentY=0.0,border=,flags=9,maximumSize=,minimumSize=,preferredSize=]
2025-10-04 16:49:33,431 [INFO] ADCParametersView:116 -                Rank 1 : true
2025-10-04 16:49:33,431 [INFO] ADCParametersView:116 -                Rank 2 : true
2025-10-04 16:49:33,431 [INFO] ADCParametersView:116 -                Rank 3 : false
2025-10-04 16:49:33,436 [INFO] ADCParametersView:116 -                Rank 1 : true
2025-10-04 16:49:33,436 [INFO] ADCParametersView:116 -                Rank 2 : true
2025-10-04 16:49:33,436 [INFO] ADCParametersView:116 -                Rank 3 : false
2025-10-04 16:49:33,436 [INFO] ADCParametersView:116 -                Rank 1 : true
2025-10-04 16:49:33,436 [INFO] ADCParametersView:116 -                Rank 2 : true
2025-10-04 16:49:33,436 [INFO] ADCParametersView:116 -                Rank 3 : false
2025-10-04 16:49:33,436 [INFO] ADCParametersView:116 -                Rank 1 : true
2025-10-04 16:49:33,436 [INFO] ADCParametersView:116 -                Rank 2 : true
2025-10-04 16:49:33,436 [INFO] ADCParametersView:116 -                Rank 3 : false
2025-10-04 16:49:33,436 [INFO] ADCParametersView:116 -                Rank 1 : true
2025-10-04 16:49:33,436 [INFO] ADCParametersView:116 -                Rank 2 : true
2025-10-04 16:49:33,436 [INFO] ADCParametersView:116 -                Rank 3 : false
2025-10-04 16:49:33,437 [INFO] ADCParametersView:116 -                Rank 1 : true
2025-10-04 16:49:33,437 [INFO] ADCParametersView:116 -                Rank 2 : true
2025-10-04 16:49:33,437 [INFO] ADCParametersView:116 -                Rank 3 : false
2025-10-04 16:49:33,437 [INFO] ADCParametersView:116 -                Rank 1 : true
2025-10-04 16:49:33,437 [INFO] ADCParametersView:116 -                Rank 2 : true
2025-10-04 16:49:33,437 [INFO] ADCParametersView:116 -                Rank 3 : false
2025-10-04 16:49:33,437 [INFO] ADCParametersView:116 -                Rank 1 : true
2025-10-04 16:49:33,437 [INFO] ADCParametersView:116 -                Rank 2 : true
2025-10-04 16:49:33,437 [INFO] ADCParametersView:116 -                Rank 3 : false
2025-10-04 16:49:33,437 [INFO] ADCParametersView:116 -                Rank 1 : true
2025-10-04 16:49:33,437 [INFO] ADCParametersView:116 -                Rank 2 : true
2025-10-04 16:49:33,437 [INFO] ADCParametersView:116 -                Rank 3 : false
2025-10-04 16:49:33,437 [INFO] ADCParametersView:116 -                Rank 1 : true
2025-10-04 16:49:33,437 [INFO] ADCParametersView:116 -                Rank 2 : true
2025-10-04 16:49:33,437 [INFO] ADCParametersView:116 -                Rank 3 : false
2025-10-04 16:49:33,437 [INFO] ADCParametersView:116 -                Rank 2 : true
2025-10-04 16:49:33,437 [INFO] ADCParametersView:116 -                Rank 3 : false
2025-10-04 16:49:33,438 [INFO] ADCParametersView:116 -                Rank 3 : false
2025-10-04 16:49:33,444 [INFO] ADCParametersView:116 -                Rank 1 : true
2025-10-04 16:49:33,445 [INFO] ADCParametersView:116 -                Rank 1 : true
2025-10-04 16:49:33,445 [INFO] ADCParametersView:116 -                Rank 2 : true
2025-10-04 16:49:33,445 [INFO] ADCParametersView:116 -                Rank 1 : true
2025-10-04 16:49:33,445 [INFO] ADCParametersView:116 -                Rank 2 : true
2025-10-04 16:49:33,445 [INFO] ADCParametersView:116 -                Rank 3 : false
2025-10-04 16:49:35,695 [INFO] ADCParametersView:116 -                Rank 1 : true
2025-10-04 16:49:35,695 [INFO] ADCParametersView:116 -                Rank 2 : true
2025-10-04 16:49:35,695 [INFO] ADCParametersView:116 -                Rank 3 : true
2025-10-04 16:49:39,345 [INFO] NvicIntPanel:101 - NVIC parent = com.st.microxplorer.plugins.ip.nvic.MultiNvicIntPanel[,0,0,0x0,invalid,layout=javax.swing.BoxLayout,alignmentX=0.0,alignmentY=0.0,border=,flags=9,maximumSize=,minimumSize=,preferredSize=]
2025-10-04 16:49:39,390 [INFO] ADCParametersView:116 -                Rank 1 : true
2025-10-04 16:49:39,390 [INFO] ADCParametersView:116 -                Rank 2 : true
2025-10-04 16:49:39,391 [INFO] ADCParametersView:116 -                Rank 3 : true
2025-10-04 16:49:39,393 [INFO] ADCParametersView:116 -                Rank 1 : true
2025-10-04 16:49:39,394 [INFO] ADCParametersView:116 -                Rank 2 : true
2025-10-04 16:49:39,394 [INFO] ADCParametersView:116 -                Rank 3 : true
2025-10-04 16:49:39,394 [INFO] ADCParametersView:116 -                Rank 1 : true
2025-10-04 16:49:39,394 [INFO] ADCParametersView:116 -                Rank 2 : true
2025-10-04 16:49:39,394 [INFO] ADCParametersView:116 -                Rank 3 : true
2025-10-04 16:49:39,394 [INFO] ADCParametersView:116 -                Rank 1 : true
2025-10-04 16:49:39,394 [INFO] ADCParametersView:116 -                Rank 2 : true
2025-10-04 16:49:39,394 [INFO] ADCParametersView:116 -                Rank 3 : true
2025-10-04 16:49:39,394 [INFO] ADCParametersView:116 -                Rank 1 : true
2025-10-04 16:49:39,394 [INFO] ADCParametersView:116 -                Rank 2 : true
2025-10-04 16:49:39,394 [INFO] ADCParametersView:116 -                Rank 3 : true
2025-10-04 16:49:39,394 [INFO] ADCParametersView:116 -                Rank 1 : true
2025-10-04 16:49:39,394 [INFO] ADCParametersView:116 -                Rank 2 : true
2025-10-04 16:49:39,394 [INFO] ADCParametersView:116 -                Rank 3 : true
2025-10-04 16:49:39,394 [INFO] ADCParametersView:116 -                Rank 1 : true
2025-10-04 16:49:39,394 [INFO] ADCParametersView:116 -                Rank 2 : true
2025-10-04 16:49:39,394 [INFO] ADCParametersView:116 -                Rank 3 : true
2025-10-04 16:49:39,395 [INFO] ADCParametersView:116 -                Rank 1 : true
2025-10-04 16:49:39,395 [INFO] ADCParametersView:116 -                Rank 2 : true
2025-10-04 16:49:39,395 [INFO] ADCParametersView:116 -                Rank 3 : true
2025-10-04 16:49:39,395 [INFO] ADCParametersView:116 -                Rank 1 : true
2025-10-04 16:49:39,395 [INFO] ADCParametersView:116 -                Rank 2 : true
2025-10-04 16:49:39,395 [INFO] ADCParametersView:116 -                Rank 3 : true
2025-10-04 16:49:39,395 [INFO] ADCParametersView:116 -                Rank 1 : true
2025-10-04 16:49:39,395 [INFO] ADCParametersView:116 -                Rank 2 : true
2025-10-04 16:49:39,395 [INFO] ADCParametersView:116 -                Rank 3 : true
2025-10-04 16:49:39,395 [INFO] ADCParametersView:116 -                Rank 2 : true
2025-10-04 16:49:39,395 [INFO] ADCParametersView:116 -                Rank 3 : true
2025-10-04 16:49:39,395 [INFO] ADCParametersView:116 -                Rank 3 : true
2025-10-04 16:49:39,401 [INFO] ADCParametersView:116 -                Rank 1 : true
2025-10-04 16:49:39,401 [INFO] ADCParametersView:116 -                Rank 1 : true
2025-10-04 16:49:39,401 [INFO] ADCParametersView:116 -                Rank 2 : true
2025-10-04 16:49:39,401 [INFO] ADCParametersView:116 -                Rank 1 : true
2025-10-04 16:49:39,401 [INFO] ADCParametersView:116 -                Rank 2 : true
2025-10-04 16:49:39,401 [INFO] ADCParametersView:116 -                Rank 3 : true
2025-10-04 16:49:47,271 [INFO] ADCParametersView:116 -                Rank 1 : false
2025-10-04 16:49:47,272 [INFO] ADCParametersView:116 -                Rank 2 : true
2025-10-04 16:49:47,272 [INFO] ADCParametersView:116 -                Rank 3 : true
2025-10-04 16:49:56,095 [INFO] ADCParametersView:116 -                Rank 1 : false
2025-10-04 16:49:56,095 [INFO] ADCParametersView:116 -                Rank 2 : false
2025-10-04 16:49:56,095 [INFO] ADCParametersView:116 -                Rank 3 : true
2025-10-04 16:49:57,777 [INFO] ADCParametersView:116 -                Rank 1 : false
2025-10-04 16:49:57,777 [INFO] ADCParametersView:116 -                Rank 2 : false
2025-10-04 16:49:57,777 [INFO] ADCParametersView:116 -                Rank 3 : false
2025-10-04 16:52:51,461 [INFO] DmaTabbedPanel:205 - Cannot restore the selected Tab for DMA
2025-10-04 16:53:06,551 [ERROR] LogOutputStream:75 - [STDERR_REDIRECT] java.lang.Error: no ComponentUI class for: com.st.microxplorer.plugins.ip.nvic.CheckBoxHeader[,0,0,0x0,invalid,alignmentX=0.0,alignmentY=0.0,border=,flags=0,maximumSize=,minimumSize=,preferredSize=,defaultIcon=,disabledIcon=,disabledSelectedIcon=,margin=null,paintBorder=true,paintFocus=true,pressedIcon=,rolloverEnabled=false,rolloverIcon=,rolloverSelectedIcon=,selectedIcon=,text=]
2025-10-04 16:53:06,554 [ERROR] LogOutputStream:75 - [STDERR_REDIRECT] 	at java.desktop/javax.swing.UIDefaults.getUIError(UIDefaults.java:763)
2025-10-04 16:53:06,556 [ERROR] LogOutputStream:75 - [STDERR_REDIRECT] 	at java.desktop/javax.swing.MultiUIDefaults.getUIError(MultiUIDefaults.java:144)
2025-10-04 16:53:06,558 [ERROR] LogOutputStream:75 - [STDERR_REDIRECT] 	at java.desktop/javax.swing.UIDefaults.getUI(UIDefaults.java:793)
2025-10-04 16:53:06,558 [ERROR] LogOutputStream:75 - [STDERR_REDIRECT] 	at java.desktop/javax.swing.UIManager.getUI(UIManager.java:1070)
2025-10-04 16:53:06,560 [ERROR] LogOutputStream:75 - [STDERR_REDIRECT] 	at java.desktop/javax.swing.JCheckBox.updateUI(JCheckBox.java:228)
2025-10-04 16:53:06,561 [ERROR] LogOutputStream:75 - [STDERR_REDIRECT] 	at java.desktop/javax.swing.AbstractButton.init(AbstractButton.java:2141)
2025-10-04 16:53:06,563 [ERROR] LogOutputStream:75 - [STDERR_REDIRECT] 	at java.desktop/javax.swing.JToggleButton.<init>(JToggleButton.java:187)
2025-10-04 16:53:06,564 [ERROR] LogOutputStream:75 - [STDERR_REDIRECT] 	at java.desktop/javax.swing.JCheckBox.<init>(JCheckBox.java:176)
2025-10-04 16:53:06,565 [ERROR] LogOutputStream:75 - [STDERR_REDIRECT] 	at java.desktop/javax.swing.JCheckBox.<init>(JCheckBox.java:97)
2025-10-04 16:53:06,567 [ERROR] LogOutputStream:75 - [STDERR_REDIRECT] 	at com.st.microxplorer.plugins.ip.nvic.CheckBoxHeader.<init>(CheckBoxHeader.java:55)
2025-10-04 16:53:06,569 [ERROR] LogOutputStream:75 - [STDERR_REDIRECT] 	at com.st.microxplorer.plugins.ip.nvic.NvicCodeSelectionTable.<init>(NvicCodeSelectionTable.java:75)
2025-10-04 16:53:06,572 [ERROR] LogOutputStream:75 - [STDERR_REDIRECT] 	at com.st.microxplorer.plugins.ip.nvic.NvicCodePanel.initComponents(NvicCodePanel.java:102)
2025-10-04 16:53:06,574 [ERROR] LogOutputStream:75 - [STDERR_REDIRECT] 	at com.st.microxplorer.plugins.ip.nvic.NvicCodePanel.<init>(NvicCodePanel.java:78)
2025-10-04 16:53:06,576 [ERROR] LogOutputStream:75 - [STDERR_REDIRECT] 	at com.st.microxplorer.plugins.ip.nvic.NvicTabbedPanel.<init>(NvicTabbedPanel.java:57)
2025-10-04 16:53:06,576 [ERROR] LogOutputStream:75 - [STDERR_REDIRECT] 	at com.st.microxplorer.plugins.ip.nvic.Nvic.getUI(Nvic.java:73)
2025-10-04 16:53:06,578 [ERROR] LogOutputStream:75 - [STDERR_REDIRECT] 	at com.st.microxplorer.plugins.ipmanager.gui.BlockDiagram.createIpPanel(BlockDiagram.java:402)
2025-10-04 16:53:06,580 [ERROR] LogOutputStream:75 - [STDERR_REDIRECT] 	at com.st.microxplorer.plugins.ipmanager.gui.BlockDiagram.getIPConfigPanel(BlockDiagram.java:552)
2025-10-04 16:53:06,582 [ERROR] LogOutputStream:75 - [STDERR_REDIRECT] 	at com.st.microxplorer.plugins.ipmanager.gui.BlockDiagram.getIPConfigPanel(BlockDiagram.java:458)
2025-10-04 16:53:06,584 [ERROR] LogOutputStream:75 - [STDERR_REDIRECT] 	at com.st.microxplorer.plugins.ipmanager.gui.BlockDiagram.propertyChange(BlockDiagram.java:1389)
2025-10-04 16:53:06,585 [ERROR] LogOutputStream:75 - [STDERR_REDIRECT] 	at java.desktop/java.beans.PropertyChangeSupport.fire(PropertyChangeSupport.java:343)
2025-10-04 16:53:06,587 [ERROR] LogOutputStream:75 - [STDERR_REDIRECT] 	at java.desktop/java.beans.PropertyChangeSupport.firePropertyChange(PropertyChangeSupport.java:335)
2025-10-04 16:53:06,590 [ERROR] LogOutputStream:75 - [STDERR_REDIRECT] 	at java.desktop/java.beans.PropertyChangeSupport.firePropertyChange(PropertyChangeSupport.java:268)
2025-10-04 16:53:06,592 [ERROR] LogOutputStream:75 - [STDERR_REDIRECT] 	at com.st.microxplorer.util.MXPropertyChangeSupport.firePropertyChange(MXPropertyChangeSupport.java:54)
2025-10-04 16:53:06,594 [ERROR] LogOutputStream:75 - [STDERR_REDIRECT] 	at com.st.microxplorer.mxsystem.MxSystem.firePropertyChange(MxSystem.java:357)
2025-10-04 16:53:06,596 [ERROR] LogOutputStream:75 - [STDERR_REDIRECT] 	at com.st.microxplorer.plugins.pinoutconfig.guiV5.PeripheralsSelectionPanel.selectIP(PeripheralsSelectionPanel.java:409)
2025-10-04 16:53:06,598 [ERROR] LogOutputStream:75 - [STDERR_REDIRECT] 	at com.st.microxplorer.plugins.pinoutconfig.guiV5.PeripheralsListListener.mouseClicked(PeripheralsListListener.java:103)
2025-10-04 16:53:06,600 [ERROR] LogOutputStream:75 - [STDERR_REDIRECT] 	at java.desktop/java.awt.AWTEventMulticaster.mouseClicked(AWTEventMulticaster.java:278)
2025-10-04 16:53:06,602 [ERROR] LogOutputStream:75 - [STDERR_REDIRECT] 	at java.desktop/java.awt.Component.processMouseEvent(Component.java:6624)
2025-10-04 16:53:06,603 [ERROR] LogOutputStream:75 - [STDERR_REDIRECT] 	at java.desktop/javax.swing.JComponent.processMouseEvent(JComponent.java:3398)
2025-10-04 16:53:06,605 [ERROR] LogOutputStream:75 - [STDERR_REDIRECT] 	at java.desktop/java.awt.Component.processEvent(Component.java:6386)
2025-10-04 16:53:06,606 [ERROR] LogOutputStream:75 - [STDERR_REDIRECT] 	at java.desktop/java.awt.Container.processEvent(Container.java:2266)
2025-10-04 16:53:06,608 [ERROR] LogOutputStream:75 - [STDERR_REDIRECT] 	at java.desktop/java.awt.Component.dispatchEventImpl(Component.java:4996)
2025-10-04 16:53:06,609 [ERROR] LogOutputStream:75 - [STDERR_REDIRECT] 	at java.desktop/java.awt.Container.dispatchEventImpl(Container.java:2324)
2025-10-04 16:53:06,611 [ERROR] LogOutputStream:75 - [STDERR_REDIRECT] 	at java.desktop/java.awt.Component.dispatchEvent(Component.java:4828)
2025-10-04 16:53:06,612 [ERROR] LogOutputStream:75 - [STDERR_REDIRECT] 	at java.desktop/java.awt.LightweightDispatcher.retargetMouseEvent(Container.java:4948)
2025-10-04 16:53:06,614 [ERROR] LogOutputStream:75 - [STDERR_REDIRECT] 	at java.desktop/java.awt.LightweightDispatcher.processMouseEvent(Container.java:4584)
2025-10-04 16:53:06,616 [ERROR] LogOutputStream:75 - [STDERR_REDIRECT] 	at java.desktop/java.awt.LightweightDispatcher.dispatchEvent(Container.java:4516)
2025-10-04 16:53:06,617 [ERROR] LogOutputStream:75 - [STDERR_REDIRECT] 	at java.desktop/java.awt.Container.dispatchEventImpl(Container.java:2310)
2025-10-04 16:53:06,618 [ERROR] LogOutputStream:75 - [STDERR_REDIRECT] 	at java.desktop/java.awt.Component.dispatchEvent(Component.java:4828)
2025-10-04 16:53:06,620 [ERROR] LogOutputStream:75 - [STDERR_REDIRECT] 	at java.desktop/java.awt.EventQueue.dispatchEventImpl(EventQueue.java:775)
2025-10-04 16:53:06,621 [ERROR] LogOutputStream:75 - [STDERR_REDIRECT] 	at java.desktop/java.awt.EventQueue$4.run(EventQueue.java:720)
2025-10-04 16:53:06,622 [ERROR] LogOutputStream:75 - [STDERR_REDIRECT] 	at java.desktop/java.awt.EventQueue$4.run(EventQueue.java:714)
2025-10-04 16:53:06,623 [ERROR] LogOutputStream:75 - [STDERR_REDIRECT] 	at java.base/java.security.AccessController.doPrivileged(AccessController.java:400)
2025-10-04 16:53:06,626 [ERROR] LogOutputStream:75 - [STDERR_REDIRECT] 	at java.base/java.security.ProtectionDomain$JavaSecurityAccessImpl.doIntersectionPrivilege(ProtectionDomain.java:87)
2025-10-04 16:53:06,628 [ERROR] LogOutputStream:75 - [STDERR_REDIRECT] 	at java.base/java.security.ProtectionDomain$JavaSecurityAccessImpl.doIntersectionPrivilege(ProtectionDomain.java:98)
2025-10-04 16:53:06,629 [ERROR] LogOutputStream:75 - [STDERR_REDIRECT] 	at java.desktop/java.awt.EventQueue$5.run(EventQueue.java:747)
2025-10-04 16:53:06,630 [ERROR] LogOutputStream:75 - [STDERR_REDIRECT] 	at java.desktop/java.awt.EventQueue$5.run(EventQueue.java:745)
2025-10-04 16:53:06,632 [ERROR] LogOutputStream:75 - [STDERR_REDIRECT] 	at java.base/java.security.AccessController.doPrivileged(AccessController.java:400)
2025-10-04 16:53:06,635 [ERROR] LogOutputStream:75 - [STDERR_REDIRECT] 	at java.base/java.security.ProtectionDomain$JavaSecurityAccessImpl.doIntersectionPrivilege(ProtectionDomain.java:87)
2025-10-04 16:53:06,637 [ERROR] LogOutputStream:75 - [STDERR_REDIRECT] 	at java.desktop/java.awt.EventQueue.dispatchEvent(EventQueue.java:744)
2025-10-04 16:53:06,640 [ERROR] LogOutputStream:75 - [STDERR_REDIRECT] 	at java.desktop/java.awt.EventDispatchThread.pumpOneEventForFilters(EventDispatchThread.java:203)
2025-10-04 16:53:06,642 [ERROR] LogOutputStream:75 - [STDERR_REDIRECT] 	at java.desktop/java.awt.EventDispatchThread.pumpEventsForFilter(EventDispatchThread.java:124)
2025-10-04 16:53:06,645 [ERROR] LogOutputStream:75 - [STDERR_REDIRECT] 	at java.desktop/java.awt.EventDispatchThread.pumpEventsForHierarchy(EventDispatchThread.java:113)
2025-10-04 16:53:06,647 [ERROR] LogOutputStream:75 - [STDERR_REDIRECT] 	at java.desktop/java.awt.EventDispatchThread.pumpEvents(EventDispatchThread.java:109)
2025-10-04 16:53:06,648 [ERROR] LogOutputStream:75 - [STDERR_REDIRECT] 	at java.desktop/java.awt.EventDispatchThread.pumpEvents(EventDispatchThread.java:101)
2025-10-04 16:53:06,650 [ERROR] LogOutputStream:75 - [STDERR_REDIRECT] 	at java.desktop/java.awt.EventDispatchThread.run(EventDispatchThread.java:90)
2025-10-04 16:53:06,659 [ERROR] LogOutputStream:75 - [STDERR_REDIRECT] java.lang.Error: no ComponentUI class for: com.st.microxplorer.plugins.ip.nvic.CheckBoxHeader[,0,0,0x0,invalid,alignmentX=0.0,alignmentY=0.0,border=,flags=0,maximumSize=,minimumSize=,preferredSize=,defaultIcon=,disabledIcon=,disabledSelectedIcon=,margin=null,paintBorder=true,paintFocus=true,pressedIcon=,rolloverEnabled=false,rolloverIcon=,rolloverSelectedIcon=,selectedIcon=,text=]
2025-10-04 16:53:06,660 [ERROR] LogOutputStream:75 - [STDERR_REDIRECT] 	at java.desktop/javax.swing.UIDefaults.getUIError(UIDefaults.java:763)
2025-10-04 16:53:06,662 [ERROR] LogOutputStream:75 - [STDERR_REDIRECT] 	at java.desktop/javax.swing.MultiUIDefaults.getUIError(MultiUIDefaults.java:144)
2025-10-04 16:53:06,663 [ERROR] LogOutputStream:75 - [STDERR_REDIRECT] 	at java.desktop/javax.swing.UIDefaults.getUI(UIDefaults.java:793)
2025-10-04 16:53:06,666 [ERROR] LogOutputStream:75 - [STDERR_REDIRECT] 	at java.desktop/javax.swing.UIManager.getUI(UIManager.java:1070)
2025-10-04 16:53:06,667 [ERROR] LogOutputStream:75 - [STDERR_REDIRECT] 	at java.desktop/javax.swing.JCheckBox.updateUI(JCheckBox.java:228)
2025-10-04 16:53:06,669 [ERROR] LogOutputStream:75 - [STDERR_REDIRECT] 	at java.desktop/javax.swing.AbstractButton.init(AbstractButton.java:2141)
2025-10-04 16:53:06,669 [ERROR] LogOutputStream:75 - [STDERR_REDIRECT] 	at java.desktop/javax.swing.JToggleButton.<init>(JToggleButton.java:187)
2025-10-04 16:53:06,672 [ERROR] LogOutputStream:75 - [STDERR_REDIRECT] 	at java.desktop/javax.swing.JCheckBox.<init>(JCheckBox.java:176)
2025-10-04 16:53:06,674 [ERROR] LogOutputStream:75 - [STDERR_REDIRECT] 	at java.desktop/javax.swing.JCheckBox.<init>(JCheckBox.java:97)
2025-10-04 16:53:06,675 [ERROR] LogOutputStream:75 - [STDERR_REDIRECT] 	at com.st.microxplorer.plugins.ip.nvic.CheckBoxHeader.<init>(CheckBoxHeader.java:55)
2025-10-04 16:53:06,677 [ERROR] LogOutputStream:75 - [STDERR_REDIRECT] 	at com.st.microxplorer.plugins.ip.nvic.NvicCodeSelectionTable.<init>(NvicCodeSelectionTable.java:78)
2025-10-04 16:53:06,679 [ERROR] LogOutputStream:75 - [STDERR_REDIRECT] 	at com.st.microxplorer.plugins.ip.nvic.NvicCodePanel.initComponents(NvicCodePanel.java:102)
2025-10-04 16:53:06,681 [ERROR] LogOutputStream:75 - [STDERR_REDIRECT] 	at com.st.microxplorer.plugins.ip.nvic.NvicCodePanel.<init>(NvicCodePanel.java:78)
2025-10-04 16:53:06,682 [ERROR] LogOutputStream:75 - [STDERR_REDIRECT] 	at com.st.microxplorer.plugins.ip.nvic.NvicTabbedPanel.<init>(NvicTabbedPanel.java:57)
2025-10-04 16:53:06,684 [ERROR] LogOutputStream:75 - [STDERR_REDIRECT] 	at com.st.microxplorer.plugins.ip.nvic.Nvic.getUI(Nvic.java:73)
2025-10-04 16:53:06,686 [ERROR] LogOutputStream:75 - [STDERR_REDIRECT] 	at com.st.microxplorer.plugins.ipmanager.gui.BlockDiagram.createIpPanel(BlockDiagram.java:402)
2025-10-04 16:53:06,689 [ERROR] LogOutputStream:75 - [STDERR_REDIRECT] 	at com.st.microxplorer.plugins.ipmanager.gui.BlockDiagram.getIPConfigPanel(BlockDiagram.java:552)
2025-10-04 16:53:06,691 [ERROR] LogOutputStream:75 - [STDERR_REDIRECT] 	at com.st.microxplorer.plugins.ipmanager.gui.BlockDiagram.getIPConfigPanel(BlockDiagram.java:458)
2025-10-04 16:53:06,693 [ERROR] LogOutputStream:75 - [STDERR_REDIRECT] 	at com.st.microxplorer.plugins.ipmanager.gui.BlockDiagram.propertyChange(BlockDiagram.java:1389)
2025-10-04 16:53:06,694 [ERROR] LogOutputStream:75 - [STDERR_REDIRECT] 	at java.desktop/java.beans.PropertyChangeSupport.fire(PropertyChangeSupport.java:343)
2025-10-04 16:53:06,696 [ERROR] LogOutputStream:75 - [STDERR_REDIRECT] 	at java.desktop/java.beans.PropertyChangeSupport.firePropertyChange(PropertyChangeSupport.java:335)
2025-10-04 16:53:06,698 [ERROR] LogOutputStream:75 - [STDERR_REDIRECT] 	at java.desktop/java.beans.PropertyChangeSupport.firePropertyChange(PropertyChangeSupport.java:268)
2025-10-04 16:53:06,700 [ERROR] LogOutputStream:75 - [STDERR_REDIRECT] 	at com.st.microxplorer.util.MXPropertyChangeSupport.firePropertyChange(MXPropertyChangeSupport.java:54)
2025-10-04 16:53:06,701 [ERROR] LogOutputStream:75 - [STDERR_REDIRECT] 	at com.st.microxplorer.mxsystem.MxSystem.firePropertyChange(MxSystem.java:357)
2025-10-04 16:53:06,704 [ERROR] LogOutputStream:75 - [STDERR_REDIRECT] 	at com.st.microxplorer.plugins.pinoutconfig.guiV5.PeripheralsSelectionPanel.selectIP(PeripheralsSelectionPanel.java:409)
2025-10-04 16:53:06,707 [ERROR] LogOutputStream:75 - [STDERR_REDIRECT] 	at com.st.microxplorer.plugins.pinoutconfig.guiV5.PeripheralsListListener.mouseClicked(PeripheralsListListener.java:103)
2025-10-04 16:53:06,709 [ERROR] LogOutputStream:75 - [STDERR_REDIRECT] 	at java.desktop/java.awt.AWTEventMulticaster.mouseClicked(AWTEventMulticaster.java:278)
2025-10-04 16:53:06,711 [ERROR] LogOutputStream:75 - [STDERR_REDIRECT] 	at java.desktop/java.awt.Component.processMouseEvent(Component.java:6624)
2025-10-04 16:53:06,716 [ERROR] LogOutputStream:75 - [STDERR_REDIRECT] 	at java.desktop/javax.swing.JComponent.processMouseEvent(JComponent.java:3398)
2025-10-04 16:53:06,717 [ERROR] LogOutputStream:75 - [STDERR_REDIRECT] 	at java.desktop/java.awt.Component.processEvent(Component.java:6386)
2025-10-04 16:53:06,719 [ERROR] LogOutputStream:75 - [STDERR_REDIRECT] 	at java.desktop/java.awt.Container.processEvent(Container.java:2266)
2025-10-04 16:53:06,721 [ERROR] LogOutputStream:75 - [STDERR_REDIRECT] 	at java.desktop/java.awt.Component.dispatchEventImpl(Component.java:4996)
2025-10-04 16:53:06,723 [ERROR] LogOutputStream:75 - [STDERR_REDIRECT] 	at java.desktop/java.awt.Container.dispatchEventImpl(Container.java:2324)
2025-10-04 16:53:06,725 [ERROR] LogOutputStream:75 - [STDERR_REDIRECT] 	at java.desktop/java.awt.Component.dispatchEvent(Component.java:4828)
2025-10-04 16:53:06,726 [ERROR] LogOutputStream:75 - [STDERR_REDIRECT] 	at java.desktop/java.awt.LightweightDispatcher.retargetMouseEvent(Container.java:4948)
2025-10-04 16:53:06,728 [ERROR] LogOutputStream:75 - [STDERR_REDIRECT] 	at java.desktop/java.awt.LightweightDispatcher.processMouseEvent(Container.java:4584)
2025-10-04 16:53:06,730 [ERROR] LogOutputStream:75 - [STDERR_REDIRECT] 	at java.desktop/java.awt.LightweightDispatcher.dispatchEvent(Container.java:4516)
2025-10-04 16:53:06,731 [ERROR] LogOutputStream:75 - [STDERR_REDIRECT] 	at java.desktop/java.awt.Container.dispatchEventImpl(Container.java:2310)
2025-10-04 16:53:06,733 [ERROR] LogOutputStream:75 - [STDERR_REDIRECT] 	at java.desktop/java.awt.Component.dispatchEvent(Component.java:4828)
2025-10-04 16:53:06,734 [ERROR] LogOutputStream:75 - [STDERR_REDIRECT] 	at java.desktop/java.awt.EventQueue.dispatchEventImpl(EventQueue.java:775)
2025-10-04 16:53:06,736 [ERROR] LogOutputStream:75 - [STDERR_REDIRECT] 	at java.desktop/java.awt.EventQueue$4.run(EventQueue.java:720)
2025-10-04 16:53:06,737 [ERROR] LogOutputStream:75 - [STDERR_REDIRECT] 	at java.desktop/java.awt.EventQueue$4.run(EventQueue.java:714)
2025-10-04 16:53:06,739 [ERROR] LogOutputStream:75 - [STDERR_REDIRECT] 	at java.base/java.security.AccessController.doPrivileged(AccessController.java:400)
2025-10-04 16:53:06,741 [ERROR] LogOutputStream:75 - [STDERR_REDIRECT] 	at java.base/java.security.ProtectionDomain$JavaSecurityAccessImpl.doIntersectionPrivilege(ProtectionDomain.java:87)
2025-10-04 16:53:06,744 [ERROR] LogOutputStream:75 - [STDERR_REDIRECT] 	at java.base/java.security.ProtectionDomain$JavaSecurityAccessImpl.doIntersectionPrivilege(ProtectionDomain.java:98)
2025-10-04 16:53:06,745 [ERROR] LogOutputStream:75 - [STDERR_REDIRECT] 	at java.desktop/java.awt.EventQueue$5.run(EventQueue.java:747)
2025-10-04 16:53:06,747 [ERROR] LogOutputStream:75 - [STDERR_REDIRECT] 	at java.desktop/java.awt.EventQueue$5.run(EventQueue.java:745)
2025-10-04 16:53:06,748 [ERROR] LogOutputStream:75 - [STDERR_REDIRECT] 	at java.base/java.security.AccessController.doPrivileged(AccessController.java:400)
2025-10-04 16:53:06,750 [ERROR] LogOutputStream:75 - [STDERR_REDIRECT] 	at java.base/java.security.ProtectionDomain$JavaSecurityAccessImpl.doIntersectionPrivilege(ProtectionDomain.java:87)
2025-10-04 16:53:06,751 [ERROR] LogOutputStream:75 - [STDERR_REDIRECT] 	at java.desktop/java.awt.EventQueue.dispatchEvent(EventQueue.java:744)
2025-10-04 16:53:06,753 [ERROR] LogOutputStream:75 - [STDERR_REDIRECT] 	at java.desktop/java.awt.EventDispatchThread.pumpOneEventForFilters(EventDispatchThread.java:203)
2025-10-04 16:53:06,755 [ERROR] LogOutputStream:75 - [STDERR_REDIRECT] 	at java.desktop/java.awt.EventDispatchThread.pumpEventsForFilter(EventDispatchThread.java:124)
2025-10-04 16:53:06,758 [ERROR] LogOutputStream:75 - [STDERR_REDIRECT] 	at java.desktop/java.awt.EventDispatchThread.pumpEventsForHierarchy(EventDispatchThread.java:113)
2025-10-04 16:53:06,760 [ERROR] LogOutputStream:75 - [STDERR_REDIRECT] 	at java.desktop/java.awt.EventDispatchThread.pumpEvents(EventDispatchThread.java:109)
2025-10-04 16:53:06,761 [ERROR] LogOutputStream:75 - [STDERR_REDIRECT] 	at java.desktop/java.awt.EventDispatchThread.pumpEvents(EventDispatchThread.java:101)
2025-10-04 16:53:06,762 [ERROR] LogOutputStream:75 - [STDERR_REDIRECT] 	at java.desktop/java.awt.EventDispatchThread.run(EventDispatchThread.java:90)
2025-10-04 16:53:36,140 [INFO] UtilMem:75 - End SaveConfig() Used Memory: 818536280 Bytes (1073741824)
2025-10-04 16:53:38,603 [INFO] UtilMem:75 - End SaveConfig() Used Memory: 834939328 Bytes (1073741824)
2025-10-04 16:53:40,173 [INFO] UtilMem:75 - End SaveConfig() Used Memory: 903341192 Bytes (1073741824)
2025-10-04 16:53:40,689 [INFO] BlockDiagram:2775 - set Specific Code input for plugin: NVIC
2025-10-04 16:53:40,690 [INFO] BlockDiagram:2775 - set Specific Code input for plugin: USART
2025-10-04 16:53:40,690 [INFO] BlockDiagram:2775 - set Specific Code input for plugin: DMA
2025-10-04 16:53:40,690 [INFO] BlockDiagram:2775 - set Specific Code input for plugin: SYS
2025-10-04 16:53:40,691 [INFO] BlockDiagram:2775 - set Specific Code input for plugin: GPIO
2025-10-04 16:53:40,691 [INFO] BlockDiagram:2775 - set Specific Code input for plugin: ADC
2025-10-04 16:53:40,691 [INFO] BlockDiagram:2775 - set Specific Code input for plugin: RCC
2025-10-04 16:53:40,692 [INFO] CodeGenerator:882 - code generatio: config db path: C:\ST\STM32CubeIDE_1.18.0\STM32CubeIDE\plugins\com.st.stm32cube.common.mx_6.14.1.202504091515\\db\
2025-10-04 16:53:40,703 [INFO] Argument:325 - Argument : hdmavalue: null
2025-10-04 16:53:40,703 [INFO] Argument:327 - 	 sub Args: 
2025-10-04 16:53:40,703 [INFO] Argument:325 - Argument : Instancevalue: DMA1_Channel1
2025-10-04 16:53:40,703 [INFO] Argument:335 - Argument : Instancevalue: DMA1_Channel1
2025-10-04 16:53:40,704 [INFO] Argument:325 - Argument : Initvalue: null
2025-10-04 16:53:40,704 [INFO] Argument:327 - 	 sub Args: 
2025-10-04 16:53:40,704 [INFO] Argument:325 - Argument : Directionvalue: DMA_PERIPH_TO_MEMORY
2025-10-04 16:53:40,704 [INFO] Argument:335 - Argument : Directionvalue: DMA_PERIPH_TO_MEMORY
2025-10-04 16:53:40,704 [INFO] Argument:325 - Argument : PeriphIncvalue: DMA_PINC_DISABLE
2025-10-04 16:53:40,704 [INFO] Argument:335 - Argument : PeriphIncvalue: DMA_PINC_DISABLE
2025-10-04 16:53:40,704 [INFO] Argument:325 - Argument : MemIncvalue: DMA_MINC_ENABLE
2025-10-04 16:53:40,704 [INFO] Argument:335 - Argument : MemIncvalue: DMA_MINC_ENABLE
2025-10-04 16:53:40,704 [INFO] Argument:325 - Argument : PeriphDataAlignmentvalue: DMA_PDATAALIGN_WORD
2025-10-04 16:53:40,704 [INFO] Argument:335 - Argument : PeriphDataAlignmentvalue: DMA_PDATAALIGN_WORD
2025-10-04 16:53:40,704 [INFO] Argument:325 - Argument : MemDataAlignmentvalue: DMA_MDATAALIGN_WORD
2025-10-04 16:53:40,704 [INFO] Argument:335 - Argument : MemDataAlignmentvalue: DMA_MDATAALIGN_WORD
2025-10-04 16:53:40,704 [INFO] Argument:325 - Argument : Modevalue: DMA_CIRCULAR
2025-10-04 16:53:40,704 [INFO] Argument:335 - Argument : Modevalue: DMA_CIRCULAR
2025-10-04 16:53:40,704 [INFO] Argument:325 - Argument : Priorityvalue: DMA_PRIORITY_MEDIUM
2025-10-04 16:53:40,704 [INFO] Argument:335 - Argument : Priorityvalue: DMA_PRIORITY_MEDIUM
2025-10-04 16:53:40,704 [INFO] Argument:325 - Argument : Lockvalue: null
2025-10-04 16:53:40,704 [INFO] Argument:335 - Argument : Lockvalue: null
2025-10-04 16:53:40,704 [INFO] Argument:325 - Argument : Statevalue: null
2025-10-04 16:53:40,704 [INFO] Argument:335 - Argument : Statevalue: null
2025-10-04 16:53:40,705 [INFO] Argument:325 - Argument : Parentvalue: null
2025-10-04 16:53:40,705 [INFO] Argument:335 - Argument : Parentvalue: null
2025-10-04 16:53:40,705 [INFO] Argument:325 - Argument : XferCpltCallbackvalue: null
2025-10-04 16:53:40,705 [INFO] Argument:335 - Argument : XferCpltCallbackvalue: null
2025-10-04 16:53:40,705 [INFO] Argument:325 - Argument : XferHalfCpltCallbackvalue: null
2025-10-04 16:53:40,705 [INFO] Argument:335 - Argument : XferHalfCpltCallbackvalue: null
2025-10-04 16:53:40,705 [INFO] Argument:325 - Argument : XferErrorCallbackvalue: null
2025-10-04 16:53:40,705 [INFO] Argument:335 - Argument : XferErrorCallbackvalue: null
2025-10-04 16:53:40,705 [INFO] Argument:325 - Argument : ErrorCodevalue: null
2025-10-04 16:53:40,705 [INFO] Argument:335 - Argument : ErrorCodevalue: null
2025-10-04 16:53:40,842 [INFO] CodeEngine:263 - oldGeneratedFile, C:\GIT\GIT_AULAS_FATEC\Exemplos_Codigo_STM32\BP_LER_ADC_DMA\MXTmpFiles\license.tmp_save
2025-10-04 16:53:40,954 [INFO] CodeEngine:287 - Generated code: C:\GIT\GIT_AULAS_FATEC\Exemplos_Codigo_STM32\BP_LER_ADC_DMA\MXTmpFiles\license.tmp
2025-10-04 16:53:40,991 [INFO] CodeEngine:263 - oldGeneratedFile, C:\GIT\GIT_AULAS_FATEC\Exemplos_Codigo_STM32\BP_LER_ADC_DMA\MXTmpFiles\gpio.tmp_save
2025-10-04 16:53:41,106 [INFO] CodeEngine:287 - Generated code: C:\GIT\GIT_AULAS_FATEC\Exemplos_Codigo_STM32\BP_LER_ADC_DMA\MXTmpFiles\gpio.tmp
2025-10-04 16:53:41,288 [INFO] CodeEngine:263 - oldGeneratedFile, C:\GIT\GIT_AULAS_FATEC\Exemplos_Codigo_STM32\BP_LER_ADC_DMA\MXTmpFiles\dma.tmp_save
2025-10-04 16:53:41,353 [INFO] CodeEngine:287 - Generated code: C:\GIT\GIT_AULAS_FATEC\Exemplos_Codigo_STM32\BP_LER_ADC_DMA\MXTmpFiles\dma.tmp
2025-10-04 16:53:41,358 [INFO] CodeEngine:263 - oldGeneratedFile, C:\GIT\GIT_AULAS_FATEC\Exemplos_Codigo_STM32\BP_LER_ADC_DMA\MXTmpFiles\dma_GV.tmp_save
2025-10-04 16:53:41,438 [INFO] CodeEngine:287 - Generated code: C:\GIT\GIT_AULAS_FATEC\Exemplos_Codigo_STM32\BP_LER_ADC_DMA\MXTmpFiles\dma_GV.tmp
2025-10-04 16:53:41,459 [INFO] CodeEngine:263 - oldGeneratedFile, C:\GIT\GIT_AULAS_FATEC\Exemplos_Codigo_STM32\BP_LER_ADC_DMA\Core\Src\stm32f1xx_it.c_save
2025-10-04 16:53:41,789 [INFO] CodeEngine:287 - Generated code: C:\GIT\GIT_AULAS_FATEC\Exemplos_Codigo_STM32\BP_LER_ADC_DMA\Core\Src\stm32f1xx_it.c
2025-10-04 16:53:41,800 [INFO] CodeEngine:263 - oldGeneratedFile, C:\GIT\GIT_AULAS_FATEC\Exemplos_Codigo_STM32\BP_LER_ADC_DMA\Core\Inc\stm32f1xx_it.h_save
2025-10-04 16:53:41,882 [INFO] CodeEngine:287 - Generated code: C:\GIT\GIT_AULAS_FATEC\Exemplos_Codigo_STM32\BP_LER_ADC_DMA\Core\Inc\stm32f1xx_it.h
2025-10-04 16:53:41,901 [INFO] CodeEngine:263 - oldGeneratedFile, C:\GIT\GIT_AULAS_FATEC\Exemplos_Codigo_STM32\BP_LER_ADC_DMA\Core\Src\stm32f1xx_hal_msp.c_save
2025-10-04 16:53:42,051 [INFO] CodeEngine:287 - Generated code: C:\GIT\GIT_AULAS_FATEC\Exemplos_Codigo_STM32\BP_LER_ADC_DMA\Core\Src\stm32f1xx_hal_msp.c
2025-10-04 16:53:42,059 [INFO] CodeEngine:263 - oldGeneratedFile, C:\GIT\GIT_AULAS_FATEC\Exemplos_Codigo_STM32\BP_LER_ADC_DMA\MXTmpFiles\system.tmp_save
2025-10-04 16:53:42,130 [INFO] CodeEngine:287 - Generated code: C:\GIT\GIT_AULAS_FATEC\Exemplos_Codigo_STM32\BP_LER_ADC_DMA\MXTmpFiles\system.tmp
2025-10-04 16:53:42,146 [INFO] CodeEngine:319 - oldGeneratedFile, C:\GIT\GIT_AULAS_FATEC\Exemplos_Codigo_STM32\BP_LER_ADC_DMA\Core\Inc\stm32f1xx_hal_conf.h_save
2025-10-04 16:53:42,221 [INFO] CodeEngine:343 - Generated code: C:\GIT\GIT_AULAS_FATEC\Exemplos_Codigo_STM32\BP_LER_ADC_DMA\Core\Inc\stm32f1xx_hal_conf.h
2025-10-04 16:53:42,257 [INFO] ApiDbMcu:508 - Load IP Config File for USART1
2025-10-04 16:53:42,270 [INFO] CodeEngine:263 - oldGeneratedFile, C:\GIT\GIT_AULAS_FATEC\Exemplos_Codigo_STM32\BP_LER_ADC_DMA\Core\Inc\main.h_save
2025-10-04 16:53:42,387 [INFO] CodeEngine:287 - Generated code: C:\GIT\GIT_AULAS_FATEC\Exemplos_Codigo_STM32\BP_LER_ADC_DMA\Core\Inc\main.h
2025-10-04 16:53:42,400 [INFO] CodeEngine:263 - oldGeneratedFile, C:\GIT\GIT_AULAS_FATEC\Exemplos_Codigo_STM32\BP_LER_ADC_DMA\Core\Src\main.c_save
2025-10-04 16:53:42,543 [INFO] CodeEngine:287 - Generated code: C:\GIT\GIT_AULAS_FATEC\Exemplos_Codigo_STM32\BP_LER_ADC_DMA\Core\Src\main.c
2025-10-04 16:53:42,979 [INFO] ProjectBuilder:3324 - Time for Copy HAL[1] : 212mS.
2025-10-04 16:53:42,983 [INFO] ProjectBuilder:4912 - Project Generator version: 4.6.0.1-B1
2025-10-04 16:53:43,072 [INFO] ConfigFileManager:1590 - The Die is : DIE410
2025-10-04 16:53:44,455 [INFO] ProjectBuilder:5191 - Time for Generating toolchain IDE Files: 1472mS.
2025-10-04 16:53:44,457 [INFO] ProjectBuilder:3181 - Time for Copy CMSIS : 1mS.
2025-10-04 16:53:44,462 [INFO] ProjectBuilder:3181 - Time for Copy CMSIS : 0mS.
2025-10-04 17:40:45,343 [INFO] ADCParametersView:116 -                Rank 1 : false
2025-10-04 17:40:45,344 [INFO] ADCParametersView:116 -                Rank 2 : false
2025-10-04 17:40:45,344 [INFO] ADCParametersView:116 -                Rank 3 : false
2025-10-04 17:40:45,352 [INFO] ADCParametersView:116 -                Rank 1 : false
2025-10-04 17:40:45,352 [INFO] ADCParametersView:116 -                Rank 2 : false
2025-10-04 17:40:45,352 [INFO] ADCParametersView:116 -                Rank 3 : false
2025-10-04 17:40:45,352 [INFO] ADCParametersView:116 -                Rank 1 : false
2025-10-04 17:40:45,353 [INFO] ADCParametersView:116 -                Rank 2 : false
2025-10-04 17:40:45,353 [INFO] ADCParametersView:116 -                Rank 3 : false
2025-10-04 17:40:45,353 [INFO] ADCParametersView:116 -                Rank 1 : false
2025-10-04 17:40:45,353 [INFO] ADCParametersView:116 -                Rank 2 : false
2025-10-04 17:40:45,353 [INFO] ADCParametersView:116 -                Rank 3 : false
2025-10-04 17:40:45,354 [INFO] ADCParametersView:116 -                Rank 1 : false
2025-10-04 17:40:45,354 [INFO] ADCParametersView:116 -                Rank 2 : false
2025-10-04 17:40:45,354 [INFO] ADCParametersView:116 -                Rank 3 : false
2025-10-04 17:40:45,354 [INFO] ADCParametersView:116 -                Rank 1 : false
2025-10-04 17:40:45,355 [INFO] ADCParametersView:116 -                Rank 2 : false
2025-10-04 17:40:45,355 [INFO] ADCParametersView:116 -                Rank 3 : false
2025-10-04 17:40:45,356 [INFO] ADCParametersView:116 -                Rank 1 : false
2025-10-04 17:40:45,356 [INFO] ADCParametersView:116 -                Rank 2 : false
2025-10-04 17:40:45,356 [INFO] ADCParametersView:116 -                Rank 3 : false
2025-10-04 17:40:45,356 [INFO] ADCParametersView:116 -                Rank 1 : false
2025-10-04 17:40:45,356 [INFO] ADCParametersView:116 -                Rank 2 : false
2025-10-04 17:40:45,356 [INFO] ADCParametersView:116 -                Rank 3 : false
2025-10-04 17:40:45,358 [INFO] ADCParametersView:116 -                Rank 1 : false
2025-10-04 17:40:45,358 [INFO] ADCParametersView:116 -                Rank 2 : false
2025-10-04 17:40:45,358 [INFO] ADCParametersView:116 -                Rank 3 : false
2025-10-04 17:40:45,358 [INFO] ADCParametersView:116 -                Rank 1 : false
2025-10-04 17:40:45,359 [INFO] ADCParametersView:116 -                Rank 2 : false
2025-10-04 17:40:45,359 [INFO] ADCParametersView:116 -                Rank 3 : false
2025-10-04 17:40:45,359 [INFO] ADCParametersView:116 -                Rank 2 : false
2025-10-04 17:40:45,359 [INFO] ADCParametersView:116 -                Rank 3 : false
2025-10-04 17:40:45,360 [INFO] ADCParametersView:116 -                Rank 3 : false
2025-10-04 17:40:45,393 [INFO] ADCParametersView:116 -                Rank 1 : false
2025-10-04 17:40:45,394 [INFO] ADCParametersView:116 -                Rank 1 : false
2025-10-04 17:40:45,394 [INFO] ADCParametersView:116 -                Rank 2 : false
2025-10-04 17:40:45,395 [INFO] ADCParametersView:116 -                Rank 1 : false
2025-10-04 17:40:45,395 [INFO] ADCParametersView:116 -                Rank 2 : false
2025-10-04 17:40:45,395 [INFO] ADCParametersView:116 -                Rank 3 : false
2025-10-04 17:40:45,460 [INFO] ADCParametersView:116 -                Rank 1 : false
2025-10-04 17:40:45,461 [INFO] ADCParametersView:116 -                Rank 2 : false
2025-10-04 17:40:45,461 [INFO] ADCParametersView:116 -                Rank 3 : false
2025-10-04 17:40:45,466 [INFO] ADCParametersView:116 -                Rank 1 : false
2025-10-04 17:40:45,466 [INFO] ADCParametersView:116 -                Rank 2 : false
2025-10-04 17:40:45,467 [INFO] ADCParametersView:116 -                Rank 3 : false
2025-10-04 17:40:45,467 [INFO] ADCParametersView:116 -                Rank 1 : false
2025-10-04 17:40:45,467 [INFO] ADCParametersView:116 -                Rank 2 : false
2025-10-04 17:40:45,468 [INFO] ADCParametersView:116 -                Rank 3 : false
2025-10-04 17:40:45,468 [INFO] ADCParametersView:116 -                Rank 1 : false
2025-10-04 17:40:45,468 [INFO] ADCParametersView:116 -                Rank 2 : false
2025-10-04 17:40:45,468 [INFO] ADCParametersView:116 -                Rank 3 : false
2025-10-04 17:40:45,468 [INFO] ADCParametersView:116 -                Rank 1 : false
2025-10-04 17:40:45,469 [INFO] ADCParametersView:116 -                Rank 2 : false
2025-10-04 17:40:45,469 [INFO] ADCParametersView:116 -                Rank 3 : false
2025-10-04 17:40:45,469 [INFO] ADCParametersView:116 -                Rank 1 : false
2025-10-04 17:40:45,469 [INFO] ADCParametersView:116 -                Rank 2 : false
2025-10-04 17:40:45,469 [INFO] ADCParametersView:116 -                Rank 3 : false
2025-10-04 17:40:45,470 [INFO] ADCParametersView:116 -                Rank 1 : false
2025-10-04 17:40:45,470 [INFO] ADCParametersView:116 -                Rank 2 : false
2025-10-04 17:40:45,470 [INFO] ADCParametersView:116 -                Rank 3 : false
2025-10-04 17:40:45,470 [INFO] ADCParametersView:116 -                Rank 1 : false
2025-10-04 17:40:45,470 [INFO] ADCParametersView:116 -                Rank 2 : false
2025-10-04 17:40:45,470 [INFO] ADCParametersView:116 -                Rank 3 : false
2025-10-04 17:40:45,471 [INFO] ADCParametersView:116 -                Rank 1 : false
2025-10-04 17:40:45,471 [INFO] ADCParametersView:116 -                Rank 2 : false
2025-10-04 17:40:45,471 [INFO] ADCParametersView:116 -                Rank 3 : false
2025-10-04 17:40:45,472 [INFO] ADCParametersView:116 -                Rank 1 : false
2025-10-04 17:40:45,472 [INFO] ADCParametersView:116 -                Rank 2 : false
2025-10-04 17:40:45,473 [INFO] ADCParametersView:116 -                Rank 3 : false
2025-10-04 17:40:45,473 [INFO] ADCParametersView:116 -                Rank 2 : false
2025-10-04 17:40:45,473 [INFO] ADCParametersView:116 -                Rank 3 : false
2025-10-04 17:40:45,474 [INFO] ADCParametersView:116 -                Rank 3 : false
2025-10-04 17:40:45,487 [INFO] ADCParametersView:116 -                Rank 1 : false
2025-10-04 17:40:45,489 [INFO] ADCParametersView:116 -                Rank 1 : false
2025-10-04 17:40:45,489 [INFO] ADCParametersView:116 -                Rank 2 : false
2025-10-04 17:40:45,490 [INFO] ADCParametersView:116 -                Rank 1 : false
2025-10-04 17:40:45,490 [INFO] ADCParametersView:116 -                Rank 2 : false
2025-10-04 17:40:45,490 [INFO] ADCParametersView:116 -                Rank 3 : false
2025-10-04 17:40:51,797 [INFO] NvicIntPanel:101 - NVIC parent = com.st.microxplorer.plugins.ip.nvic.MultiNvicIntPanel[,0,0,0x0,invalid,layout=javax.swing.BoxLayout,alignmentX=0.0,alignmentY=0.0,border=,flags=9,maximumSize=,minimumSize=,preferredSize=]
2025-10-04 17:40:51,866 [INFO] ADCParametersView:116 -                Rank 1 : false
2025-10-04 17:40:51,866 [INFO] ADCParametersView:116 -                Rank 2 : false
2025-10-04 17:40:51,867 [INFO] ADCParametersView:116 -                Rank 3 : false
2025-10-04 17:40:51,873 [INFO] ADCParametersView:116 -                Rank 1 : false
2025-10-04 17:40:51,873 [INFO] ADCParametersView:116 -                Rank 2 : false
2025-10-04 17:40:51,873 [INFO] ADCParametersView:116 -                Rank 3 : false
2025-10-04 17:40:51,874 [INFO] ADCParametersView:116 -                Rank 1 : false
2025-10-04 17:40:51,874 [INFO] ADCParametersView:116 -                Rank 2 : false
2025-10-04 17:40:51,874 [INFO] ADCParametersView:116 -                Rank 3 : false
2025-10-04 17:40:51,874 [INFO] ADCParametersView:116 -                Rank 1 : false
2025-10-04 17:40:51,874 [INFO] ADCParametersView:116 -                Rank 2 : false
2025-10-04 17:40:51,874 [INFO] ADCParametersView:116 -                Rank 3 : false
2025-10-04 17:40:51,875 [INFO] ADCParametersView:116 -                Rank 1 : false
2025-10-04 17:40:51,875 [INFO] ADCParametersView:116 -                Rank 2 : false
2025-10-04 17:40:51,875 [INFO] ADCParametersView:116 -                Rank 3 : false
2025-10-04 17:40:51,875 [INFO] ADCParametersView:116 -                Rank 1 : false
2025-10-04 17:40:51,875 [INFO] ADCParametersView:116 -                Rank 2 : false
2025-10-04 17:40:51,875 [INFO] ADCParametersView:116 -                Rank 3 : false
2025-10-04 17:40:51,875 [INFO] ADCParametersView:116 -                Rank 1 : false
2025-10-04 17:40:51,876 [INFO] ADCParametersView:116 -                Rank 2 : false
2025-10-04 17:40:51,876 [INFO] ADCParametersView:116 -                Rank 3 : false
2025-10-04 17:40:51,876 [INFO] ADCParametersView:116 -                Rank 1 : false
2025-10-04 17:40:51,876 [INFO] ADCParametersView:116 -                Rank 2 : false
2025-10-04 17:40:51,876 [INFO] ADCParametersView:116 -                Rank 3 : false
2025-10-04 17:40:51,876 [INFO] ADCParametersView:116 -                Rank 1 : false
2025-10-04 17:40:51,876 [INFO] ADCParametersView:116 -                Rank 2 : false
2025-10-04 17:40:51,876 [INFO] ADCParametersView:116 -                Rank 3 : false
2025-10-04 17:40:51,877 [INFO] ADCParametersView:116 -                Rank 1 : false
2025-10-04 17:40:51,877 [INFO] ADCParametersView:116 -                Rank 2 : false
2025-10-04 17:40:51,877 [INFO] ADCParametersView:116 -                Rank 3 : false
2025-10-04 17:40:51,877 [INFO] ADCParametersView:116 -                Rank 2 : false
2025-10-04 17:40:51,877 [INFO] ADCParametersView:116 -                Rank 3 : false
2025-10-04 17:40:51,877 [INFO] ADCParametersView:116 -                Rank 3 : false
2025-10-04 17:40:51,891 [INFO] ADCParametersView:116 -                Rank 1 : false
2025-10-04 17:40:51,891 [INFO] ADCParametersView:116 -                Rank 1 : false
2025-10-04 17:40:51,892 [INFO] ADCParametersView:116 -                Rank 2 : false
2025-10-04 17:40:51,892 [INFO] ADCParametersView:116 -                Rank 1 : false
2025-10-04 17:40:51,892 [INFO] ADCParametersView:116 -                Rank 2 : false
2025-10-04 17:40:51,893 [INFO] ADCParametersView:116 -                Rank 3 : false
2025-10-04 17:42:27,833 [INFO] UtilMem:75 - End SaveConfig() Used Memory: 831103096 Bytes (1073741824)
