2025-11-09 15:57:31,227 [INFO] Activator:176 - 


2025-11-09 15:57:31,234 [INFO] Activator:177 - !SESSION log4j initialized
2025-11-09 15:57:37,749 [INFO] LogOutputStream:77 - [STDOUT_REDIRECT] 
2025-11-09 15:57:39,396 [INFO] ApplicationProperties:184 - Using Application install path: C:\ST\STM32CubeIDE_1.18.0\STM32CubeIDE\plugins\com.st.stm32cube.common.mx_6.14.1.202504091515
2025-11-09 15:57:39,419 [INFO] DbMcusXml:78 - Set database path to: C:\ST\STM32CubeIDE_1.18.0\STM32CubeIDE\plugins\com.st.stm32cube.common.mx_6.14.1.202504091515\\db\/mcu/
2025-11-09 15:57:39,420 [INFO] ApiDb:274 - Set plugin database path to: C:\ST\STM32CubeIDE_1.18.0\STM32CubeIDE\plugins\com.st.stm32cube.common.mx_6.14.1.202504091515\\db\/plugins/boardmanager/
2025-11-09 15:57:39,420 [WARN] ApiDb:259 - Overriding images path with different value:  => C:\ST\STM32CubeIDE_1.18.0\STM32CubeIDE\plugins\com.st.stm32cube.common.mx_6.14.1.202504091515\\db\/plugins/mcufinder/images/
2025-11-09 15:57:39,435 [INFO] ApiDb:250 - Set database path to: C:\Users\User\.stmcufinder\plugins\mcufinder//mcu/
2025-11-09 15:57:39,436 [INFO] DbMcusAds:125 - Set database path to: C:\Users\User\.stmcufinder\plugins\mcufinder//mcu/
2025-11-09 15:57:39,440 [INFO] CrossReferenceDbSqlite:203 - Set database path to: C:\Users\User\.stmcufinder\plugins\mcufinder//mcu/cs/
2025-11-09 15:57:39,580 [INFO] RulesReader:64 - Compatibility file has been processed (302 Rules)
2025-11-09 15:57:39,680 [INFO] DbMcusXml:78 - Set database path to: C:\ST\STM32CubeIDE_1.18.0\STM32CubeIDE\plugins\com.st.stm32cube.common.mx_6.14.1.202504091515\\db\/mcu/
2025-11-09 15:57:39,680 [INFO] ApiDb:274 - Set plugin database path to: C:\ST\STM32CubeIDE_1.18.0\STM32CubeIDE\plugins\com.st.stm32cube.common.mx_6.14.1.202504091515\\db\/plugins/boardmanager/
2025-11-09 15:57:39,680 [INFO] ApiDb:261 - Set plugin images path to: C:\ST\STM32CubeIDE_1.18.0\STM32CubeIDE\plugins\com.st.stm32cube.common.mx_6.14.1.202504091515\\db\/plugins/mcufinder/images/
2025-11-09 15:57:39,682 [WARN] DbFile:41 - Overriding database path with different value: C:\Users\User\.stmcufinder\plugins\mcufinder/ => C:\Users\User\.stmcufinder\plugins\mcufinder
2025-11-09 15:57:39,682 [INFO] ApiDb:250 - Set database path to: C:\Users\User\.stmcufinder\plugins\mcufinder//mcu/
2025-11-09 15:57:39,682 [WARN] DbFile:41 - Overriding database path with different value: C:\Users\User\.stmcufinder\plugins\mcufinder/ => C:\Users\User\.stmcufinder\plugins\mcufinder
2025-11-09 15:57:39,682 [INFO] DbMcusAds:125 - Set database path to: C:\Users\User\.stmcufinder\plugins\mcufinder//mcu/
2025-11-09 15:57:39,682 [WARN] DbFile:41 - Overriding database path with different value: C:\Users\User\.stmcufinder\plugins\mcufinder/ => C:\Users\User\.stmcufinder\plugins\mcufinder
2025-11-09 15:57:39,682 [WARN] DbFile:41 - Overriding database path with different value: C:\Users\User\.stmcufinder\plugins\mcufinder/ => C:\Users\User\.stmcufinder\plugins\mcufinder
2025-11-09 15:57:39,682 [INFO] CrossReferenceDbSqlite:203 - Set database path to: C:\Users\User\.stmcufinder\plugins\mcufinder//mcu/cs/
2025-11-09 15:57:39,781 [INFO] MainPanel:272 - HeapMemory: 268435456
2025-11-09 15:57:39,990 [INFO] DbMcusXml:78 - Set database path to: C:\ST\STM32CubeIDE_1.18.0\STM32CubeIDE\plugins\com.st.stm32cube.common.mx_6.14.1.202504091515\\db\/mcu/
2025-11-09 15:57:39,990 [INFO] ApiDb:274 - Set plugin database path to: C:\ST\STM32CubeIDE_1.18.0\STM32CubeIDE\plugins\com.st.stm32cube.common.mx_6.14.1.202504091515\\db\/plugins/boardmanager/
2025-11-09 15:57:39,990 [INFO] ApiDb:261 - Set plugin images path to: C:\ST\STM32CubeIDE_1.18.0\STM32CubeIDE\plugins\com.st.stm32cube.common.mx_6.14.1.202504091515\\db\/plugins/mcufinder/images/
2025-11-09 15:57:39,991 [WARN] DbFile:41 - Overriding database path with different value: C:\Users\User\.stmcufinder\plugins\mcufinder/ => C:\Users\User\.stmcufinder\plugins\mcufinder
2025-11-09 15:57:39,991 [INFO] ApiDb:250 - Set database path to: C:\Users\User\.stmcufinder\plugins\mcufinder//mcu/
2025-11-09 15:57:39,991 [WARN] DbFile:41 - Overriding database path with different value: C:\Users\User\.stmcufinder\plugins\mcufinder/ => C:\Users\User\.stmcufinder\plugins\mcufinder
2025-11-09 15:57:39,991 [INFO] DbMcusAds:125 - Set database path to: C:\Users\User\.stmcufinder\plugins\mcufinder//mcu/
2025-11-09 15:57:39,991 [WARN] DbFile:41 - Overriding database path with different value: C:\Users\User\.stmcufinder\plugins\mcufinder/ => C:\Users\User\.stmcufinder\plugins\mcufinder
2025-11-09 15:57:39,991 [WARN] DbFile:41 - Overriding database path with different value: C:\Users\User\.stmcufinder\plugins\mcufinder/ => C:\Users\User\.stmcufinder\plugins\mcufinder
2025-11-09 15:57:39,991 [INFO] CrossReferenceDbSqlite:203 - Set database path to: C:\Users\User\.stmcufinder\plugins\mcufinder//mcu/cs/
2025-11-09 15:57:40,014 [INFO] ApplicationProperties:184 - Using Application install path: C:\ST\STM32CubeIDE_1.18.0\STM32CubeIDE\plugins\com.st.stm32cube.common.mx_6.14.1.202504091515
2025-11-09 15:57:40,016 [INFO] PluginManage:196 - Search for loadable plugins [exclusion list=, ]
2025-11-09 15:57:40,019 [INFO] PluginManage:310 - Check plugin analytics
2025-11-09 15:57:40,279 [INFO] AnalyticsPlugin:253 - Accepted Software Licenses: 
2025-11-09 15:57:40,279 [INFO] AnalyticsPlugin:255 - Accepted CMSIS Pack Licenses: 
2025-11-09 15:57:40,280 [INFO] AnalyticsPlugin:257 - Accepted Firmware Licenses: FW.C0.1.1.0
2025-11-09 15:57:40,283 [INFO] PluginManage:359 - Loaded plugin analytics (category:tool,tabindex:-1)
2025-11-09 15:57:40,284 [INFO] PluginManage:310 - Check plugin cadmodel
2025-11-09 15:57:40,291 [INFO] CADModel:105 - Init CAD model plugin
2025-11-09 15:57:40,291 [INFO] PluginManage:359 - Loaded plugin cadmodel (category:power,tabindex:5)
2025-11-09 15:57:40,292 [INFO] PluginManage:310 - Check plugin clock
2025-11-09 15:57:40,304 [INFO] PluginManage:359 - Loaded plugin clock (category:base,tabindex:2)
2025-11-09 15:57:40,304 [INFO] PluginManage:310 - Check plugin ddr
2025-11-09 15:57:40,307 [INFO] PluginManage:359 - Loaded plugin ddr (category:tool,tabindex:6)
2025-11-09 15:57:40,307 [INFO] PluginManage:310 - Check plugin filemanager
2025-11-09 15:57:40,483 [INFO] PluginManage:359 - Loaded plugin filemanager (category:base,tabindex:10)
2025-11-09 15:57:40,483 [INFO] PluginManage:310 - Check plugin ipmanager
2025-11-09 15:57:40,491 [INFO] PluginManage:359 - Loaded plugin ipmanager (category:base,tabindex:5)
2025-11-09 15:57:40,491 [INFO] PluginManage:310 - Check plugin lpbam
2025-11-09 15:57:40,501 [INFO] PluginManage:359 - Loaded plugin lpbam (category:base,tabindex:0)
2025-11-09 15:57:40,502 [INFO] PluginManage:310 - Check plugin memorymap
2025-11-09 15:57:40,526 [INFO] PluginManage:359 - Loaded plugin memorymap (category:base,tabindex:4)
2025-11-09 15:57:40,526 [INFO] PluginManage:310 - Check plugin pinoutandconfiguration
2025-11-09 15:57:40,537 [INFO] PluginManage:359 - Loaded plugin pinoutandconfiguration (category:base,tabindex:1)
2025-11-09 15:57:40,537 [INFO] PluginManage:310 - Check plugin pinoutconfig
2025-11-09 15:57:40,651 [WARN] SupportedApi:132 - Cannot load RTOS API schema: s4s-elt-must-match.1: The content of 'definitions' must match (annotation?, (simpleType | complexType)?, (unique | key | keyref)*)). A problem was found starting at: attribute.
2025-11-09 15:57:40,832 [INFO] PluginManage:359 - Loaded plugin pinoutconfig (category:base,tabindex:0)
2025-11-09 15:57:40,832 [INFO] PluginManage:310 - Check plugin power
2025-11-09 15:57:40,846 [INFO] PluginManage:359 - Loaded plugin power (category:power,tabindex:4)
2025-11-09 15:57:40,846 [INFO] PluginManage:310 - Check plugin projectmanager
2025-11-09 15:57:40,870 [INFO] PluginManage:359 - Loaded plugin projectmanager (category:projectmanager,tabindex:4)
2025-11-09 15:57:40,871 [INFO] PluginManage:310 - Check plugin rif
2025-11-09 15:57:40,881 [INFO] PluginManage:359 - Loaded plugin rif (category:base,tabindex:3)
2025-11-09 15:57:40,881 [INFO] PluginManage:310 - Check plugin thirdparty
2025-11-09 15:57:41,078 [WARN] IntegrityCheckThread:84 - waiting for thirdparty lock release [integrity check]
2025-11-09 15:57:41,079 [INFO] PluginManage:359 - Loaded plugin thirdparty (category:base,tabindex:-1)
2025-11-09 15:57:41,079 [INFO] IntegrityCheckThread:86 - entering critical section [integrity check]
2025-11-09 15:57:41,079 [INFO] PluginManage:310 - Check plugin tools
2025-11-09 15:57:41,080 [INFO] ThirdPartyUpdaterWithRetryManager:70 - Updater plugin not ready yet. [1/15]
2025-11-09 15:57:41,083 [INFO] PluginManage:359 - Loaded plugin tools (category:base,tabindex:7)
2025-11-09 15:57:41,084 [INFO] PluginManage:310 - Check plugin tutovideos
2025-11-09 15:57:41,309 [INFO] PluginManage:359 - Loaded plugin tutovideos (category:base,tabindex:-1)
2025-11-09 15:57:41,309 [INFO] PluginManage:310 - Check plugin updater
2025-11-09 15:57:41,335 [INFO] PluginManage:359 - Loaded plugin updater (category:base,tabindex:12)
2025-11-09 15:57:41,335 [INFO] PluginManage:310 - Check plugin userauth
2025-11-09 15:57:41,341 [INFO] UserAuth:118 - Init User Auth plugin
2025-11-09 15:57:41,342 [INFO] PluginManage:359 - Loaded plugin userauth (category:base,tabindex:14)
2025-11-09 15:57:41,344 [INFO] PluginManage:283 - PluginManage : Loaded plugins [18]
2025-11-09 15:57:42,010 [INFO] PinOutPanel:1589 - setPackage(No Configuration,No Configuration)
2025-11-09 15:57:42,125 [INFO] CADModel:165 - CPN selected for project level
2025-11-09 15:57:42,125 [INFO] CADModel:114 - Register for checkConnection events
2025-11-09 15:57:42,151 [INFO] IPUIPlugin:80 - create IPUIPlugin
2025-11-09 15:57:42,151 [INFO] PluginManager:220 - loadIPPluginJar : add adc
2025-11-09 15:57:42,155 [INFO] IPUIPlugin:80 - create IPUIPlugin
2025-11-09 15:57:42,155 [INFO] PluginManager:220 - loadIPPluginJar : add aes
2025-11-09 15:57:42,159 [INFO] IPUIPlugin:80 - create IPUIPlugin
2025-11-09 15:57:42,160 [INFO] PluginManager:220 - loadIPPluginJar : add can
2025-11-09 15:57:42,162 [INFO] IPUIPlugin:80 - create IPUIPlugin
2025-11-09 15:57:42,162 [INFO] PluginManager:220 - loadIPPluginJar : add comp
2025-11-09 15:57:42,166 [INFO] IPUIPlugin:80 - create IPUIPlugin
2025-11-09 15:57:42,166 [INFO] PluginManager:220 - loadIPPluginJar : add cryp
2025-11-09 15:57:42,171 [INFO] IPUIPlugin:80 - create IPUIPlugin
2025-11-09 15:57:42,171 [INFO] PluginManager:220 - loadIPPluginJar : add ddr_ctrl_phy
2025-11-09 15:57:42,174 [INFO] IPUIPlugin:80 - create IPUIPlugin
2025-11-09 15:57:42,174 [INFO] PluginManager:220 - loadIPPluginJar : add dfsdm
2025-11-09 15:57:42,180 [INFO] IPUIPlugin:80 - create IPUIPlugin
2025-11-09 15:57:42,182 [INFO] PluginManager:220 - loadIPPluginJar : add dma
2025-11-09 15:57:42,185 [INFO] IPUIPlugin:80 - create IPUIPlugin
2025-11-09 15:57:42,185 [INFO] PluginManager:220 - loadIPPluginJar : add dma3
2025-11-09 15:57:42,189 [INFO] IPUIPlugin:80 - create IPUIPlugin
2025-11-09 15:57:42,189 [INFO] PluginManager:220 - loadIPPluginJar : add extmemmanager
2025-11-09 15:57:42,191 [INFO] IPUIPlugin:80 - create IPUIPlugin
2025-11-09 15:57:42,192 [INFO] PluginManager:220 - loadIPPluginJar : add fatfs
2025-11-09 15:57:42,197 [INFO] IPUIPlugin:80 - create IPUIPlugin
2025-11-09 15:57:42,197 [INFO] PluginManager:220 - loadIPPluginJar : add fmc
2025-11-09 15:57:42,205 [INFO] IPUIPlugin:80 - create IPUIPlugin
2025-11-09 15:57:42,205 [INFO] PluginManager:220 - loadIPPluginJar : add freertos
2025-11-09 15:57:42,207 [INFO] IPUIPlugin:80 - create IPUIPlugin
2025-11-09 15:57:42,207 [INFO] PluginManager:220 - loadIPPluginJar : add genericplugin
2025-11-09 15:57:42,211 [INFO] IPUIPlugin:80 - create IPUIPlugin
2025-11-09 15:57:42,211 [INFO] PluginManager:220 - loadIPPluginJar : add gfxmmu
2025-11-09 15:57:42,216 [INFO] IPUIPlugin:80 - create IPUIPlugin
2025-11-09 15:57:42,217 [INFO] PluginManager:220 - loadIPPluginJar : add gic
2025-11-09 15:57:42,221 [INFO] IPUIPlugin:80 - create IPUIPlugin
2025-11-09 15:57:42,221 [INFO] PluginManager:220 - loadIPPluginJar : add gpio
2025-11-09 15:57:42,224 [INFO] IPUIPlugin:80 - create IPUIPlugin
2025-11-09 15:57:42,224 [INFO] PluginManager:220 - loadIPPluginJar : add gtzc
2025-11-09 15:57:42,229 [INFO] IPUIPlugin:80 - create IPUIPlugin
2025-11-09 15:57:42,229 [INFO] PluginManager:220 - loadIPPluginJar : add hash
2025-11-09 15:57:42,232 [INFO] IPUIPlugin:80 - create IPUIPlugin
2025-11-09 15:57:42,232 [INFO] PluginManager:220 - loadIPPluginJar : add i2c
2025-11-09 15:57:42,236 [INFO] IPUIPlugin:80 - create IPUIPlugin
2025-11-09 15:57:42,236 [INFO] PluginManager:220 - loadIPPluginJar : add i2s
2025-11-09 15:57:42,240 [INFO] IPUIPlugin:80 - create IPUIPlugin
2025-11-09 15:57:42,240 [INFO] PluginManager:220 - loadIPPluginJar : add i3c
2025-11-09 15:57:42,244 [INFO] IPUIPlugin:80 - create IPUIPlugin
2025-11-09 15:57:42,244 [INFO] PluginManager:220 - loadIPPluginJar : add ipddr
2025-11-09 15:57:42,251 [INFO] IPUIPlugin:80 - create IPUIPlugin
2025-11-09 15:57:42,251 [INFO] PluginManager:220 - loadIPPluginJar : add linkedlist
2025-11-09 15:57:42,256 [INFO] IPUIPlugin:80 - create IPUIPlugin
2025-11-09 15:57:42,256 [INFO] PluginManager:220 - loadIPPluginJar : add lorawan
2025-11-09 15:57:42,258 [INFO] IPUIPlugin:80 - create IPUIPlugin
2025-11-09 15:57:42,258 [INFO] PluginManager:220 - loadIPPluginJar : add ltdc
2025-11-09 15:57:42,269 [INFO] IPUIPlugin:80 - create IPUIPlugin
2025-11-09 15:57:42,269 [INFO] PluginManager:220 - loadIPPluginJar : add mdma
2025-11-09 15:57:42,274 [INFO] IPUIPlugin:80 - create IPUIPlugin
2025-11-09 15:57:42,274 [INFO] PluginManager:220 - loadIPPluginJar : add nvic
2025-11-09 15:57:42,279 [INFO] IPUIPlugin:80 - create IPUIPlugin
2025-11-09 15:57:42,279 [INFO] PluginManager:220 - loadIPPluginJar : add opamp
2025-11-09 15:57:42,284 [INFO] IPUIPlugin:80 - create IPUIPlugin
2025-11-09 15:57:42,284 [INFO] PluginManager:220 - loadIPPluginJar : add openamp
2025-11-09 15:57:42,290 [INFO] IPUIPlugin:80 - create IPUIPlugin
2025-11-09 15:57:42,291 [INFO] PluginManager:220 - loadIPPluginJar : add pdm2pcm
2025-11-09 15:57:42,298 [INFO] IPUIPlugin:80 - create IPUIPlugin
2025-11-09 15:57:42,303 [INFO] PluginManager:220 - loadIPPluginJar : add plateformsettings
2025-11-09 15:57:42,305 [INFO] IPUIPlugin:80 - create IPUIPlugin
2025-11-09 15:57:42,305 [INFO] PluginManager:220 - loadIPPluginJar : add quadspi
2025-11-09 15:57:42,308 [INFO] IPUIPlugin:80 - create IPUIPlugin
2025-11-09 15:57:42,310 [INFO] PluginManager:220 - loadIPPluginJar : add radio
2025-11-09 15:57:42,317 [INFO] IPUIPlugin:80 - create IPUIPlugin
2025-11-09 15:57:42,317 [INFO] PluginManager:220 - loadIPPluginJar : add resmgrutility
2025-11-09 15:57:42,322 [INFO] IPUIPlugin:80 - create IPUIPlugin
2025-11-09 15:57:42,322 [INFO] PluginManager:220 - loadIPPluginJar : add sai
2025-11-09 15:57:42,327 [INFO] IPUIPlugin:80 - create IPUIPlugin
2025-11-09 15:57:42,328 [INFO] PluginManager:220 - loadIPPluginJar : add spi
2025-11-09 15:57:42,335 [INFO] IPUIPlugin:80 - create IPUIPlugin
2025-11-09 15:57:42,335 [INFO] PluginManager:220 - loadIPPluginJar : add stm32_wpan
2025-11-09 15:57:42,338 [INFO] IPUIPlugin:80 - create IPUIPlugin
2025-11-09 15:57:42,339 [INFO] PluginManager:220 - loadIPPluginJar : add tim
2025-11-09 15:57:42,344 [INFO] IPUIPlugin:80 - create IPUIPlugin
2025-11-09 15:57:42,344 [INFO] PluginManager:220 - loadIPPluginJar : add touchsensing
2025-11-09 15:57:42,347 [INFO] IPUIPlugin:80 - create IPUIPlugin
2025-11-09 15:57:42,347 [INFO] PluginManager:220 - loadIPPluginJar : add tracer_emb
2025-11-09 15:57:42,351 [INFO] IPUIPlugin:80 - create IPUIPlugin
2025-11-09 15:57:42,351 [INFO] PluginManager:220 - loadIPPluginJar : add ts
2025-11-09 15:57:42,353 [INFO] IPUIPlugin:80 - create IPUIPlugin
2025-11-09 15:57:42,353 [INFO] PluginManager:220 - loadIPPluginJar : add tsc
2025-11-09 15:57:42,355 [INFO] IPUIPlugin:80 - create IPUIPlugin
2025-11-09 15:57:42,356 [INFO] PluginManager:220 - loadIPPluginJar : add ucpd
2025-11-09 15:57:42,361 [INFO] IPUIPlugin:80 - create IPUIPlugin
2025-11-09 15:57:42,361 [INFO] PluginManager:220 - loadIPPluginJar : add usart
2025-11-09 15:57:42,366 [INFO] IPUIPlugin:80 - create IPUIPlugin
2025-11-09 15:57:42,366 [INFO] PluginManager:220 - loadIPPluginJar : add usbx
2025-11-09 15:57:42,509 [FATAL] Updater:351 - Updater called before beeing initialized
2025-11-09 15:57:42,537 [INFO] RulesReader:64 - Compatibility file has been processed (302 Rules)
2025-11-09 15:57:42,548 [INFO] RulesReader:64 - Compatibility file has been processed (302 Rules)
2025-11-09 15:57:42,558 [INFO] CADModel:165 - CPN selected for project level
2025-11-09 15:57:42,558 [INFO] CADModel:114 - Register for checkConnection events
2025-11-09 15:57:42,558 [FATAL] Updater:351 - Updater called before beeing initialized
2025-11-09 15:57:42,558 [ERROR] CADModel:125 - Updater not yet initialized, retry later 
2025-11-09 15:57:42,746 [FATAL] Updater:351 - Updater called before beeing initialized
2025-11-09 15:57:42,748 [INFO] CADModel:165 - CPN selected for project level
2025-11-09 15:57:42,748 [INFO] CADModel:114 - Register for checkConnection events
2025-11-09 15:57:42,748 [FATAL] Updater:351 - Updater called before beeing initialized
2025-11-09 15:57:42,748 [ERROR] CADModel:125 - Updater not yet initialized, retry later 
2025-11-09 15:57:42,753 [FATAL] Updater:351 - Updater called before beeing initialized
2025-11-09 15:57:42,878 [FATAL] Updater:351 - Updater called before beeing initialized
2025-11-09 15:57:42,884 [INFO] DbMcusAds:53 - JSON generation date=Thu Oct 02 06:36:05 BRT 2025 (1759397765645)
2025-11-09 15:57:42,884 [FATAL] Updater:351 - Updater called before beeing initialized
2025-11-09 15:57:42,944 [WARN] DetailPanel:346 - Failed to get advertising image, set to default
2025-11-09 15:57:43,238 [FATAL] Updater:351 - Updater called before beeing initialized
2025-11-09 15:57:43,242 [FATAL] Updater:351 - Updater called before beeing initialized
2025-11-09 15:57:43,242 [FATAL] Updater:351 - Updater called before beeing initialized
2025-11-09 15:57:43,242 [WARN] DetailPanel:346 - Failed to get advertising image, set to default
2025-11-09 15:57:43,243 [FATAL] Updater:351 - Updater called before beeing initialized
2025-11-09 15:57:43,294 [ERROR] Updater:1198 - MainUpdater not yet initialized. External WinMGr cannot be set.
2025-11-09 15:57:43,297 [INFO] Updater:1134 - Updater Version found : 6.14.1
2025-11-09 15:57:43,318 [INFO] ApplicationProperties:184 - Using Application install path: C:\ST\STM32CubeIDE_1.18.0\STM32CubeIDE\plugins\com.st.stm32cube.common.mx_6.14.1.202504091515
2025-11-09 15:57:43,660 [INFO] MainUpdater:2872 - connection check result : 10
2025-11-09 15:57:43,661 [INFO] MainUpdater:289 - Updater Check For Update Now.
2025-11-09 15:57:43,661 [INFO] MicroXplorer:498 - Change Database Version : DB.6.0.141
2025-11-09 15:57:43,670 [INFO] McuFinderGlobals:63 - Set McuFinder mode to 2 (CubeIDE integrated)
2025-11-09 15:57:43,672 [INFO] UserAuth:484 - Internet connection configuration mode: 1
2025-11-09 15:57:43,704 [INFO] JxBrowserEngine:152 - Initiate JxBrowser Engine with user profile folder
2025-11-09 15:57:43,852 [INFO] CheckServerUpdateThread:120 - End of CheckServer Thread
2025-11-09 15:57:45,008 [WARN] PackLoader:240 - Cannot read IP mode file for STMicroelectronics.FP-SNS-MOTENVWB1.1.4.0
2025-11-09 15:57:45,024 [WARN] PackLoader:240 - Cannot read IP mode file for STMicroelectronics.FP-ATR-ASTRA1.2.0.2
2025-11-09 15:57:45,031 [WARN] PackLoader:240 - Cannot read IP mode file for STMicroelectronics.FP-ATR-ASTRA1.2.0.1
2025-11-09 15:57:45,042 [WARN] PackLoader:240 - Cannot read IP mode file for STMicroelectronics.X-CUBE-SMBUS.2.1.0
2025-11-09 15:57:45,058 [WARN] PackLoader:240 - Cannot read IP mode file for STMicroelectronics.X-CUBE-WB05N.1.1.0
2025-11-09 15:57:45,071 [WARN] PackLoader:240 - Cannot read IP mode file for STMicroelectronics.X-CUBE-ST60.1.0.0
2025-11-09 15:57:45,080 [WARN] PackLoader:240 - Cannot read IP mode file for STMicroelectronics.X-CUBE-TOUCHGFX.4.23.0
2025-11-09 15:57:45,085 [WARN] PackLoader:240 - Cannot read IP mode file for STMicroelectronics.X-CUBE-TOUCHGFX.4.23.2
2025-11-09 15:57:45,129 [WARN] PackLoader:240 - Cannot read IP mode file for STMicroelectronics.X-CUBE-AZRTOS-F7.1.1.0
2025-11-09 15:57:45,143 [WARN] PackLoader:240 - Cannot read IP mode file for STMicroelectronics.FP-SNS-MOTENV1.4.3.2
2025-11-09 15:57:45,241 [WARN] PackLoader:240 - Cannot read IP mode file for STMicroelectronics.X-CUBE-MEMS1.11.0.0
2025-11-09 15:57:45,306 [INFO] WebApp:169 - Instantiating new browser for Auth
2025-11-09 15:57:45,490 [ERROR] Engine:466 - C:\Users\User\.stm32cubemx\thirdparties\pdsc\STMicroelectronics.FP-SNS-MOTENV1.5.1.0.pdsc: PDSC version is not supported
2025-11-09 15:57:45,499 [WARN] PackLoader:240 - Cannot read IP mode file for STMicroelectronics.FP-SNS-FLIGHT1.5.0.2
2025-11-09 15:57:45,530 [WARN] PackLoader:240 - Cannot read IP mode file for STMicroelectronics.X-CUBE-AZRTOS-H7.3.4.0
2025-11-09 15:57:45,562 [WARN] PackLoader:240 - Cannot read IP mode file for STMicroelectronics.X-CUBE-DISPLAY.3.0.0
2025-11-09 15:57:45,588 [WARN] PackLoader:240 - Cannot read IP mode file for STMicroelectronics.X-CUBE-BLE1.7.0.0
2025-11-09 15:57:45,621 [WARN] PackLoader:240 - Cannot read IP mode file for STMicroelectronics.X-CUBE-NFC10.1.0.0
2025-11-09 15:57:45,641 [WARN] PackLoader:240 - Cannot read IP mode file for STMicroelectronics.X-CUBE-BLEMGR.4.0.0
2025-11-09 15:57:45,656 [WARN] PackLoader:240 - Cannot read IP mode file for STMicroelectronics.X-CUBE-ST60.1.1.0
2025-11-09 15:57:45,671 [WARN] PackLoader:240 - Cannot read IP mode file for emotas.I-CUBE-CANOPEN.1.3.0
2025-11-09 15:57:45,683 [WARN] PackLoader:240 - Cannot read IP mode file for STMicroelectronics.X-CUBE-GNSS1.7.1.0
2025-11-09 15:57:45,697 [WARN] PackLoader:240 - Cannot read IP mode file for STMicroelectronics.X-CUBE-BLEMGR.3.1.0
2025-11-09 15:57:45,729 [WARN] PackLoader:240 - Cannot read IP mode file for STMicroelectronics.X-CUBE-AI.10.0.0
2025-11-09 15:57:45,740 [ERROR] Engine:466 - C:\Users\User\.stm32cubemx\thirdparties\pdsc\STMicroelectronics.FP-SNS-STBOX1.2.1.0.pdsc: PDSC version is not supported
2025-11-09 15:57:45,747 [WARN] PackLoader:240 - Cannot read IP mode file for STMicroelectronics.FP-SNS-SMARTAG2.1.2.0
2025-11-09 15:57:45,757 [WARN] PackLoader:240 - Cannot read IP mode file for STMicroelectronics.FP-SNS-FLIGHT1.5.1.0
2025-11-09 15:57:45,828 [WARN] PackLoader:240 - Cannot read IP mode file for STMicroelectronics.X-CUBE-MEMS1.11.1.0
2025-11-09 15:57:45,983 [INFO] LogOutputStream:77 - [STDOUT_REDIRECT] 1 : Invalid condition id : UX_CORESTACK_Condition cause : null
2025-11-09 15:57:45,984 [INFO] LogOutputStream:77 - [STDOUT_REDIRECT] 1 : Invalid condition id : UX_CORESTACK_Condition cause : null
2025-11-09 15:57:45,985 [INFO] LogOutputStream:77 - [STDOUT_REDIRECT] 1 : Invalid condition id : UX_CORESTACK_Condition cause : null
2025-11-09 15:57:45,986 [INFO] LogOutputStream:77 - [STDOUT_REDIRECT] 1 : Invalid condition id : UX_CORESTACK_Condition cause : null
2025-11-09 15:57:45,989 [INFO] LogOutputStream:77 - [STDOUT_REDIRECT] 1 : Invalid condition id : UX_CORESTACK_Condition cause : null
2025-11-09 15:57:45,993 [WARN] PackLoader:240 - Cannot read IP mode file for STMicroelectronics.X-CUBE-AZRTOS-WL.2.0.0
2025-11-09 15:57:45,999 [WARN] PackLoader:240 - Cannot read IP mode file for STMicroelectronics.FP-SNS-MOTENV1.5.0.0
2025-11-09 15:57:46,007 [WARN] PackLoader:240 - Cannot read IP mode file for wolfSSL.I-CUBE-wolfMQTT.1.19.0
2025-11-09 15:57:46,016 [WARN] PackLoader:240 - Cannot read IP mode file for WES.I-CUBE-Cesium.1.3.0
2025-11-09 15:57:46,023 [WARN] PackLoader:240 - Cannot read IP mode file for STMicroelectronics.X-CUBE-BLE2.3.3.0
2025-11-09 15:57:46,031 [WARN] PackLoader:240 - Cannot read IP mode file for STMicroelectronics.X-CUBE-NFC9.1.0.0
2025-11-09 15:57:46,037 [WARN] PackLoader:240 - Cannot read IP mode file for STMicroelectronics.X-CUBE-BLE1.7.1.0
2025-11-09 15:57:46,045 [WARN] PackLoader:240 - Cannot read IP mode file for STMicroelectronics.X-CUBE-TCPP.4.1.0
2025-11-09 15:57:46,055 [WARN] PackLoader:240 - Cannot read IP mode file for STMicroelectronics.X-CUBE-EEPRMA1.5.2.0
2025-11-09 15:57:46,059 [ERROR] Engine:466 - C:\Users\User\.stm32cubemx\thirdparties\pdsc\STMicroelectronics.X-CUBE-ST67W61.1.1.0.pdsc: PDSC version is not supported
2025-11-09 15:57:46,062 [WARN] PackLoader:240 - Cannot read IP mode file for STMicroelectronics.X-CUBE-AI.10.1.0
2025-11-09 15:57:46,068 [WARN] PackLoader:240 - Cannot read IP mode file for STMicroelectronics.X-CUBE-ALGOBUILD.1.3.0
2025-11-09 15:57:46,115 [WARN] PackLoader:240 - Cannot read IP mode file for STMicroelectronics.X-CUBE-MEMS1.11.2.0
2025-11-09 15:57:46,297 [WARN] PackLoader:240 - Cannot read IP mode file for STMicroelectronics.X-CUBE-AZRTOS-G0.1.1.0
2025-11-09 15:57:46,310 [WARN] PackLoader:240 - Cannot read IP mode file for STMicroelectronics.X-CUBE-SAFEA1.1.2.2
2025-11-09 15:57:46,320 [WARN] PackLoader:240 - Cannot read IP mode file for STMicroelectronics.X-CUBE-NFC4.3.0.0
2025-11-09 15:57:46,338 [WARN] PackLoader:240 - Cannot read IP mode file for EmbeddedOffice.I-CUBE-FS-RTOS.1.0.1
2025-11-09 15:57:46,346 [WARN] PackLoader:240 - Cannot read IP mode file for STMicroelectronics.X-CUBE-WB05N.2.0.0
2025-11-09 15:57:46,358 [WARN] PackLoader:240 - Cannot read IP mode file for STMicroelectronics.X-CUBE-BLEMGR.3.0.0
2025-11-09 15:57:46,366 [WARN] PackLoader:240 - Cannot read IP mode file for STMicroelectronics.X-CUBE-TCPP.4.2.0
2025-11-09 15:57:46,376 [WARN] PackLoader:240 - Cannot read IP mode file for RealThread.X-CUBE-RT-Thread_Nano.4.1.1
2025-11-09 15:57:46,382 [WARN] PackLoader:240 - Cannot read IP mode file for wolfSSL.I-CUBE-wolfSSL.5.7.0
2025-11-09 15:57:46,387 [WARN] PackLoader:240 - Cannot read IP mode file for STMicroelectronics.FP-ATR-SIGFOX1.3.2.0
2025-11-09 15:57:46,393 [WARN] ConditionMgr:438 - getConditionDescription Invalid condition id : Cortex-A Device cause : null
2025-11-09 15:57:46,408 [WARN] ConditionMgr:1044 - genDependencies : Invalid condition id : Cortex-A Device cause : null
2025-11-09 15:57:46,408 [WARN] ConditionMgr:1044 - genDependencies : Invalid condition id : Cortex-A Device cause : null
2025-11-09 15:57:46,408 [WARN] ConditionMgr:1044 - genDependencies : Invalid condition id : Cortex-A Device cause : null
2025-11-09 15:57:46,420 [WARN] PackLoader:240 - Cannot read IP mode file for STMicroelectronics.X-CUBE-EEPRMA1.5.1.0
2025-11-09 15:57:46,442 [WARN] PackLoader:240 - Cannot read IP mode file for ITTIA_DB.I-CUBE-ITTIADB.8.9.0
2025-11-09 15:57:46,454 [WARN] PackLoader:240 - Cannot read IP mode file for STMicroelectronics.X-CUBE-ST67W61.1.0.0
2025-11-09 15:57:46,461 [WARN] PackLoader:240 - Cannot read IP mode file for STMicroelectronics.X-CUBE-AI.10.2.0
2025-11-09 15:57:46,505 [WARN] PackLoader:240 - Cannot read IP mode file for SEGGER.I-CUBE-embOS.1.3.1
2025-11-09 15:57:46,546 [WARN] PackLoader:240 - Cannot read IP mode file for STMicroelectronics.X-CUBE-ALGOBUILD.1.4.0
2025-11-09 15:57:46,626 [WARN] PackLoader:240 - Cannot read IP mode file for STMicroelectronics.X-CUBE-MEMS1.11.3.0
2025-11-09 15:57:46,846 [WARN] PackLoader:240 - Cannot read IP mode file for STMicroelectronics.X-CUBE-AI.9.1.0
2025-11-09 15:57:46,852 [WARN] PackLoader:240 - Cannot read IP mode file for STMicroelectronics.X-CUBE-PM33A1.1.0.0
2025-11-09 15:57:46,858 [WARN] PackLoader:240 - Cannot read IP mode file for STMicroelectronics.X-CUBE-GNSS1.6.0.0
2025-11-09 15:57:46,875 [WARN] PackLoader:240 - Cannot read IP mode file for STMicroelectronics.X-CUBE-AZRTOS-F4.1.1.0
2025-11-09 15:57:46,885 [WARN] PackLoader:240 - Cannot read IP mode file for Avnet-IotConnect.X-CUBE-IoTC-DA16k-PMOD.1.0.0
2025-11-09 15:57:46,899 [WARN] PackLoader:240 - Cannot read IP mode file for STMicroelectronics.X-CUBE-ISPU.2.1.0
2025-11-09 15:57:46,907 [ERROR] Engine:466 - C:\Users\User\.stm32cubemx\thirdparties\pdsc\STMicroelectronics.X-CUBE-IPS.3.2.0.pdsc: PDSC version is not supported
2025-11-09 15:57:46,918 [WARN] PackLoader:240 - Cannot read IP mode file for STMicroelectronics.X-CUBE-FREERTOS.1.2.0
2025-11-09 15:57:46,930 [WARN] PackLoader:240 - Cannot read IP mode file for STMicroelectronics.X-CUBE-NFC12.1.0.0
2025-11-09 15:57:46,960 [WARN] PackLoader:240 - Cannot read IP mode file for STMicroelectronics.X-CUBE-AZRTOS-L5.2.0.0
2025-11-09 15:57:46,971 [WARN] PackLoader:240 - Cannot read IP mode file for STMicroelectronics.X-CUBE-EEPRMA1.4.2.0
2025-11-09 15:57:46,999 [WARN] PackLoader:240 - Cannot read IP mode file for STMicroelectronics.X-CUBE-NFC6.3.1.0
2025-11-09 15:57:47,011 [WARN] PackLoader:240 - Cannot read IP mode file for STMicroelectronics.X-CUBE-DPower.1.2.0
2025-11-09 15:57:47,020 [WARN] PackLoader:240 - Cannot read IP mode file for STMicroelectronics.X-CUBE-AI.9.0.0
2025-11-09 15:57:47,030 [WARN] PackLoader:240 - Cannot read IP mode file for STMicroelectronics.X-CUBE-FREERTOS.1.3.1
2025-11-09 15:57:47,038 [WARN] PackLoader:240 - Cannot read IP mode file for STMicroelectronics.X-CUBE-FREERTOS.1.3.0
2025-11-09 15:57:47,042 [INFO] WebApp:463 - Apply proxy settings
2025-11-09 15:57:47,043 [INFO] WebApp:548 - Chromium requires no authentication
2025-11-09 15:57:47,049 [WARN] PackLoader:240 - Cannot read IP mode file for STMicroelectronics.X-CUBE-NFC7.1.0.1
2025-11-09 15:57:47,054 [WARN] PackLoader:240 - Cannot read IP mode file for STMicroelectronics.X-CUBE-TOUCHGFX.4.26.0
2025-11-09 15:57:47,061 [INFO] WebApp:491 - Direct internet connection detected
2025-11-09 15:57:47,064 [WARN] PackLoader:240 - Cannot read IP mode file for STMicroelectronics.X-CUBE-NFC6.3.0.0
2025-11-09 15:57:47,074 [WARN] PackLoader:240 - Cannot read IP mode file for STMicroelectronics.X-CUBE-DPower.1.3.0
2025-11-09 15:57:47,081 [WARN] PackLoader:240 - Cannot read IP mode file for STMicroelectronics.X-CUBE-AI.8.1.0
2025-11-09 15:57:47,103 [WARN] ConditionMgr:438 - getConditionDescription Invalid condition id : LAN8742 Phy interface Condition cause : null
2025-11-09 15:57:47,104 [WARN] PackLoader:240 - Cannot read IP mode file for STMicroelectronics.X-CUBE-AZRTOS-L4.2.0.0
2025-11-09 15:57:47,106 [WARN] ConditionMgr:1044 - genDependencies : Invalid condition id : LAN8742 Phy interface Condition cause : null
2025-11-09 15:57:47,107 [WARN] ConditionMgr:1044 - genDependencies : Invalid condition id : LAN8742 Phy interface Condition cause : null
2025-11-09 15:57:47,108 [WARN] ConditionMgr:1044 - genDependencies : Invalid condition id : LAN8742 Phy interface Condition cause : null
2025-11-09 15:57:47,110 [INFO] WebApp:894 - Register for checkConnection events
2025-11-09 15:57:47,110 [INFO] WebApp:463 - Apply proxy settings
2025-11-09 15:57:47,110 [INFO] WebApp:548 - Chromium requires no authentication
2025-11-09 15:57:47,111 [INFO] WebApp:491 - Direct internet connection detected
2025-11-09 15:57:47,115 [WARN] PackLoader:240 - Cannot read IP mode file for STMicroelectronics.X-CUBE-SFXS2LP1.4.0.0
2025-11-09 15:57:47,136 [WARN] PackLoader:240 - Cannot read IP mode file for STMicroelectronics.X-CUBE-AZRTOS-H7.3.3.0
2025-11-09 15:57:47,149 [WARN] PackLoader:240 - Cannot read IP mode file for STMicroelectronics.X-CUBE-BLEMGR.4.1.0
2025-11-09 15:57:47,169 [WARN] PackLoader:240 - Cannot read IP mode file for STMicroelectronics.X-CUBE-IPS.3.0.0
2025-11-09 15:57:47,191 [WARN] ConditionMgr:438 - getConditionDescription Invalid condition id : UX DEVICE CLASS RTOS Condition cause : null
2025-11-09 15:57:47,192 [WARN] ConditionMgr:438 - getConditionDescription Invalid condition id : UX DEVICE CLASS RTOS Condition cause : null
2025-11-09 15:57:47,195 [WARN] PackLoader:240 - Cannot read IP mode file for STMicroelectronics.X-CUBE-AZRTOS-WB.2.0.0
2025-11-09 15:57:47,196 [WARN] ConditionMgr:1044 - genDependencies : Invalid condition id : UX DEVICE CLASS RTOS Condition cause : null
2025-11-09 15:57:47,196 [WARN] ConditionMgr:1044 - genDependencies : Invalid condition id : UX DEVICE CLASS RTOS Condition cause : null
2025-11-09 15:57:47,196 [WARN] ConditionMgr:1044 - genDependencies : Invalid condition id : UX DEVICE CLASS RTOS Condition cause : null
2025-11-09 15:57:47,197 [WARN] ConditionMgr:1044 - genDependencies : Invalid condition id : UX DEVICE CLASS RTOS Condition cause : null
2025-11-09 15:57:47,197 [WARN] ConditionMgr:1044 - genDependencies : Invalid condition id : UX DEVICE CLASS RTOS Condition cause : null
2025-11-09 15:57:47,204 [WARN] PackLoader:240 - Cannot read IP mode file for STMicroelectronics.X-CUBE-GNSS1.7.0.0
2025-11-09 15:57:47,212 [WARN] PackLoader:240 - Cannot read IP mode file for STMicroelectronics.X-CUBE-GNSS1.7.0.1
2025-11-09 15:57:47,219 [WARN] PackLoader:240 - Cannot read IP mode file for STMicroelectronics.X-CUBE-TOUCHGFX.4.25.0
2025-11-09 15:57:47,227 [WARN] PackLoader:240 - Cannot read IP mode file for STMicroelectronics.FP-SNS-STBOX1.2.0.0
2025-11-09 15:57:47,240 [WARN] PackLoader:240 - Cannot read IP mode file for STMicroelectronics.X-CUBE-SUBG2.5.0.0
2025-11-09 15:57:47,264 [WARN] PackLoader:240 - Cannot read IP mode file for STMicroelectronics.X-CUBE-AZRTOS-H7RS.1.1.0
2025-11-09 15:57:47,273 [WARN] PackLoader:240 - Cannot read IP mode file for Cesanta.I-CUBE-Mongoose.7.13.0
2025-11-09 15:57:47,287 [WARN] PackLoader:240 - Cannot read IP mode file for STMicroelectronics.X-CUBE-AZRTOS-G4.2.0.0
2025-11-09 15:57:47,294 [WARN] PackLoader:240 - Cannot read IP mode file for STMicroelectronics.X-CUBE-NFC7.2.0.0
2025-11-09 15:57:47,298 [WARN] PackLoader:240 - Cannot read IP mode file for STMicroelectronics.FP-SNS-MOTENVWB1.1.3.1
2025-11-09 15:57:47,305 [WARN] PackLoader:240 - Cannot read IP mode file for STMicroelectronics.X-CUBE-ISPU.2.0.0
2025-11-09 15:57:47,316 [WARN] PackLoader:240 - Cannot read IP mode file for STMicroelectronics.X-CUBE-IPS.3.1.0
2025-11-09 15:57:47,330 [WARN] PackLoader:240 - Cannot read IP mode file for STMicroelectronics.X-CUBE-ALS.1.0.2
2025-11-09 15:57:47,371 [WARN] PackLoader:240 - Cannot read IP mode file for STMicroelectronics.X-CUBE-MEMS1.10.0.0
2025-11-09 15:57:47,464 [INFO] WebApp:191 - Connection restablished
2025-11-09 15:57:47,527 [WARN] PackLoader:240 - Cannot read IP mode file for STMicroelectronics.X-CUBE-FREERTOS.1.1.0
2025-11-09 15:57:47,533 [WARN] PackLoader:240 - Cannot read IP mode file for STMicroelectronics.X-CUBE-TOUCHGFX.4.24.0
2025-11-09 15:57:47,536 [INFO] WebApp:225 - Starting web application
2025-11-09 15:57:47,536 [INFO] WebApp:593 - Web application path used C:\ST\STM32CubeIDE_1.18.0\STM32CubeIDE\plugins\com.st.stm32cube.common.mx_6.14.1.202504091515\db\plugins\mcufinder\reactClient1\index.html
2025-11-09 15:57:47,538 [WARN] PackLoader:240 - Cannot read IP mode file for STMicroelectronics.X-CUBE-TOUCHGFX.4.24.2
2025-11-09 15:57:47,546 [WARN] PackLoader:240 - Cannot read IP mode file for STMicroelectronics.X-CUBE-TOUCHGFX.4.24.1
2025-11-09 15:57:47,565 [WARN] PackLoader:240 - Cannot read IP mode file for STMicroelectronics.X-CUBE-STSE01.1.0.0
2025-11-09 15:57:47,579 [WARN] PackLoader:240 - Cannot read IP mode file for wolfSSL.I-CUBE-wolfTPM.3.4.0
2025-11-09 15:57:47,590 [WARN] PackLoader:240 - Cannot read IP mode file for portGmbH.I-Cube-SoM-uGOAL.1.1.0
2025-11-09 15:57:47,599 [WARN] PackLoader:240 - Cannot read IP mode file for STMicroelectronics.X-CUBE-ALS.1.0.1
2025-11-09 15:57:47,713 [WARN] PackLoader:240 - Cannot read IP mode file for STMicroelectronics.X-CUBE-AZRTOS-H7RS.1.0.0
2025-11-09 15:57:47,739 [WARN] PackLoader:240 - Cannot read IP mode file for STMicroelectronics.FP-ATR-ASTRA1.2.0.0
2025-11-09 15:57:47,770 [WARN] PackLoader:240 - Cannot read IP mode file for STMicroelectronics.X-CUBE-TOF1.3.4.2
2025-11-09 15:57:47,811 [WARN] PackLoader:240 - Cannot read IP mode file for STMicroelectronics.X-CUBE-TOF1.3.4.3
2025-11-09 15:57:47,897 [WARN] PackLoader:240 - Cannot read IP mode file for STMicroelectronics.X-CUBE-TOF1.3.4.0
2025-11-09 15:57:47,947 [WARN] PackLoader:240 - Cannot read IP mode file for STMicroelectronics.X-CUBE-TOF1.3.4.1
2025-11-09 15:57:47,996 [WARN] PackLoader:240 - Cannot read IP mode file for STMicroelectronics.X-CUBE-AZRTOS-H7.3.2.0
2025-11-09 15:57:48,026 [WARN] PackLoader:240 - Cannot read IP mode file for Infineon.AIROC-Wi-Fi-Bluetooth-STM32.1.6.0
2025-11-09 15:57:48,038 [WARN] PackLoader:240 - Cannot read IP mode file for wolfSSL.I-CUBE-wolfSSH.1.4.17
2025-11-09 15:57:48,040 [INFO] ThirdParty:978 - Integrity check success = true
2025-11-09 15:57:48,041 [INFO] IntegrityCheckThread:100 - exiting critical section [integrity check]
2025-11-09 15:57:48,041 [INFO] IntegrityCheckThread:103 - End integrity checks thread
2025-11-09 15:57:48,125 [INFO] UserAuth:484 - Internet connection configuration mode: 1
2025-11-09 16:29:58,527 [ERROR] LogOutputStream:75 - [STDERR_REDIRECT] 
2025-11-09 16:40:01,639 [INFO] Activator:176 - 


2025-11-09 16:40:01,640 [INFO] Activator:177 - !SESSION log4j initialized
2025-11-09 16:40:07,601 [INFO] LogOutputStream:77 - [STDOUT_REDIRECT] 
2025-11-09 16:40:09,132 [INFO] ApplicationProperties:184 - Using Application install path: C:\ST\STM32CubeIDE_1.18.0\STM32CubeIDE\plugins\com.st.stm32cube.common.mx_6.14.1.202504091515
2025-11-09 16:40:09,148 [INFO] DbMcusXml:78 - Set database path to: C:\ST\STM32CubeIDE_1.18.0\STM32CubeIDE\plugins\com.st.stm32cube.common.mx_6.14.1.202504091515\\db\/mcu/
2025-11-09 16:40:09,149 [INFO] ApiDb:274 - Set plugin database path to: C:\ST\STM32CubeIDE_1.18.0\STM32CubeIDE\plugins\com.st.stm32cube.common.mx_6.14.1.202504091515\\db\/plugins/boardmanager/
2025-11-09 16:40:09,149 [WARN] ApiDb:259 - Overriding images path with different value:  => C:\ST\STM32CubeIDE_1.18.0\STM32CubeIDE\plugins\com.st.stm32cube.common.mx_6.14.1.202504091515\\db\/plugins/mcufinder/images/
2025-11-09 16:40:09,154 [INFO] ApiDb:250 - Set database path to: C:\Users\User\.stmcufinder\plugins\mcufinder//mcu/
2025-11-09 16:40:09,155 [INFO] DbMcusAds:125 - Set database path to: C:\Users\User\.stmcufinder\plugins\mcufinder//mcu/
2025-11-09 16:40:09,157 [INFO] CrossReferenceDbSqlite:203 - Set database path to: C:\Users\User\.stmcufinder\plugins\mcufinder//mcu/cs/
2025-11-09 16:40:09,275 [INFO] RulesReader:64 - Compatibility file has been processed (302 Rules)
2025-11-09 16:40:09,356 [INFO] DbMcusXml:78 - Set database path to: C:\ST\STM32CubeIDE_1.18.0\STM32CubeIDE\plugins\com.st.stm32cube.common.mx_6.14.1.202504091515\\db\/mcu/
2025-11-09 16:40:09,356 [INFO] ApiDb:274 - Set plugin database path to: C:\ST\STM32CubeIDE_1.18.0\STM32CubeIDE\plugins\com.st.stm32cube.common.mx_6.14.1.202504091515\\db\/plugins/boardmanager/
2025-11-09 16:40:09,356 [INFO] ApiDb:261 - Set plugin images path to: C:\ST\STM32CubeIDE_1.18.0\STM32CubeIDE\plugins\com.st.stm32cube.common.mx_6.14.1.202504091515\\db\/plugins/mcufinder/images/
2025-11-09 16:40:09,357 [WARN] DbFile:41 - Overriding database path with different value: C:\Users\User\.stmcufinder\plugins\mcufinder/ => C:\Users\User\.stmcufinder\plugins\mcufinder
2025-11-09 16:40:09,357 [INFO] ApiDb:250 - Set database path to: C:\Users\User\.stmcufinder\plugins\mcufinder//mcu/
2025-11-09 16:40:09,357 [WARN] DbFile:41 - Overriding database path with different value: C:\Users\User\.stmcufinder\plugins\mcufinder/ => C:\Users\User\.stmcufinder\plugins\mcufinder
2025-11-09 16:40:09,357 [INFO] DbMcusAds:125 - Set database path to: C:\Users\User\.stmcufinder\plugins\mcufinder//mcu/
2025-11-09 16:40:09,357 [WARN] DbFile:41 - Overriding database path with different value: C:\Users\User\.stmcufinder\plugins\mcufinder/ => C:\Users\User\.stmcufinder\plugins\mcufinder
2025-11-09 16:40:09,357 [WARN] DbFile:41 - Overriding database path with different value: C:\Users\User\.stmcufinder\plugins\mcufinder/ => C:\Users\User\.stmcufinder\plugins\mcufinder
2025-11-09 16:40:09,357 [INFO] CrossReferenceDbSqlite:203 - Set database path to: C:\Users\User\.stmcufinder\plugins\mcufinder//mcu/cs/
2025-11-09 16:40:09,424 [INFO] MainPanel:272 - HeapMemory: 268435456
2025-11-09 16:40:09,525 [INFO] DbMcusXml:78 - Set database path to: C:\ST\STM32CubeIDE_1.18.0\STM32CubeIDE\plugins\com.st.stm32cube.common.mx_6.14.1.202504091515\\db\/mcu/
2025-11-09 16:40:09,525 [INFO] ApiDb:274 - Set plugin database path to: C:\ST\STM32CubeIDE_1.18.0\STM32CubeIDE\plugins\com.st.stm32cube.common.mx_6.14.1.202504091515\\db\/plugins/boardmanager/
2025-11-09 16:40:09,525 [INFO] ApiDb:261 - Set plugin images path to: C:\ST\STM32CubeIDE_1.18.0\STM32CubeIDE\plugins\com.st.stm32cube.common.mx_6.14.1.202504091515\\db\/plugins/mcufinder/images/
2025-11-09 16:40:09,526 [WARN] DbFile:41 - Overriding database path with different value: C:\Users\User\.stmcufinder\plugins\mcufinder/ => C:\Users\User\.stmcufinder\plugins\mcufinder
2025-11-09 16:40:09,527 [INFO] ApiDb:250 - Set database path to: C:\Users\User\.stmcufinder\plugins\mcufinder//mcu/
2025-11-09 16:40:09,527 [WARN] DbFile:41 - Overriding database path with different value: C:\Users\User\.stmcufinder\plugins\mcufinder/ => C:\Users\User\.stmcufinder\plugins\mcufinder
2025-11-09 16:40:09,527 [INFO] DbMcusAds:125 - Set database path to: C:\Users\User\.stmcufinder\plugins\mcufinder//mcu/
2025-11-09 16:40:09,527 [WARN] DbFile:41 - Overriding database path with different value: C:\Users\User\.stmcufinder\plugins\mcufinder/ => C:\Users\User\.stmcufinder\plugins\mcufinder
2025-11-09 16:40:09,527 [WARN] DbFile:41 - Overriding database path with different value: C:\Users\User\.stmcufinder\plugins\mcufinder/ => C:\Users\User\.stmcufinder\plugins\mcufinder
2025-11-09 16:40:09,527 [INFO] CrossReferenceDbSqlite:203 - Set database path to: C:\Users\User\.stmcufinder\plugins\mcufinder//mcu/cs/
2025-11-09 16:40:09,544 [INFO] ApplicationProperties:184 - Using Application install path: C:\ST\STM32CubeIDE_1.18.0\STM32CubeIDE\plugins\com.st.stm32cube.common.mx_6.14.1.202504091515
2025-11-09 16:40:09,545 [INFO] PluginManage:196 - Search for loadable plugins [exclusion list=, ]
2025-11-09 16:40:09,546 [INFO] PluginManage:310 - Check plugin analytics
2025-11-09 16:40:09,768 [INFO] AnalyticsPlugin:253 - Accepted Software Licenses: 
2025-11-09 16:40:09,768 [INFO] AnalyticsPlugin:255 - Accepted CMSIS Pack Licenses: 
2025-11-09 16:40:09,769 [INFO] AnalyticsPlugin:257 - Accepted Firmware Licenses: FW.C0.1.1.0
2025-11-09 16:40:09,773 [INFO] PluginManage:359 - Loaded plugin analytics (category:tool,tabindex:-1)
2025-11-09 16:40:09,773 [INFO] PluginManage:310 - Check plugin cadmodel
2025-11-09 16:40:09,777 [INFO] CADModel:105 - Init CAD model plugin
2025-11-09 16:40:09,777 [INFO] PluginManage:359 - Loaded plugin cadmodel (category:power,tabindex:5)
2025-11-09 16:40:09,778 [INFO] PluginManage:310 - Check plugin clock
2025-11-09 16:40:09,789 [INFO] PluginManage:359 - Loaded plugin clock (category:base,tabindex:2)
2025-11-09 16:40:09,789 [INFO] PluginManage:310 - Check plugin ddr
2025-11-09 16:40:09,791 [INFO] PluginManage:359 - Loaded plugin ddr (category:tool,tabindex:6)
2025-11-09 16:40:09,791 [INFO] PluginManage:310 - Check plugin filemanager
2025-11-09 16:40:09,944 [INFO] PluginManage:359 - Loaded plugin filemanager (category:base,tabindex:10)
2025-11-09 16:40:09,944 [INFO] PluginManage:310 - Check plugin ipmanager
2025-11-09 16:40:09,951 [INFO] PluginManage:359 - Loaded plugin ipmanager (category:base,tabindex:5)
2025-11-09 16:40:09,951 [INFO] PluginManage:310 - Check plugin lpbam
2025-11-09 16:40:09,958 [INFO] PluginManage:359 - Loaded plugin lpbam (category:base,tabindex:0)
2025-11-09 16:40:09,959 [INFO] PluginManage:310 - Check plugin memorymap
2025-11-09 16:40:09,970 [INFO] PluginManage:359 - Loaded plugin memorymap (category:base,tabindex:4)
2025-11-09 16:40:09,971 [INFO] PluginManage:310 - Check plugin pinoutandconfiguration
2025-11-09 16:40:09,977 [INFO] PluginManage:359 - Loaded plugin pinoutandconfiguration (category:base,tabindex:1)
2025-11-09 16:40:09,977 [INFO] PluginManage:310 - Check plugin pinoutconfig
2025-11-09 16:40:10,070 [WARN] SupportedApi:132 - Cannot load RTOS API schema: s4s-elt-must-match.1: The content of 'definitions' must match (annotation?, (simpleType | complexType)?, (unique | key | keyref)*)). A problem was found starting at: attribute.
2025-11-09 16:40:10,200 [INFO] PluginManage:359 - Loaded plugin pinoutconfig (category:base,tabindex:0)
2025-11-09 16:40:10,200 [INFO] PluginManage:310 - Check plugin power
2025-11-09 16:40:10,209 [INFO] PluginManage:359 - Loaded plugin power (category:power,tabindex:4)
2025-11-09 16:40:10,209 [INFO] PluginManage:310 - Check plugin projectmanager
2025-11-09 16:40:10,231 [INFO] PluginManage:359 - Loaded plugin projectmanager (category:projectmanager,tabindex:4)
2025-11-09 16:40:10,231 [INFO] PluginManage:310 - Check plugin rif
2025-11-09 16:40:10,237 [INFO] PluginManage:359 - Loaded plugin rif (category:base,tabindex:3)
2025-11-09 16:40:10,237 [INFO] PluginManage:310 - Check plugin thirdparty
2025-11-09 16:40:10,383 [WARN] IntegrityCheckThread:84 - waiting for thirdparty lock release [integrity check]
2025-11-09 16:40:10,383 [INFO] PluginManage:359 - Loaded plugin thirdparty (category:base,tabindex:-1)
2025-11-09 16:40:10,383 [INFO] IntegrityCheckThread:86 - entering critical section [integrity check]
2025-11-09 16:40:10,383 [INFO] PluginManage:310 - Check plugin tools
2025-11-09 16:40:10,383 [INFO] ThirdPartyUpdaterWithRetryManager:70 - Updater plugin not ready yet. [1/15]
2025-11-09 16:40:10,387 [INFO] PluginManage:359 - Loaded plugin tools (category:base,tabindex:7)
2025-11-09 16:40:10,387 [INFO] PluginManage:310 - Check plugin tutovideos
2025-11-09 16:40:10,583 [INFO] PluginManage:359 - Loaded plugin tutovideos (category:base,tabindex:-1)
2025-11-09 16:40:10,584 [INFO] PluginManage:310 - Check plugin updater
2025-11-09 16:40:10,611 [INFO] PluginManage:359 - Loaded plugin updater (category:base,tabindex:12)
2025-11-09 16:40:10,611 [INFO] PluginManage:310 - Check plugin userauth
2025-11-09 16:40:10,615 [INFO] UserAuth:118 - Init User Auth plugin
2025-11-09 16:40:10,616 [INFO] PluginManage:359 - Loaded plugin userauth (category:base,tabindex:14)
2025-11-09 16:40:10,620 [INFO] PluginManage:283 - PluginManage : Loaded plugins [18]
2025-11-09 16:40:10,833 [INFO] PinOutPanel:1589 - setPackage(No Configuration,No Configuration)
2025-11-09 16:40:10,925 [INFO] CADModel:165 - CPN selected for project level
2025-11-09 16:40:10,925 [INFO] CADModel:114 - Register for checkConnection events
2025-11-09 16:40:10,947 [INFO] IPUIPlugin:80 - create IPUIPlugin
2025-11-09 16:40:10,948 [INFO] PluginManager:220 - loadIPPluginJar : add adc
2025-11-09 16:40:10,951 [INFO] IPUIPlugin:80 - create IPUIPlugin
2025-11-09 16:40:10,951 [INFO] PluginManager:220 - loadIPPluginJar : add aes
2025-11-09 16:40:10,954 [INFO] IPUIPlugin:80 - create IPUIPlugin
2025-11-09 16:40:10,955 [INFO] PluginManager:220 - loadIPPluginJar : add can
2025-11-09 16:40:10,958 [INFO] IPUIPlugin:80 - create IPUIPlugin
2025-11-09 16:40:10,959 [INFO] PluginManager:220 - loadIPPluginJar : add comp
2025-11-09 16:40:10,961 [INFO] IPUIPlugin:80 - create IPUIPlugin
2025-11-09 16:40:10,961 [INFO] PluginManager:220 - loadIPPluginJar : add cryp
2025-11-09 16:40:10,965 [INFO] IPUIPlugin:80 - create IPUIPlugin
2025-11-09 16:40:10,966 [INFO] PluginManager:220 - loadIPPluginJar : add ddr_ctrl_phy
2025-11-09 16:40:10,969 [INFO] IPUIPlugin:80 - create IPUIPlugin
2025-11-09 16:40:10,969 [INFO] PluginManager:220 - loadIPPluginJar : add dfsdm
2025-11-09 16:40:10,977 [INFO] IPUIPlugin:80 - create IPUIPlugin
2025-11-09 16:40:10,977 [INFO] PluginManager:220 - loadIPPluginJar : add dma
2025-11-09 16:40:10,981 [INFO] IPUIPlugin:80 - create IPUIPlugin
2025-11-09 16:40:10,981 [INFO] PluginManager:220 - loadIPPluginJar : add dma3
2025-11-09 16:40:10,985 [INFO] IPUIPlugin:80 - create IPUIPlugin
2025-11-09 16:40:10,985 [INFO] PluginManager:220 - loadIPPluginJar : add extmemmanager
2025-11-09 16:40:10,987 [INFO] IPUIPlugin:80 - create IPUIPlugin
2025-11-09 16:40:10,987 [INFO] PluginManager:220 - loadIPPluginJar : add fatfs
2025-11-09 16:40:10,994 [INFO] IPUIPlugin:80 - create IPUIPlugin
2025-11-09 16:40:10,994 [INFO] PluginManager:220 - loadIPPluginJar : add fmc
2025-11-09 16:40:11,003 [INFO] IPUIPlugin:80 - create IPUIPlugin
2025-11-09 16:40:11,003 [INFO] PluginManager:220 - loadIPPluginJar : add freertos
2025-11-09 16:40:11,004 [INFO] IPUIPlugin:80 - create IPUIPlugin
2025-11-09 16:40:11,005 [INFO] PluginManager:220 - loadIPPluginJar : add genericplugin
2025-11-09 16:40:11,007 [INFO] IPUIPlugin:80 - create IPUIPlugin
2025-11-09 16:40:11,007 [INFO] PluginManager:220 - loadIPPluginJar : add gfxmmu
2025-11-09 16:40:11,013 [INFO] IPUIPlugin:80 - create IPUIPlugin
2025-11-09 16:40:11,014 [INFO] PluginManager:220 - loadIPPluginJar : add gic
2025-11-09 16:40:11,018 [INFO] IPUIPlugin:80 - create IPUIPlugin
2025-11-09 16:40:11,018 [INFO] PluginManager:220 - loadIPPluginJar : add gpio
2025-11-09 16:40:11,023 [INFO] IPUIPlugin:80 - create IPUIPlugin
2025-11-09 16:40:11,023 [INFO] PluginManager:220 - loadIPPluginJar : add gtzc
2025-11-09 16:40:11,026 [INFO] IPUIPlugin:80 - create IPUIPlugin
2025-11-09 16:40:11,026 [INFO] PluginManager:220 - loadIPPluginJar : add hash
2025-11-09 16:40:11,029 [INFO] IPUIPlugin:80 - create IPUIPlugin
2025-11-09 16:40:11,030 [INFO] PluginManager:220 - loadIPPluginJar : add i2c
2025-11-09 16:40:11,033 [INFO] IPUIPlugin:80 - create IPUIPlugin
2025-11-09 16:40:11,033 [INFO] PluginManager:220 - loadIPPluginJar : add i2s
2025-11-09 16:40:11,037 [INFO] IPUIPlugin:80 - create IPUIPlugin
2025-11-09 16:40:11,037 [INFO] PluginManager:220 - loadIPPluginJar : add i3c
2025-11-09 16:40:11,042 [INFO] IPUIPlugin:80 - create IPUIPlugin
2025-11-09 16:40:11,043 [INFO] PluginManager:220 - loadIPPluginJar : add ipddr
2025-11-09 16:40:11,050 [INFO] IPUIPlugin:80 - create IPUIPlugin
2025-11-09 16:40:11,050 [INFO] PluginManager:220 - loadIPPluginJar : add linkedlist
2025-11-09 16:40:11,055 [INFO] IPUIPlugin:80 - create IPUIPlugin
2025-11-09 16:40:11,056 [INFO] PluginManager:220 - loadIPPluginJar : add lorawan
2025-11-09 16:40:11,057 [INFO] IPUIPlugin:80 - create IPUIPlugin
2025-11-09 16:40:11,057 [INFO] PluginManager:220 - loadIPPluginJar : add ltdc
2025-11-09 16:40:11,064 [INFO] IPUIPlugin:80 - create IPUIPlugin
2025-11-09 16:40:11,064 [INFO] PluginManager:220 - loadIPPluginJar : add mdma
2025-11-09 16:40:11,070 [INFO] IPUIPlugin:80 - create IPUIPlugin
2025-11-09 16:40:11,070 [INFO] PluginManager:220 - loadIPPluginJar : add nvic
2025-11-09 16:40:11,075 [INFO] IPUIPlugin:80 - create IPUIPlugin
2025-11-09 16:40:11,075 [INFO] PluginManager:220 - loadIPPluginJar : add opamp
2025-11-09 16:40:11,080 [INFO] IPUIPlugin:80 - create IPUIPlugin
2025-11-09 16:40:11,080 [INFO] PluginManager:220 - loadIPPluginJar : add openamp
2025-11-09 16:40:11,085 [INFO] IPUIPlugin:80 - create IPUIPlugin
2025-11-09 16:40:11,085 [INFO] PluginManager:220 - loadIPPluginJar : add pdm2pcm
2025-11-09 16:40:11,096 [INFO] IPUIPlugin:80 - create IPUIPlugin
2025-11-09 16:40:11,100 [INFO] PluginManager:220 - loadIPPluginJar : add plateformsettings
2025-11-09 16:40:11,102 [INFO] IPUIPlugin:80 - create IPUIPlugin
2025-11-09 16:40:11,103 [INFO] PluginManager:220 - loadIPPluginJar : add quadspi
2025-11-09 16:40:11,106 [INFO] IPUIPlugin:80 - create IPUIPlugin
2025-11-09 16:40:11,110 [INFO] PluginManager:220 - loadIPPluginJar : add radio
2025-11-09 16:40:11,116 [INFO] IPUIPlugin:80 - create IPUIPlugin
2025-11-09 16:40:11,116 [INFO] PluginManager:220 - loadIPPluginJar : add resmgrutility
2025-11-09 16:40:11,123 [INFO] IPUIPlugin:80 - create IPUIPlugin
2025-11-09 16:40:11,123 [INFO] PluginManager:220 - loadIPPluginJar : add sai
2025-11-09 16:40:11,129 [INFO] IPUIPlugin:80 - create IPUIPlugin
2025-11-09 16:40:11,130 [INFO] PluginManager:220 - loadIPPluginJar : add spi
2025-11-09 16:40:11,142 [INFO] IPUIPlugin:80 - create IPUIPlugin
2025-11-09 16:40:11,142 [INFO] PluginManager:220 - loadIPPluginJar : add stm32_wpan
2025-11-09 16:40:11,145 [INFO] IPUIPlugin:80 - create IPUIPlugin
2025-11-09 16:40:11,145 [INFO] PluginManager:220 - loadIPPluginJar : add tim
2025-11-09 16:40:11,151 [INFO] IPUIPlugin:80 - create IPUIPlugin
2025-11-09 16:40:11,152 [INFO] PluginManager:220 - loadIPPluginJar : add touchsensing
2025-11-09 16:40:11,157 [INFO] IPUIPlugin:80 - create IPUIPlugin
2025-11-09 16:40:11,157 [INFO] PluginManager:220 - loadIPPluginJar : add tracer_emb
2025-11-09 16:40:11,161 [INFO] IPUIPlugin:80 - create IPUIPlugin
2025-11-09 16:40:11,161 [INFO] PluginManager:220 - loadIPPluginJar : add ts
2025-11-09 16:40:11,163 [INFO] IPUIPlugin:80 - create IPUIPlugin
2025-11-09 16:40:11,163 [INFO] PluginManager:220 - loadIPPluginJar : add tsc
2025-11-09 16:40:11,168 [INFO] IPUIPlugin:80 - create IPUIPlugin
2025-11-09 16:40:11,168 [INFO] PluginManager:220 - loadIPPluginJar : add ucpd
2025-11-09 16:40:11,172 [INFO] IPUIPlugin:80 - create IPUIPlugin
2025-11-09 16:40:11,172 [INFO] PluginManager:220 - loadIPPluginJar : add usart
2025-11-09 16:40:11,177 [INFO] IPUIPlugin:80 - create IPUIPlugin
2025-11-09 16:40:11,177 [INFO] PluginManager:220 - loadIPPluginJar : add usbx
2025-11-09 16:40:11,333 [FATAL] Updater:351 - Updater called before beeing initialized
2025-11-09 16:40:11,358 [INFO] RulesReader:64 - Compatibility file has been processed (302 Rules)
2025-11-09 16:40:11,371 [INFO] RulesReader:64 - Compatibility file has been processed (302 Rules)
2025-11-09 16:40:11,380 [INFO] CADModel:165 - CPN selected for project level
2025-11-09 16:40:11,380 [INFO] CADModel:114 - Register for checkConnection events
2025-11-09 16:40:11,380 [FATAL] Updater:351 - Updater called before beeing initialized
2025-11-09 16:40:11,380 [ERROR] CADModel:125 - Updater not yet initialized, retry later 
2025-11-09 16:40:11,546 [FATAL] Updater:351 - Updater called before beeing initialized
2025-11-09 16:40:11,547 [INFO] CADModel:165 - CPN selected for project level
2025-11-09 16:40:11,548 [INFO] CADModel:114 - Register for checkConnection events
2025-11-09 16:40:11,548 [FATAL] Updater:351 - Updater called before beeing initialized
2025-11-09 16:40:11,548 [ERROR] CADModel:125 - Updater not yet initialized, retry later 
2025-11-09 16:40:11,551 [FATAL] Updater:351 - Updater called before beeing initialized
2025-11-09 16:40:11,667 [FATAL] Updater:351 - Updater called before beeing initialized
2025-11-09 16:40:11,670 [INFO] DbMcusAds:53 - JSON generation date=Thu Oct 02 06:36:05 BRT 2025 (1759397765645)
2025-11-09 16:40:11,671 [FATAL] Updater:351 - Updater called before beeing initialized
2025-11-09 16:40:11,723 [WARN] DetailPanel:346 - Failed to get advertising image, set to default
2025-11-09 16:40:12,017 [FATAL] Updater:351 - Updater called before beeing initialized
2025-11-09 16:40:12,019 [FATAL] Updater:351 - Updater called before beeing initialized
2025-11-09 16:40:12,019 [FATAL] Updater:351 - Updater called before beeing initialized
2025-11-09 16:40:12,019 [WARN] DetailPanel:346 - Failed to get advertising image, set to default
2025-11-09 16:40:12,020 [FATAL] Updater:351 - Updater called before beeing initialized
2025-11-09 16:40:12,072 [ERROR] Updater:1198 - MainUpdater not yet initialized. External WinMGr cannot be set.
2025-11-09 16:40:12,074 [INFO] Updater:1134 - Updater Version found : 6.14.1
2025-11-09 16:40:12,090 [INFO] ApplicationProperties:184 - Using Application install path: C:\ST\STM32CubeIDE_1.18.0\STM32CubeIDE\plugins\com.st.stm32cube.common.mx_6.14.1.202504091515
2025-11-09 16:40:12,387 [INFO] MainUpdater:2872 - connection check result : 10
2025-11-09 16:40:12,388 [INFO] MainUpdater:289 - Updater Check For Update Now.
2025-11-09 16:40:12,388 [INFO] MicroXplorer:498 - Change Database Version : DB.6.0.141
2025-11-09 16:40:12,395 [INFO] McuFinderGlobals:63 - Set McuFinder mode to 2 (CubeIDE integrated)
2025-11-09 16:40:12,396 [INFO] UserAuth:484 - Internet connection configuration mode: 1
2025-11-09 16:40:12,428 [INFO] JxBrowserEngine:152 - Initiate JxBrowser Engine with user profile folder
2025-11-09 16:40:12,623 [INFO] CheckServerUpdateThread:120 - End of CheckServer Thread
2025-11-09 16:40:13,408 [INFO] WebApp:169 - Instantiating new browser for Auth
2025-11-09 16:40:14,058 [WARN] PackLoader:240 - Cannot read IP mode file for STMicroelectronics.FP-SNS-MOTENVWB1.1.4.0
2025-11-09 16:40:14,071 [WARN] PackLoader:240 - Cannot read IP mode file for STMicroelectronics.FP-ATR-ASTRA1.2.0.2
2025-11-09 16:40:14,077 [WARN] PackLoader:240 - Cannot read IP mode file for STMicroelectronics.FP-ATR-ASTRA1.2.0.1
2025-11-09 16:40:14,090 [WARN] PackLoader:240 - Cannot read IP mode file for STMicroelectronics.X-CUBE-SMBUS.2.1.0
2025-11-09 16:40:14,109 [WARN] PackLoader:240 - Cannot read IP mode file for STMicroelectronics.X-CUBE-WB05N.1.1.0
2025-11-09 16:40:14,122 [WARN] PackLoader:240 - Cannot read IP mode file for STMicroelectronics.X-CUBE-ST60.1.0.0
2025-11-09 16:40:14,132 [WARN] PackLoader:240 - Cannot read IP mode file for STMicroelectronics.X-CUBE-TOUCHGFX.4.23.0
2025-11-09 16:40:14,137 [WARN] PackLoader:240 - Cannot read IP mode file for STMicroelectronics.X-CUBE-TOUCHGFX.4.23.2
2025-11-09 16:40:14,192 [WARN] PackLoader:240 - Cannot read IP mode file for STMicroelectronics.X-CUBE-AZRTOS-F7.1.1.0
2025-11-09 16:40:14,206 [WARN] PackLoader:240 - Cannot read IP mode file for STMicroelectronics.FP-SNS-MOTENV1.4.3.2
2025-11-09 16:40:14,306 [WARN] PackLoader:240 - Cannot read IP mode file for STMicroelectronics.X-CUBE-MEMS1.11.0.0
2025-11-09 16:40:14,544 [ERROR] Engine:466 - C:\Users\User\.stm32cubemx\thirdparties\pdsc\STMicroelectronics.FP-SNS-MOTENV1.5.1.0.pdsc: PDSC version is not supported
2025-11-09 16:40:14,553 [WARN] PackLoader:240 - Cannot read IP mode file for STMicroelectronics.FP-SNS-FLIGHT1.5.0.2
2025-11-09 16:40:14,652 [WARN] PackLoader:240 - Cannot read IP mode file for STMicroelectronics.X-CUBE-AZRTOS-H7.3.4.0
2025-11-09 16:40:14,741 [WARN] PackLoader:240 - Cannot read IP mode file for STMicroelectronics.X-CUBE-DISPLAY.3.0.0
2025-11-09 16:40:14,761 [WARN] PackLoader:240 - Cannot read IP mode file for STMicroelectronics.X-CUBE-BLE1.7.0.0
2025-11-09 16:40:14,786 [WARN] PackLoader:240 - Cannot read IP mode file for STMicroelectronics.X-CUBE-NFC10.1.0.0
2025-11-09 16:40:14,805 [WARN] PackLoader:240 - Cannot read IP mode file for STMicroelectronics.X-CUBE-BLEMGR.4.0.0
2025-11-09 16:40:14,816 [WARN] PackLoader:240 - Cannot read IP mode file for STMicroelectronics.X-CUBE-ST60.1.1.0
2025-11-09 16:40:14,826 [WARN] PackLoader:240 - Cannot read IP mode file for emotas.I-CUBE-CANOPEN.1.3.0
2025-11-09 16:40:14,840 [WARN] PackLoader:240 - Cannot read IP mode file for STMicroelectronics.X-CUBE-GNSS1.7.1.0
2025-11-09 16:40:14,854 [WARN] PackLoader:240 - Cannot read IP mode file for STMicroelectronics.X-CUBE-BLEMGR.3.1.0
2025-11-09 16:40:14,870 [WARN] PackLoader:240 - Cannot read IP mode file for STMicroelectronics.X-CUBE-AI.10.0.0
2025-11-09 16:40:14,880 [ERROR] Engine:466 - C:\Users\User\.stm32cubemx\thirdparties\pdsc\STMicroelectronics.FP-SNS-STBOX1.2.1.0.pdsc: PDSC version is not supported
2025-11-09 16:40:14,890 [WARN] PackLoader:240 - Cannot read IP mode file for STMicroelectronics.FP-SNS-SMARTAG2.1.2.0
2025-11-09 16:40:14,900 [WARN] PackLoader:240 - Cannot read IP mode file for STMicroelectronics.FP-SNS-FLIGHT1.5.1.0
2025-11-09 16:40:14,979 [WARN] PackLoader:240 - Cannot read IP mode file for STMicroelectronics.X-CUBE-MEMS1.11.1.0
2025-11-09 16:40:15,073 [INFO] WebApp:463 - Apply proxy settings
2025-11-09 16:40:15,074 [INFO] WebApp:548 - Chromium requires no authentication
2025-11-09 16:40:15,091 [INFO] WebApp:491 - Direct internet connection detected
2025-11-09 16:40:15,140 [INFO] WebApp:894 - Register for checkConnection events
2025-11-09 16:40:15,140 [INFO] WebApp:463 - Apply proxy settings
2025-11-09 16:40:15,141 [INFO] WebApp:548 - Chromium requires no authentication
2025-11-09 16:40:15,141 [INFO] WebApp:491 - Direct internet connection detected
2025-11-09 16:40:15,171 [INFO] LogOutputStream:77 - [STDOUT_REDIRECT] 1 : Invalid condition id : UX_CORESTACK_Condition cause : null
2025-11-09 16:40:15,172 [INFO] LogOutputStream:77 - [STDOUT_REDIRECT] 1 : Invalid condition id : UX_CORESTACK_Condition cause : null
2025-11-09 16:40:15,174 [INFO] LogOutputStream:77 - [STDOUT_REDIRECT] 1 : Invalid condition id : UX_CORESTACK_Condition cause : null
2025-11-09 16:40:15,177 [INFO] LogOutputStream:77 - [STDOUT_REDIRECT] 1 : Invalid condition id : UX_CORESTACK_Condition cause : null
2025-11-09 16:40:15,179 [INFO] LogOutputStream:77 - [STDOUT_REDIRECT] 1 : Invalid condition id : UX_CORESTACK_Condition cause : null
2025-11-09 16:40:15,184 [WARN] PackLoader:240 - Cannot read IP mode file for STMicroelectronics.X-CUBE-AZRTOS-WL.2.0.0
2025-11-09 16:40:15,191 [WARN] PackLoader:240 - Cannot read IP mode file for STMicroelectronics.FP-SNS-MOTENV1.5.0.0
2025-11-09 16:40:15,199 [WARN] PackLoader:240 - Cannot read IP mode file for wolfSSL.I-CUBE-wolfMQTT.1.19.0
2025-11-09 16:40:15,209 [WARN] PackLoader:240 - Cannot read IP mode file for WES.I-CUBE-Cesium.1.3.0
2025-11-09 16:40:15,215 [WARN] PackLoader:240 - Cannot read IP mode file for STMicroelectronics.X-CUBE-BLE2.3.3.0
2025-11-09 16:40:15,224 [WARN] PackLoader:240 - Cannot read IP mode file for STMicroelectronics.X-CUBE-NFC9.1.0.0
2025-11-09 16:40:15,230 [WARN] PackLoader:240 - Cannot read IP mode file for STMicroelectronics.X-CUBE-BLE1.7.1.0
2025-11-09 16:40:15,237 [WARN] PackLoader:240 - Cannot read IP mode file for STMicroelectronics.X-CUBE-TCPP.4.1.0
2025-11-09 16:40:15,246 [WARN] PackLoader:240 - Cannot read IP mode file for STMicroelectronics.X-CUBE-EEPRMA1.5.2.0
2025-11-09 16:40:15,251 [ERROR] Engine:466 - C:\Users\User\.stm32cubemx\thirdparties\pdsc\STMicroelectronics.X-CUBE-ST67W61.1.1.0.pdsc: PDSC version is not supported
2025-11-09 16:40:15,255 [WARN] PackLoader:240 - Cannot read IP mode file for STMicroelectronics.X-CUBE-AI.10.1.0
2025-11-09 16:40:15,261 [WARN] PackLoader:240 - Cannot read IP mode file for STMicroelectronics.X-CUBE-ALGOBUILD.1.3.0
2025-11-09 16:40:15,321 [WARN] PackLoader:240 - Cannot read IP mode file for STMicroelectronics.X-CUBE-MEMS1.11.2.0
2025-11-09 16:40:15,457 [INFO] WebApp:225 - Starting web application
2025-11-09 16:40:15,457 [INFO] WebApp:593 - Web application path used C:\ST\STM32CubeIDE_1.18.0\STM32CubeIDE\plugins\com.st.stm32cube.common.mx_6.14.1.202504091515\db\plugins\mcufinder\reactClient1\index.html
2025-11-09 16:40:15,473 [INFO] WebApp:191 - Connection restablished
2025-11-09 16:40:15,533 [WARN] PackLoader:240 - Cannot read IP mode file for STMicroelectronics.X-CUBE-AZRTOS-G0.1.1.0
2025-11-09 16:40:15,548 [WARN] PackLoader:240 - Cannot read IP mode file for STMicroelectronics.X-CUBE-SAFEA1.1.2.2
2025-11-09 16:40:15,558 [WARN] PackLoader:240 - Cannot read IP mode file for STMicroelectronics.X-CUBE-NFC4.3.0.0
2025-11-09 16:40:15,575 [WARN] PackLoader:240 - Cannot read IP mode file for EmbeddedOffice.I-CUBE-FS-RTOS.1.0.1
2025-11-09 16:40:15,583 [WARN] PackLoader:240 - Cannot read IP mode file for STMicroelectronics.X-CUBE-WB05N.2.0.0
2025-11-09 16:40:15,641 [WARN] PackLoader:240 - Cannot read IP mode file for STMicroelectronics.X-CUBE-BLEMGR.3.0.0
2025-11-09 16:40:15,652 [WARN] PackLoader:240 - Cannot read IP mode file for STMicroelectronics.X-CUBE-TCPP.4.2.0
2025-11-09 16:40:15,674 [WARN] PackLoader:240 - Cannot read IP mode file for RealThread.X-CUBE-RT-Thread_Nano.4.1.1
2025-11-09 16:40:15,695 [WARN] PackLoader:240 - Cannot read IP mode file for wolfSSL.I-CUBE-wolfSSL.5.7.0
2025-11-09 16:40:15,710 [WARN] PackLoader:240 - Cannot read IP mode file for STMicroelectronics.FP-ATR-SIGFOX1.3.2.0
2025-11-09 16:40:15,722 [WARN] ConditionMgr:438 - getConditionDescription Invalid condition id : Cortex-A Device cause : null
2025-11-09 16:40:15,787 [INFO] UserAuth:484 - Internet connection configuration mode: 1
2025-11-09 16:40:15,804 [WARN] ConditionMgr:1044 - genDependencies : Invalid condition id : Cortex-A Device cause : null
2025-11-09 16:40:15,805 [WARN] ConditionMgr:1044 - genDependencies : Invalid condition id : Cortex-A Device cause : null
2025-11-09 16:40:15,805 [WARN] ConditionMgr:1044 - genDependencies : Invalid condition id : Cortex-A Device cause : null
2025-11-09 16:40:15,863 [WARN] PackLoader:240 - Cannot read IP mode file for STMicroelectronics.X-CUBE-EEPRMA1.5.1.0
2025-11-09 16:40:15,884 [WARN] PackLoader:240 - Cannot read IP mode file for ITTIA_DB.I-CUBE-ITTIADB.8.9.0
2025-11-09 16:40:15,901 [WARN] PackLoader:240 - Cannot read IP mode file for STMicroelectronics.X-CUBE-ST67W61.1.0.0
2025-11-09 16:40:15,911 [WARN] PackLoader:240 - Cannot read IP mode file for STMicroelectronics.X-CUBE-AI.10.2.0
2025-11-09 16:40:15,969 [WARN] PackLoader:240 - Cannot read IP mode file for SEGGER.I-CUBE-embOS.1.3.1
2025-11-09 16:40:16,018 [WARN] PackLoader:240 - Cannot read IP mode file for STMicroelectronics.X-CUBE-ALGOBUILD.1.4.0
2025-11-09 16:40:16,093 [WARN] PackLoader:240 - Cannot read IP mode file for STMicroelectronics.X-CUBE-MEMS1.11.3.0
2025-11-09 16:40:16,270 [WARN] PackLoader:240 - Cannot read IP mode file for STMicroelectronics.X-CUBE-AI.9.1.0
2025-11-09 16:40:16,281 [WARN] PackLoader:240 - Cannot read IP mode file for STMicroelectronics.X-CUBE-PM33A1.1.0.0
2025-11-09 16:40:16,290 [WARN] PackLoader:240 - Cannot read IP mode file for STMicroelectronics.X-CUBE-GNSS1.6.0.0
2025-11-09 16:40:16,312 [WARN] PackLoader:240 - Cannot read IP mode file for STMicroelectronics.X-CUBE-AZRTOS-F4.1.1.0
2025-11-09 16:40:16,328 [WARN] PackLoader:240 - Cannot read IP mode file for Avnet-IotConnect.X-CUBE-IoTC-DA16k-PMOD.1.0.0
2025-11-09 16:40:16,340 [WARN] PackLoader:240 - Cannot read IP mode file for STMicroelectronics.X-CUBE-ISPU.2.1.0
2025-11-09 16:40:16,351 [ERROR] Engine:466 - C:\Users\User\.stm32cubemx\thirdparties\pdsc\STMicroelectronics.X-CUBE-IPS.3.2.0.pdsc: PDSC version is not supported
2025-11-09 16:40:16,361 [WARN] PackLoader:240 - Cannot read IP mode file for STMicroelectronics.X-CUBE-FREERTOS.1.2.0
2025-11-09 16:40:16,374 [WARN] PackLoader:240 - Cannot read IP mode file for STMicroelectronics.X-CUBE-NFC12.1.0.0
2025-11-09 16:40:16,404 [WARN] PackLoader:240 - Cannot read IP mode file for STMicroelectronics.X-CUBE-AZRTOS-L5.2.0.0
2025-11-09 16:40:16,417 [WARN] PackLoader:240 - Cannot read IP mode file for STMicroelectronics.X-CUBE-EEPRMA1.4.2.0
2025-11-09 16:40:16,429 [WARN] PackLoader:240 - Cannot read IP mode file for STMicroelectronics.X-CUBE-NFC6.3.1.0
2025-11-09 16:40:16,441 [WARN] PackLoader:240 - Cannot read IP mode file for STMicroelectronics.X-CUBE-DPower.1.2.0
2025-11-09 16:40:16,448 [WARN] PackLoader:240 - Cannot read IP mode file for STMicroelectronics.X-CUBE-AI.9.0.0
2025-11-09 16:40:16,456 [WARN] PackLoader:240 - Cannot read IP mode file for STMicroelectronics.X-CUBE-FREERTOS.1.3.1
2025-11-09 16:40:16,468 [WARN] PackLoader:240 - Cannot read IP mode file for STMicroelectronics.X-CUBE-FREERTOS.1.3.0
2025-11-09 16:40:16,477 [WARN] PackLoader:240 - Cannot read IP mode file for STMicroelectronics.X-CUBE-NFC7.1.0.1
2025-11-09 16:40:16,488 [WARN] PackLoader:240 - Cannot read IP mode file for STMicroelectronics.X-CUBE-TOUCHGFX.4.26.0
2025-11-09 16:40:16,499 [WARN] PackLoader:240 - Cannot read IP mode file for STMicroelectronics.X-CUBE-NFC6.3.0.0
2025-11-09 16:40:16,509 [WARN] PackLoader:240 - Cannot read IP mode file for STMicroelectronics.X-CUBE-DPower.1.3.0
2025-11-09 16:40:16,518 [WARN] PackLoader:240 - Cannot read IP mode file for STMicroelectronics.X-CUBE-AI.8.1.0
2025-11-09 16:40:16,558 [WARN] ConditionMgr:438 - getConditionDescription Invalid condition id : LAN8742 Phy interface Condition cause : null
2025-11-09 16:40:16,559 [WARN] PackLoader:240 - Cannot read IP mode file for STMicroelectronics.X-CUBE-AZRTOS-L4.2.0.0
2025-11-09 16:40:16,561 [WARN] ConditionMgr:1044 - genDependencies : Invalid condition id : LAN8742 Phy interface Condition cause : null
2025-11-09 16:40:16,562 [WARN] ConditionMgr:1044 - genDependencies : Invalid condition id : LAN8742 Phy interface Condition cause : null
2025-11-09 16:40:16,564 [WARN] ConditionMgr:1044 - genDependencies : Invalid condition id : LAN8742 Phy interface Condition cause : null
2025-11-09 16:40:16,577 [WARN] PackLoader:240 - Cannot read IP mode file for STMicroelectronics.X-CUBE-SFXS2LP1.4.0.0
2025-11-09 16:40:16,607 [WARN] PackLoader:240 - Cannot read IP mode file for STMicroelectronics.X-CUBE-AZRTOS-H7.3.3.0
2025-11-09 16:40:16,629 [WARN] PackLoader:240 - Cannot read IP mode file for STMicroelectronics.X-CUBE-BLEMGR.4.1.0
2025-11-09 16:40:16,649 [WARN] PackLoader:240 - Cannot read IP mode file for STMicroelectronics.X-CUBE-IPS.3.0.0
2025-11-09 16:40:16,673 [WARN] ConditionMgr:438 - getConditionDescription Invalid condition id : UX DEVICE CLASS RTOS Condition cause : null
2025-11-09 16:40:16,673 [WARN] ConditionMgr:438 - getConditionDescription Invalid condition id : UX DEVICE CLASS RTOS Condition cause : null
2025-11-09 16:40:16,676 [WARN] PackLoader:240 - Cannot read IP mode file for STMicroelectronics.X-CUBE-AZRTOS-WB.2.0.0
2025-11-09 16:40:16,678 [WARN] ConditionMgr:1044 - genDependencies : Invalid condition id : UX DEVICE CLASS RTOS Condition cause : null
2025-11-09 16:40:16,678 [WARN] ConditionMgr:1044 - genDependencies : Invalid condition id : UX DEVICE CLASS RTOS Condition cause : null
2025-11-09 16:40:16,679 [WARN] ConditionMgr:1044 - genDependencies : Invalid condition id : UX DEVICE CLASS RTOS Condition cause : null
2025-11-09 16:40:16,680 [WARN] ConditionMgr:1044 - genDependencies : Invalid condition id : UX DEVICE CLASS RTOS Condition cause : null
2025-11-09 16:40:16,681 [WARN] ConditionMgr:1044 - genDependencies : Invalid condition id : UX DEVICE CLASS RTOS Condition cause : null
2025-11-09 16:40:16,690 [WARN] PackLoader:240 - Cannot read IP mode file for STMicroelectronics.X-CUBE-GNSS1.7.0.0
2025-11-09 16:40:16,704 [WARN] PackLoader:240 - Cannot read IP mode file for STMicroelectronics.X-CUBE-GNSS1.7.0.1
2025-11-09 16:40:16,711 [WARN] PackLoader:240 - Cannot read IP mode file for STMicroelectronics.X-CUBE-TOUCHGFX.4.25.0
2025-11-09 16:40:16,722 [WARN] PackLoader:240 - Cannot read IP mode file for STMicroelectronics.FP-SNS-STBOX1.2.0.0
2025-11-09 16:40:16,742 [WARN] PackLoader:240 - Cannot read IP mode file for STMicroelectronics.X-CUBE-SUBG2.5.0.0
2025-11-09 16:40:16,782 [WARN] PackLoader:240 - Cannot read IP mode file for STMicroelectronics.X-CUBE-AZRTOS-H7RS.1.1.0
2025-11-09 16:40:16,797 [WARN] PackLoader:240 - Cannot read IP mode file for Cesanta.I-CUBE-Mongoose.7.13.0
2025-11-09 16:40:16,819 [WARN] PackLoader:240 - Cannot read IP mode file for STMicroelectronics.X-CUBE-AZRTOS-G4.2.0.0
2025-11-09 16:40:16,828 [WARN] PackLoader:240 - Cannot read IP mode file for STMicroelectronics.X-CUBE-NFC7.2.0.0
2025-11-09 16:40:16,835 [WARN] PackLoader:240 - Cannot read IP mode file for STMicroelectronics.FP-SNS-MOTENVWB1.1.3.1
2025-11-09 16:40:16,842 [WARN] PackLoader:240 - Cannot read IP mode file for STMicroelectronics.X-CUBE-ISPU.2.0.0
2025-11-09 16:40:16,858 [WARN] PackLoader:240 - Cannot read IP mode file for STMicroelectronics.X-CUBE-IPS.3.1.0
2025-11-09 16:40:16,874 [WARN] PackLoader:240 - Cannot read IP mode file for STMicroelectronics.X-CUBE-ALS.1.0.2
2025-11-09 16:40:16,935 [WARN] PackLoader:240 - Cannot read IP mode file for STMicroelectronics.X-CUBE-MEMS1.10.0.0
2025-11-09 16:40:17,149 [WARN] PackLoader:240 - Cannot read IP mode file for STMicroelectronics.X-CUBE-FREERTOS.1.1.0
2025-11-09 16:40:17,161 [WARN] PackLoader:240 - Cannot read IP mode file for STMicroelectronics.X-CUBE-TOUCHGFX.4.24.0
2025-11-09 16:40:17,168 [WARN] PackLoader:240 - Cannot read IP mode file for STMicroelectronics.X-CUBE-TOUCHGFX.4.24.2
2025-11-09 16:40:17,173 [WARN] PackLoader:240 - Cannot read IP mode file for STMicroelectronics.X-CUBE-TOUCHGFX.4.24.1
2025-11-09 16:40:17,190 [WARN] PackLoader:240 - Cannot read IP mode file for STMicroelectronics.X-CUBE-STSE01.1.0.0
2025-11-09 16:40:17,203 [WARN] PackLoader:240 - Cannot read IP mode file for wolfSSL.I-CUBE-wolfTPM.3.4.0
2025-11-09 16:40:17,216 [WARN] PackLoader:240 - Cannot read IP mode file for portGmbH.I-Cube-SoM-uGOAL.1.1.0
2025-11-09 16:40:17,221 [WARN] PackLoader:240 - Cannot read IP mode file for STMicroelectronics.X-CUBE-ALS.1.0.1
2025-11-09 16:40:17,245 [WARN] PackLoader:240 - Cannot read IP mode file for STMicroelectronics.X-CUBE-AZRTOS-H7RS.1.0.0
2025-11-09 16:40:17,254 [WARN] PackLoader:240 - Cannot read IP mode file for STMicroelectronics.FP-ATR-ASTRA1.2.0.0
2025-11-09 16:40:17,272 [WARN] PackLoader:240 - Cannot read IP mode file for STMicroelectronics.X-CUBE-TOF1.3.4.2
2025-11-09 16:40:17,298 [WARN] PackLoader:240 - Cannot read IP mode file for STMicroelectronics.X-CUBE-TOF1.3.4.3
2025-11-09 16:40:17,322 [WARN] PackLoader:240 - Cannot read IP mode file for STMicroelectronics.X-CUBE-TOF1.3.4.0
2025-11-09 16:40:17,353 [WARN] PackLoader:240 - Cannot read IP mode file for STMicroelectronics.X-CUBE-TOF1.3.4.1
2025-11-09 16:40:17,390 [WARN] PackLoader:240 - Cannot read IP mode file for STMicroelectronics.X-CUBE-AZRTOS-H7.3.2.0
2025-11-09 16:40:17,411 [WARN] PackLoader:240 - Cannot read IP mode file for Infineon.AIROC-Wi-Fi-Bluetooth-STM32.1.6.0
2025-11-09 16:40:17,422 [WARN] PackLoader:240 - Cannot read IP mode file for wolfSSL.I-CUBE-wolfSSH.1.4.17
2025-11-09 16:40:17,423 [INFO] ThirdParty:978 - Integrity check success = true
2025-11-09 16:40:17,423 [INFO] IntegrityCheckThread:100 - exiting critical section [integrity check]
2025-11-09 16:40:17,423 [INFO] IntegrityCheckThread:103 - End integrity checks thread
2025-11-09 18:09:34,118 [INFO] McuFinderGlobals:63 - Set McuFinder mode to 2 (CubeIDE integrated)
2025-11-09 18:09:34,124 [INFO] MainUpdater:2872 - connection check result : 10
2025-11-09 18:09:34,128 [INFO] McuFinderGlobals:76 - Set McuFinderConnectedMode to true
2025-11-09 18:09:34,562 [INFO] ServerAccessManage:473 - Download File mcusAds.json._tmp_
2025-11-09 18:09:34,680 [INFO] LoadUrlFilesThread:156 - End of LoadUrlFiles Thread
2025-11-09 18:09:35,214 [INFO] ServerAccessManage:473 - Download File cube-finder-db.zip
2025-11-09 18:09:36,149 [INFO] FileExtend:242 - Unzip File : cube-finder-db.zip
2025-11-09 18:09:36,149 [INFO] FileExtend:257 - Standard Zip Deflate
2025-11-09 18:09:37,211 [INFO] LoadUrlFilesThread:156 - End of LoadUrlFiles Thread
2025-11-09 18:09:38,520 [INFO] ServerAccessManage:473 - Download File crdb.zip
2025-11-09 18:09:40,014 [INFO] FileExtend:242 - Unzip File : crdb.zip
2025-11-09 18:09:40,014 [INFO] FileExtend:257 - Standard Zip Deflate
2025-11-09 18:09:40,143 [INFO] LoadUrlFilesThread:156 - End of LoadUrlFiles Thread
2025-11-09 18:09:40,286 [INFO] ServerAccessManage:473 - Download File tutoVideoDB.zip
2025-11-09 18:09:40,293 [INFO] FileExtend:242 - Unzip File : tutoVideoDB.zip
2025-11-09 18:09:40,293 [INFO] FileExtend:257 - Standard Zip Deflate
2025-11-09 18:09:40,410 [INFO] LoadUrlFilesThread:156 - End of LoadUrlFiles Thread
2025-11-09 18:09:40,414 [WARN] DbFile:41 - Overriding database path with different value: C:\Users\User\.stmcufinder\plugins\mcufinder/ => C:\Users\User\.stmcufinder\plugins\mcufinder
2025-11-09 18:09:40,544 [INFO] ServerAccessManage:473 - Download File api_config.json
2025-11-09 18:09:40,658 [INFO] LoadUrlFilesThread:156 - End of LoadUrlFiles Thread
2025-11-09 18:09:40,660 [INFO] DbMcusAds:53 - JSON generation date=Fri Nov 07 08:13:48 BRT 2025 (1762514028714)
2025-11-09 18:09:40,770 [INFO] ServerAccessManage:473 - Download File 
2025-11-09 18:09:40,779 [INFO] LoadUrlFilesThread:185 - End of LoadServerUrlFiles without Thread
2025-11-09 18:09:40,780 [INFO] TargetSelectorAdapter:259 - Refresh data is successful
2025-11-09 18:09:40,925 [INFO] ApiDb:581 - Connected to CubeFinder SQLite database (C:\Users\User\.stmcufinder\plugins\mcufinder\mcu\cube-finder-db.db)
2025-11-09 18:09:41,004 [INFO] ApiDb:668 - CubeFinder database Data Model version=2.1
2025-11-09 18:09:41,004 [INFO] ApiDb:669 - CubeFinder database Configuration version=3.0.39
2025-11-09 18:09:41,007 [INFO] ApiDb:670 - CubeFinder database generation date=2025-10-27 (1761571959)
2025-11-09 18:09:41,007 [INFO] ApiDb:671 - CubeFinder database FW Pack versions=[FP-ATR-ASTRA1_V2.0.0, FP-SNS-FLIGHT1_V5.1.0, FP-SNS-MOTENV1_V5.0.0, FP-SNS-MOTENVWB1_V1.4.0, FP-SNS-SMARTAG2_V1.2.0, FP-SNS-STBOX1_V2.1.0, STM32Cube_FW_C0_V1.4.0, STM32Cube_FW_F4_V1.28.3, STM32Cube_FW_F7_V1.17.4, STM32Cube_FW_G0_V1.6.2, STM32Cube_FW_G4_V1.6.1, STM32Cube_FW_H5_V1.5.0, STM32Cube_FW_H7RS_V1.2.0, STM32Cube_FW_H7_V1.12.1, STM32Cube_FW_L0_V1.12.2, STM32Cube_FW_L4_V1.18.1, STM32Cube_FW_L5_V1.5.1, STM32Cube_FW_N6_V1.2.0, STM32Cube_FW_U0_V1.3.0, STM32Cube_FW_U3_V1.2.1, STM32Cube_FW_U5_V1.8.0, STM32Cube_FW_WB0_V1.3.0, STM32Cube_FW_WBA_V1.7.0, STM32Cube_FW_WB_V1.23.0, STM32Cube_FW_WL3_V1.2.0, STM32Cube_FW_WL_V1.3.1, X-CUBE-ALGOBUILD_V1.4.0, X-CUBE-ALS_V1.0.2, X-CUBE-AZRTOS-F4_V1.1.0, X-CUBE-AZRTOS-F7_V1.1.0, X-CUBE-AZRTOS-G0_V1.1.0, X-CUBE-AZRTOS-G4_V2.0.0, X-CUBE-AZRTOS-H7RS_V1.1.0, X-CUBE-AZRTOS-H7_V3.4.0, X-CUBE-AZRTOS-L4_V2.0.0, X-CUBE-AZRTOS-L5_V2.0.0, X-CUBE-AZRTOS-WB_V2.0.0, X-CUBE-AZRTOS-WL_V2.0.0, X-CUBE-BLE1_V7.1.0, X-CUBE-BLE2_V3.3.0, X-CUBE-BLEMGR_V4.1.0, X-CUBE-EEPRMA1_V5.2.0, X-CUBE-FREERTOS_V1.3.1, X-CUBE-GNSS1_V6.0.0, X-CUBE-MEMS1_V11.3.0, X-CUBE-NFC4_V3.0.0, X-CUBE-NFC7_V2.0.0, X-CUBE-SFXS2LP1_V4.0.0, X-CUBE-ST67W61_V1.1.0, X-CUBE-SUBG2_V5.0.0, X-CUBE-TOF1_V3.4.3]
2025-11-09 18:09:43,412 [INFO] ApiDb:240 - Found 895 in-development CPN: [B-G473E-ZEST1S, B-WB1M-WPAN1, B-WBA5M-WPAN, B-WL5M-SUBG1, NUCLEO-C031C6, NUCLEO-C051C8, NUCLEO-C071RB, NUCLEO-C092RC, NUCLEO-H503RB, NUCLEO-H533RE, NUCLEO-H563ZI, NUCLEO-H7S3L8, NUCLEO-N657X0-Q, NUCLEO-U031R8, NUCLEO-U083RC, NUCLEO-U385RG-Q, NUCLEO-U545RE-Q, NUCLEO-U5A5ZJ-Q, NUCLEO-WB05KZ, NUCLEO-WB07CC, NUCLEO-WB09KE, NUCLEO-WBA52CG, NUCLEO-WBA55CG, NUCLEO-WBA65RI, NUCLEO-WL33CC1, NUCLEO-WL33CC2, STEVAL-PROTEUS1, STEVAL-SMARTAG2, STEVAL-STWINBX1, STM320518-EVAL, STM32C0116-DK, STM32C011D6Y3TR, STM32C011D6Y6TR, STM32C011F4P3, STM32C011F4P6, STM32C011F4U3, STM32C011F4U6TR, STM32C011F6P3, STM32C011F6P6, STM32C011F6U3, STM32C011F6U6TR, STM32C011J4M3, STM32C011J4M6, STM32C011J6M3, STM32C011J6M6, STM32C0316-DK, STM32C031C4T3, STM32C031C4T6, STM32C031C4U3, STM32C031C4U6, STM32C031C6T3, STM32C031C6T6, STM32C031C6U3, STM32C031C6U6, STM32C031F4P3, STM32C031F4P6, STM32C031F6P3, STM32C031F6P6, STM32C031G4U3, STM32C031G4U6, STM32C031G6U3, STM32C031G6U6, STM32C031K4T3, STM32C031K4T6, STM32C031K4U3, STM32C031K4U6, STM32C031K6T3, STM32C031K6T6, STM32C031K6U3, STM32C031K6U6, STM32C051C6T6, STM32C051C6U6, STM32C051C8T6, STM32C051C8U6, STM32C051D8Y6TR, STM32C051F6P6, STM32C051F8P6, STM32C051G6U6, STM32C051G8U6, STM32C051K6T6, STM32C051K6U6, STM32C051K8T6, STM32C071C8T6, STM32C071C8T6N, STM32C071C8U6, STM32C071C8U6N, STM32C071CBT6, STM32C071CBT6N, STM32C071CBU6, STM32C071CBU6N, STM32C071F8P6, STM32C071F8P6N, STM32C071FBP6, STM32C071FBP6N, STM32C071FBY6TR, STM32C071G8U6, STM32C071G8U6N, STM32C071GBU6, STM32C071GBU6N, STM32C071K8T6, STM32C071K8T6N, STM32C071K8U6, STM32C071K8U6N, STM32C071KBT6, STM32C071KBT6N, STM32C071KBU6, STM32C071KBU6N, STM32C071R8T6, STM32C071R8T6N, STM32C071RBI6N, STM32C071RBT6, STM32C071RBT6N, STM32C091CBT6, STM32C091CBU6, STM32C091CCT6, STM32C091CCU6, STM32C091ECY6TR, STM32C091FBP6, STM32C091FCP6, STM32C091GBU6, STM32C091GCU6, STM32C091KBT6, STM32C091KBU6, STM32C091KCT6, STM32C091KCU6, STM32C091RBT6, STM32C091RCI6, STM32C091RCT6, STM32C092CBT6, STM32C092CBU6, STM32C092CCT6, STM32C092CCU6, STM32C092ECY6TR, STM32C092FBP6, STM32C092FCP6, STM32C092GBU6, STM32C092GCU6, STM32C092KBT6, STM32C092KBU6, STM32C092KCT6, STM32C092KCU6, STM32C092RBT6, STM32C092RCI6, STM32C092RCT6, STM32G071K8TXN, STM32G071K8UXN, STM32G081GBU6N, STM32G081KBT6N, STM32G081KBUXN, STM32G0B1CCT6N, STM32G0B1KCT6, STM32G0B1NEY6TR, STM32G0B1RCT6N, STM32G0C1CCT6, STM32G0C1CCT6N, STM32G0C1CCU6N, STM32G0C1CET6N, STM32G0C1CEU6N, STM32G0C1KCT6, STM32G0C1NEY6TR, STM32G0C1RCI6N, STM32G0C1RCT6N, STM32G0C1REI6N, STM32G0C1RET6N, STM32G0C1VCI6, STM32G0C1VEI6, STM32G411C6T3, STM32G411C6T6, STM32G411C6U3, STM32G411C6U6, STM32G411C8T3, STM32G411C8T6, STM32G411C8U3, STM32G411C8U6, STM32G411CBT3, STM32G411CBT6, STM32G411CBU3, STM32G411CBU6, STM32G411CCT3, STM32G411CCT6, STM32G411CCU3, STM32G411CCU6, STM32G411K6T3, STM32G411K6T6, STM32G411K6U3, STM32G411K6U6, STM32G411K8T3, STM32G411K8T6, STM32G411K8U3, STM32G411K8U6, STM32G411KBT3, STM32G411KBT6, STM32G411KBU3, STM32G411KBU6, STM32G411M6T3, STM32G411M6T6, STM32G411M8T3, STM32G411M8T6, STM32G411MBT3, STM32G411MBT6, STM32G411MCT3, STM32G411MCT6, STM32G411R6T3, STM32G411R6T6, STM32G411R8T3, STM32G411R8T6, STM32G411RBT3, STM32G411RBT6, STM32G411RCT3, STM32G411RCT6, STM32G414CBT3, STM32G414CBT6, STM32G414CBU3, STM32G414CBU6, STM32G414CCT3, STM32G414CCT6, STM32G414CCU3, STM32G414CCU6, STM32G414MBT3, STM32G414MBT6, STM32G414MCT3, STM32G414MCT6, STM32G414RBT3, STM32G414RBT6, STM32G414RCT3, STM32G414RCT6, STM32G414VBT3, STM32G414VBT6, STM32G414VCT3, STM32G414VCT6, STM32G431CBT3Z, STM32G431RBT3Z, STM32G471CCT6, STM32G471CCU6, STM32G471CET3, STM32G471CET6, STM32G471CEU3, STM32G471CEU6, STM32G471MCT6, STM32G471MET3, STM32G471MET6, STM32G471MEY6TR, STM32G471QCT6, STM32G471QET3, STM32G471RCT6, STM32G471RET3, STM32G471RET6, STM32G471VCH6, STM32G471VCI6, STM32G471VCT6, STM32G471VEH3, STM32G471VEH6, STM32G471VEI3, STM32G471VEI6, STM32G471VET3, STM32G471VET6, STM32G473QET3Z, STM32G473RET3Z, STM32G474CCT6, STM32G491RET3Z, STM32H503CBT6, STM32H503CBU6, STM32H503EBY6TR, STM32H503KBU6, STM32H503RBT6, STM32H523CCT6, STM32H523CCU6, STM32H523CET6, STM32H523CEU6, STM32H523HEY6TR, STM32H523RCT6, STM32H523RET6, STM32H523VCI6, STM32H523VCT6, STM32H523VEI6, STM32H523VET6, STM32H523ZCJ6, STM32H523ZCT6, STM32H523ZEJ6, STM32H523ZET6, STM32H533CET6, STM32H533CEU6, STM32H533HEY6TR, STM32H533RET6, STM32H533VEI6, STM32H533VET6, STM32H533ZEJ6, STM32H533ZET6, STM32H562AGI6, STM32H562AII6, STM32H562IGK6, STM32H562IGT6, STM32H562IIK6, STM32H562IIT6, STM32H562RGT6, STM32H562RGV6, STM32H562RIT6, STM32H562RIV6, STM32H562VGT6, STM32H562VIT6, STM32H562ZGT6, STM32H562ZIT6, STM32H563AGI6, STM32H563AII3Q, STM32H563AII6, STM32H563IGK6, STM32H563IGT6, STM32H563IIK3Q, STM32H563IIK6, STM32H563IIT3Q, STM32H563IIT6, STM32H563MIY3QTR, STM32H563RGT6, STM32H563RGV6, STM32H563RIT6, STM32H563RIV6, STM32H563VGT6, STM32H563VIT3Q, STM32H563VIT6, STM32H563ZGT6, STM32H563ZIT3Q, STM32H563ZIT6, STM32H573AII3Q, STM32H573AII6, STM32H573I-DK, STM32H573IIK3Q, STM32H573IIK6, STM32H573IIT3Q, STM32H573IIT6, STM32H573MIY3QTR, STM32H573RIT6, STM32H573RIV6, STM32H573VIT3Q, STM32H573VIT6, STM32H573ZIT3Q, STM32H573ZIT6, STM32H7R3A8I6, STM32H7R3I8K6, STM32H7R3I8T6, STM32H7R3L8H6, STM32H7R3L8H6H, STM32H7R3R8V6, STM32H7R3V8H6, STM32H7R3V8T6, STM32H7R3V8Y6TR, STM32H7R3Z8J6, STM32H7R3Z8T6, STM32H7R7A8I6, STM32H7R7I8K6, STM32H7R7I8T6, STM32H7R7L8H6, STM32H7R7L8H6H, STM32H7R7Z8J6, STM32H7S3A8I6, STM32H7S3I8K6, STM32H7S3I8T6, STM32H7S3L8H6, STM32H7S3L8H6H, STM32H7S3R8V6, STM32H7S3V8H6, STM32H7S3V8T6, STM32H7S3V8Y6TR, STM32H7S3Z8J6, STM32H7S3Z8T6, STM32H7S78-DK, STM32H7S7A8I6, STM32H7S7I8K6, STM32H7S7I8T6, STM32H7S7L8H6, STM32H7S7L8H6H, STM32H7S7Z8J6, STM32L4R5QGI6STR, STM32MP131AAE3, STM32MP131AAF3, STM32MP131AAG3, STM32MP131CAE3, STM32MP131CAF3, STM32MP131CAG3, STM32MP131DAE7, STM32MP131DAF7, STM32MP131DAG7, STM32MP131FAE7, STM32MP131FAF7, STM32MP131FAG7, STM32MP133AAE3, STM32MP133AAF3, STM32MP133AAG3, STM32MP133CAE3, STM32MP133CAF3, STM32MP133CAG3, STM32MP133DAE7, STM32MP133DAF7, STM32MP133DAG7, STM32MP133FAE7, STM32MP133FAF7, STM32MP133FAG7, STM32MP135AAE3, STM32MP135AAF3, STM32MP135AAG3, STM32MP135CAE3, STM32MP135CAF3, STM32MP135CAG3, STM32MP135DAE7, STM32MP135DAF7, STM32MP135DAG7, STM32MP135F-DK, STM32MP135FAE7, STM32MP135FAF7, STM32MP135FAF7T, STM32MP135FAF7U, STM32MP135FAG7, STM32MP231AAJ3, STM32MP231AAK3, STM32MP231AAL3, STM32MP231CAJ3, STM32MP231CAK3, STM32MP231CAL3, STM32MP231DAJ3, STM32MP231DAK3, STM32MP231DAL3, STM32MP231FAJ3, STM32MP231FAK3, STM32MP231FAL3, STM32MP233AAJ3, STM32MP233AAK3, STM32MP233AAL3, STM32MP233CAJ3, STM32MP233CAK3, STM32MP233CAL3, STM32MP233DAJ3, STM32MP233DAK3, STM32MP233DAL3, STM32MP233FAJ3, STM32MP233FAK3, STM32MP233FAL3, STM32MP235AAJ3, STM32MP235AAK3, STM32MP235AAL3, STM32MP235CAJ3, STM32MP235CAK3, STM32MP235CAL3, STM32MP235DAJ3, STM32MP235DAK3, STM32MP235DAL3, STM32MP235FAJ3, STM32MP235FAK3, STM32MP235FAL3, STM32MP251AAI3, STM32MP251AAJ3, STM32MP251AAK3, STM32MP251AAL3, STM32MP251CAI3, STM32MP251CAJ3, STM32MP251CAK3, STM32MP251CAL3, STM32MP251DAI3, STM32MP251DAJ3, STM32MP251DAK3, STM32MP251DAL3, STM32MP251FAI3, STM32MP251FAJ3, STM32MP251FAK3, STM32MP251FAL3, STM32MP253AAI3, STM32MP253AAJ3, STM32MP253AAK3, STM32MP253AAL3, STM32MP253CAI3, STM32MP253CAJ3, STM32MP253CAK3, STM32MP253CAL3, STM32MP253DAI3, STM32MP253DAJ3, STM32MP253DAK3, STM32MP253DAL3, STM32MP253FAI3, STM32MP253FAJ3, STM32MP253FAK3, STM32MP253FAL3, STM32MP255AAI3, STM32MP255AAJ3, STM32MP255AAK3, STM32MP255AAL3, STM32MP255CAI3, STM32MP255CAJ3, STM32MP255CAK3, STM32MP255CAL3, STM32MP255DAI3, STM32MP255DAJ3, STM32MP255DAK3, STM32MP255DAL3, STM32MP255FAI3, STM32MP255FAJ3, STM32MP255FAK3, STM32MP255FAL3, STM32MP257AAI3, STM32MP257AAJ3, STM32MP257AAK3, STM32MP257AAL3, STM32MP257CAI3, STM32MP257CAJ3, STM32MP257CAK3, STM32MP257CAL3, STM32MP257DAI3, STM32MP257DAJ3, STM32MP257DAK3, STM32MP257DAL3, STM32MP257F-DK, STM32MP257F-EV1, STM32MP257FAI3, STM32MP257FAJ3, STM32MP257FAK3, STM32MP257FAL3, STM32N645A0H3Q, STM32N645B0H3Q, STM32N645I0H3Q, STM32N645L0H3Q, STM32N645X0H3Q, STM32N645Z0H3Q, STM32N647A0H3Q, STM32N647B0H3Q, STM32N647I0H3Q, STM32N647L0H3Q, STM32N647X0H3Q, STM32N647Z0H3Q, STM32N655A0H3Q, STM32N655B0H3Q, STM32N655I0H3Q, STM32N655L0H3Q, STM32N655X0H3Q, STM32N655Z0H3Q, STM32N6570-DK, STM32N657A0H3Q, STM32N657B0H3Q, STM32N657I0H3Q, STM32N657L0H3Q, STM32N657X0H3Q, STM32N657Z0H3Q, STM32U031C6T6, STM32U031C6U6, STM32U031C8T6, STM32U031C8U6, STM32U031F4P6, STM32U031F6P6, STM32U031F8P6, STM32U031G6Y6TR, STM32U031G8Y6TR, STM32U031K4U6, STM32U031K6U6, STM32U031K8U6, STM32U031R6I6, STM32U031R6T6, STM32U031R8I6, STM32U031R8T6, STM32U073C8T6, STM32U073C8U6, STM32U073CBT6, STM32U073CBU6, STM32U073CCT6, STM32U073CCU6, STM32U073H8Y6TR, STM32U073HBY6TR, STM32U073HCY6TR, STM32U073K8U6, STM32U073KBU6, STM32U073KCU6, STM32U073M8I6, STM32U073M8T6, STM32U073MBI6, STM32U073MBT6, STM32U073MCI6, STM32U073MCT6, STM32U073R8I6, STM32U073R8T6, STM32U073RBI6, STM32U073RBT6, STM32U073RCI6, STM32U073RCT6, STM32U083C-DK, STM32U083CCT6, STM32U083CCU6, STM32U083HCY6TR, STM32U083KCU6, STM32U083MCI6, STM32U083MCT6, STM32U083RCI6, STM32U083RCT6, STM32U375CET6, STM32U375CET6Q, STM32U375CEU6, STM32U375CEU6Q, STM32U375CEY6QTR, STM32U375CGT6, STM32U375CGT6Q, STM32U375CGU6, STM32U375CGU6Q, STM32U375CGY6QTR, STM32U375KEU6, STM32U375KGU6, STM32U375REI6, STM32U375REI6Q, STM32U375RET6, STM32U375RET6Q, STM32U375REY6GTR, STM32U375REY6QTR, STM32U375RGI6, STM32U375RGI6Q, STM32U375RGT6, STM32U375RGT6Q, STM32U375RGY6GTR, STM32U375RGY6QTR, STM32U375VEI6, STM32U375VEI6Q, STM32U375VET6, STM32U375VET6Q, STM32U375VGI6, STM32U375VGI6Q, STM32U375VGT6, STM32U375VGT6Q, STM32U385CGT6, STM32U385CGT6Q, STM32U385CGU6, STM32U385CGU6Q, STM32U385CGY6QTR, STM32U385KGU6, STM32U385RGI6, STM32U385RGI6Q, STM32U385RGT6, STM32U385RGT6Q, STM32U385RGY6GTR, STM32U385RGY6QTR, STM32U385VGI6, STM32U385VGI6Q, STM32U385VGT6, STM32U385VGT6Q, STM32U535CBT6, STM32U535CBT6Q, STM32U535CBU6, STM32U535CBU6Q, STM32U535CCT6, STM32U535CCT6Q, STM32U535CCU6, STM32U535CCU6Q, STM32U535CET6, STM32U535CET6Q, STM32U535CEU6, STM32U535CEU6Q, STM32U535JEY6QTR, STM32U535NCY6QTR, STM32U535NEY6QTR, STM32U535RBI6, STM32U535RBI6Q, STM32U535RBT6, STM32U535RBT6Q, STM32U535RCI6, STM32U535RCI6Q, STM32U535RCT6, STM32U535RCT6Q, STM32U535REI6, STM32U535REI6Q, STM32U535RET6, STM32U535RET6Q, STM32U535VCI6, STM32U535VCI6Q, STM32U535VCT6, STM32U535VCT6Q, STM32U535VEI6, STM32U535VEI6Q, STM32U535VET6, STM32U535VET6Q, STM32U545CET6, STM32U545CET6Q, STM32U545CEU6, STM32U545CEU6Q, STM32U545JEY6QTR, STM32U545NEY6QTR, STM32U545REI6, STM32U545REI6Q, STM32U545RET6, STM32U545RET6Q, STM32U545VEI6, STM32U545VEI6Q, STM32U545VET6, STM32U545VET6Q, STM32U595AIH6, STM32U595AIH6Q, STM32U595AJH6, STM32U595AJH6Q, STM32U595QII6, STM32U595QII6Q, STM32U595QJI6, STM32U595QJI6Q, STM32U595RIT6, STM32U595RIT6Q, STM32U595RJT6, STM32U595RJT6Q, STM32U595VIT6, STM32U595VIT6Q, STM32U595VJT6, STM32U595VJT6Q, STM32U595ZIT6, STM32U595ZIT6Q, STM32U595ZIY6QTR, STM32U595ZJT6, STM32U595ZJT6Q, STM32U595ZJY6QTR, STM32U599BJY6QTR, STM32U599NIH6Q, STM32U599NJH6Q, STM32U599VIT6Q, STM32U599VJT6, STM32U599VJT6Q, STM32U599ZIT6Q, STM32U599ZIY6QTR, STM32U599ZJT6Q, STM32U599ZJY6QTR, STM32U5A5AJH6, STM32U5A5AJH6Q, STM32U5A5QII3Q , STM32U5A5QJI6, STM32U5A5QJI6Q, STM32U5A5RJT6, STM32U5A5RJT6Q, STM32U5A5VJT6, STM32U5A5VJT6Q, STM32U5A5ZJT6, STM32U5A5ZJT6Q, STM32U5A5ZJY6QTR, STM32U5A9BJY6QTR, STM32U5A9J-DK, STM32U5A9NJH6Q, STM32U5A9VJT6Q, STM32U5A9ZJT6Q, STM32U5A9ZJY6QTR, STM32U5F7VIT6, STM32U5F7VIT6Q, STM32U5F7VJT6, STM32U5F7VJT6Q, STM32U5F9BJY6QTR, STM32U5F9NJH6Q, STM32U5F9VIT6Q, STM32U5F9VJT6Q, STM32U5F9ZIJ6QTR, STM32U5F9ZIT6Q, STM32U5F9ZJJ6QTR, STM32U5F9ZJT6Q, STM32U5G7VJT6, STM32U5G7VJT6Q, STM32U5G9BJY6QTR, STM32U5G9J-DK1, STM32U5G9J-DK2, STM32U5G9NJH6Q, STM32U5G9VJT6Q, STM32U5G9ZJJ6QTR, STM32U5G9ZJT6Q, STM32WB05KZV6TR, STM32WB05KZV7TR, STM32WB05TZF6TR, STM32WB05TZF7TR, STM32WB06CCF6TR, STM32WB06CCF7TR, STM32WB06CCV6TR, STM32WB06CCV7TR, STM32WB06KCV6TR, STM32WB06KCV7TR, STM32WB07CCF6TR, STM32WB07CCF7TR, STM32WB07CCV6TR, STM32WB07CCV7TR, STM32WB07KCV6TR, STM32WB07KCV7TR, STM32WB09KEV6TR, STM32WB09KEV7TR, STM32WB09TEF6TR, STM32WB09TEF7TR, STM32WB1MMCH6, STM32WBA50KGU6, STM32WBA50KGU6TR, STM32WBA52CEU6, STM32WBA52CEU6TR, STM32WBA52CEU7, STM32WBA52CEU7TR, STM32WBA52CGU6, STM32WBA52CGU6TR, STM32WBA52CGU6U, STM32WBA52CGU7, STM32WBA52CGU7TR, STM32WBA52KEU6, STM32WBA52KEU6TR, STM32WBA52KGU6, STM32WBA52KGU6TR, STM32WBA54CEU6, STM32WBA54CEU6TR, STM32WBA54CEU7, STM32WBA54CEU7TR, STM32WBA54CGU6, STM32WBA54CGU6TR, STM32WBA54CGU7, STM32WBA54CGU7TR, STM32WBA54KEU6, STM32WBA54KEU6TR, STM32WBA54KEU7, STM32WBA54KEU7TR, STM32WBA54KGU6, STM32WBA54KGU6TR, STM32WBA54KGU7, STM32WBA54KGU7TR, STM32WBA55CEU6, STM32WBA55CEU6TR, STM32WBA55CEU7, STM32WBA55CEU7TR, STM32WBA55CGU6, STM32WBA55CGU6TR, STM32WBA55CGU6U, STM32WBA55CGU7, STM32WBA55CGU7TR, STM32WBA55G-DK1, STM32WBA55HEF6, STM32WBA55HEF7, STM32WBA55HGF6, STM32WBA55HGF7, STM32WBA55UEI6, STM32WBA55UEI6TR, STM32WBA55UEI7, STM32WBA55UEI7TR, STM32WBA55UGI6, STM32WBA55UGI6TR, STM32WBA55UGI7, STM32WBA55UGI7TR, STM32WBA5MJGH6TR, STM32WBA62CGU6, STM32WBA62CIU6, STM32WBA62MGF6, STM32WBA62MIF6, STM32WBA62PGI6, STM32WBA62PII6, STM32WBA63CGU6, STM32WBA63CGU7, STM32WBA63CIU6, STM32WBA63CIU7, STM32WBA64CGU6, STM32WBA64CGU7, STM32WBA64CIU6, STM32WBA64CIU7, STM32WBA65CGU6, STM32WBA65CGU7, STM32WBA65CIU6, STM32WBA65CIU7, STM32WBA65I-DK1, STM32WBA65MGF6, STM32WBA65MGF7, STM32WBA65MIF6, STM32WBA65MIF7, STM32WBA65PGI6, STM32WBA65PGI7, STM32WBA65PII6, STM32WBA65PII7, STM32WBA65RGV6, STM32WBA65RGV7, STM32WBA65RIV6, STM32WBA65RIV7, STM32WL30K8V6, STM32WL30KBV6, STM32WL31C8V6, STM32WL31CBV6, STM32WL31K8V6, STM32WL31KBV6, STM32WL33C8V6, STM32WL33C8V6TR, STM32WL33C8V7, STM32WL33C8V7TR, STM32WL33CBV6, STM32WL33CBV6TR, STM32WL33CBV7, STM32WL33CBV7TR, STM32WL33CCV6, STM32WL33CCV6TR, STM32WL33CCV7, STM32WL33CCV7A, STM32WL33CCV7ATR, STM32WL33CCV7TR, STM32WL33K8V6, STM32WL33K8V6TR, STM32WL33K8V7, STM32WL33K8V7TR, STM32WL33KBV6, STM32WL33KBV6TR, STM32WL33KBV7, STM32WL33KBV7TR, STM32WL33KCV6, STM32WL33KCV6TR, STM32WL33KCV7, STM32WL33KCV7TR, STM32WL5MOCH6, STM32WL5MOCH6TR]
2025-11-09 18:09:43,420 [INFO] DbMcus:218 - Found 4747 MCUs, 4747 are supported
2025-11-09 18:09:43,425 [INFO] ApiDb:423 - Load user favorites file C:\Users\User/.stm32cubeide/favorites.mcus.txt: 1 item(s)
2025-11-09 18:09:43,426 [INFO] ApiDb:427 - User favorites MCUs=[STM32F103C8T6]
2025-11-09 18:09:43,426 [INFO] DbMcus:224 - Set 1 / 1 favorites MCUs
2025-11-09 18:09:44,058 [INFO] ApiDb:668 - CubeFinder database Data Model version=2.1
2025-11-09 18:09:44,058 [INFO] ApiDb:669 - CubeFinder database Configuration version=3.0.39
2025-11-09 18:09:44,058 [INFO] ApiDb:670 - CubeFinder database generation date=2025-10-27 (1761571959)
2025-11-09 18:09:44,058 [INFO] ApiDb:671 - CubeFinder database FW Pack versions=[FP-ATR-ASTRA1_V2.0.0, FP-SNS-FLIGHT1_V5.1.0, FP-SNS-MOTENV1_V5.0.0, FP-SNS-MOTENVWB1_V1.4.0, FP-SNS-SMARTAG2_V1.2.0, FP-SNS-STBOX1_V2.1.0, STM32Cube_FW_C0_V1.4.0, STM32Cube_FW_F4_V1.28.3, STM32Cube_FW_F7_V1.17.4, STM32Cube_FW_G0_V1.6.2, STM32Cube_FW_G4_V1.6.1, STM32Cube_FW_H5_V1.5.0, STM32Cube_FW_H7RS_V1.2.0, STM32Cube_FW_H7_V1.12.1, STM32Cube_FW_L0_V1.12.2, STM32Cube_FW_L4_V1.18.1, STM32Cube_FW_L5_V1.5.1, STM32Cube_FW_N6_V1.2.0, STM32Cube_FW_U0_V1.3.0, STM32Cube_FW_U3_V1.2.1, STM32Cube_FW_U5_V1.8.0, STM32Cube_FW_WB0_V1.3.0, STM32Cube_FW_WBA_V1.7.0, STM32Cube_FW_WB_V1.23.0, STM32Cube_FW_WL3_V1.2.0, STM32Cube_FW_WL_V1.3.1, X-CUBE-ALGOBUILD_V1.4.0, X-CUBE-ALS_V1.0.2, X-CUBE-AZRTOS-F4_V1.1.0, X-CUBE-AZRTOS-F7_V1.1.0, X-CUBE-AZRTOS-G0_V1.1.0, X-CUBE-AZRTOS-G4_V2.0.0, X-CUBE-AZRTOS-H7RS_V1.1.0, X-CUBE-AZRTOS-H7_V3.4.0, X-CUBE-AZRTOS-L4_V2.0.0, X-CUBE-AZRTOS-L5_V2.0.0, X-CUBE-AZRTOS-WB_V2.0.0, X-CUBE-AZRTOS-WL_V2.0.0, X-CUBE-BLE1_V7.1.0, X-CUBE-BLE2_V3.3.0, X-CUBE-BLEMGR_V4.1.0, X-CUBE-EEPRMA1_V5.2.0, X-CUBE-FREERTOS_V1.3.1, X-CUBE-GNSS1_V6.0.0, X-CUBE-MEMS1_V11.3.0, X-CUBE-NFC4_V3.0.0, X-CUBE-NFC7_V2.0.0, X-CUBE-SFXS2LP1_V4.0.0, X-CUBE-ST67W61_V1.1.0, X-CUBE-SUBG2_V5.0.0, X-CUBE-TOF1_V3.4.3]
2025-11-09 18:09:44,120 [INFO] DbBoardsSqlite:226 - include board P-NUCLEO-WB55-NUCLEO as a kit item of type 'Nucleo-64'
2025-11-09 18:09:44,120 [INFO] DbBoardsSqlite:226 - include board P-NUCLEO-WB55-USBDONGLE as a kit item of type 'Nucleo USB Dongle'
2025-11-09 18:09:44,120 [INFO] DbBoardsSqlite:226 - include board STEVAL-IDP005V1 as a kit item of type 'Evaluation Board'
2025-11-09 18:09:44,121 [INFO] DbBoardsSqlite:226 - include board STEVAL-IDP005V2 as a kit item of type 'Evaluation Board'
2025-11-09 18:09:44,197 [INFO] ApiDb:240 - Found 895 in-development CPN: [B-G473E-ZEST1S, B-WB1M-WPAN1, B-WBA5M-WPAN, B-WL5M-SUBG1, NUCLEO-C031C6, NUCLEO-C051C8, NUCLEO-C071RB, NUCLEO-C092RC, NUCLEO-H503RB, NUCLEO-H533RE, NUCLEO-H563ZI, NUCLEO-H7S3L8, NUCLEO-N657X0-Q, NUCLEO-U031R8, NUCLEO-U083RC, NUCLEO-U385RG-Q, NUCLEO-U545RE-Q, NUCLEO-U5A5ZJ-Q, NUCLEO-WB05KZ, NUCLEO-WB07CC, NUCLEO-WB09KE, NUCLEO-WBA52CG, NUCLEO-WBA55CG, NUCLEO-WBA65RI, NUCLEO-WL33CC1, NUCLEO-WL33CC2, STEVAL-PROTEUS1, STEVAL-SMARTAG2, STEVAL-STWINBX1, STM320518-EVAL, STM32C0116-DK, STM32C011D6Y3TR, STM32C011D6Y6TR, STM32C011F4P3, STM32C011F4P6, STM32C011F4U3, STM32C011F4U6TR, STM32C011F6P3, STM32C011F6P6, STM32C011F6U3, STM32C011F6U6TR, STM32C011J4M3, STM32C011J4M6, STM32C011J6M3, STM32C011J6M6, STM32C0316-DK, STM32C031C4T3, STM32C031C4T6, STM32C031C4U3, STM32C031C4U6, STM32C031C6T3, STM32C031C6T6, STM32C031C6U3, STM32C031C6U6, STM32C031F4P3, STM32C031F4P6, STM32C031F6P3, STM32C031F6P6, STM32C031G4U3, STM32C031G4U6, STM32C031G6U3, STM32C031G6U6, STM32C031K4T3, STM32C031K4T6, STM32C031K4U3, STM32C031K4U6, STM32C031K6T3, STM32C031K6T6, STM32C031K6U3, STM32C031K6U6, STM32C051C6T6, STM32C051C6U6, STM32C051C8T6, STM32C051C8U6, STM32C051D8Y6TR, STM32C051F6P6, STM32C051F8P6, STM32C051G6U6, STM32C051G8U6, STM32C051K6T6, STM32C051K6U6, STM32C051K8T6, STM32C071C8T6, STM32C071C8T6N, STM32C071C8U6, STM32C071C8U6N, STM32C071CBT6, STM32C071CBT6N, STM32C071CBU6, STM32C071CBU6N, STM32C071F8P6, STM32C071F8P6N, STM32C071FBP6, STM32C071FBP6N, STM32C071FBY6TR, STM32C071G8U6, STM32C071G8U6N, STM32C071GBU6, STM32C071GBU6N, STM32C071K8T6, STM32C071K8T6N, STM32C071K8U6, STM32C071K8U6N, STM32C071KBT6, STM32C071KBT6N, STM32C071KBU6, STM32C071KBU6N, STM32C071R8T6, STM32C071R8T6N, STM32C071RBI6N, STM32C071RBT6, STM32C071RBT6N, STM32C091CBT6, STM32C091CBU6, STM32C091CCT6, STM32C091CCU6, STM32C091ECY6TR, STM32C091FBP6, STM32C091FCP6, STM32C091GBU6, STM32C091GCU6, STM32C091KBT6, STM32C091KBU6, STM32C091KCT6, STM32C091KCU6, STM32C091RBT6, STM32C091RCI6, STM32C091RCT6, STM32C092CBT6, STM32C092CBU6, STM32C092CCT6, STM32C092CCU6, STM32C092ECY6TR, STM32C092FBP6, STM32C092FCP6, STM32C092GBU6, STM32C092GCU6, STM32C092KBT6, STM32C092KBU6, STM32C092KCT6, STM32C092KCU6, STM32C092RBT6, STM32C092RCI6, STM32C092RCT6, STM32G071K8TXN, STM32G071K8UXN, STM32G081GBU6N, STM32G081KBT6N, STM32G081KBUXN, STM32G0B1CCT6N, STM32G0B1KCT6, STM32G0B1NEY6TR, STM32G0B1RCT6N, STM32G0C1CCT6, STM32G0C1CCT6N, STM32G0C1CCU6N, STM32G0C1CET6N, STM32G0C1CEU6N, STM32G0C1KCT6, STM32G0C1NEY6TR, STM32G0C1RCI6N, STM32G0C1RCT6N, STM32G0C1REI6N, STM32G0C1RET6N, STM32G0C1VCI6, STM32G0C1VEI6, STM32G411C6T3, STM32G411C6T6, STM32G411C6U3, STM32G411C6U6, STM32G411C8T3, STM32G411C8T6, STM32G411C8U3, STM32G411C8U6, STM32G411CBT3, STM32G411CBT6, STM32G411CBU3, STM32G411CBU6, STM32G411CCT3, STM32G411CCT6, STM32G411CCU3, STM32G411CCU6, STM32G411K6T3, STM32G411K6T6, STM32G411K6U3, STM32G411K6U6, STM32G411K8T3, STM32G411K8T6, STM32G411K8U3, STM32G411K8U6, STM32G411KBT3, STM32G411KBT6, STM32G411KBU3, STM32G411KBU6, STM32G411M6T3, STM32G411M6T6, STM32G411M8T3, STM32G411M8T6, STM32G411MBT3, STM32G411MBT6, STM32G411MCT3, STM32G411MCT6, STM32G411R6T3, STM32G411R6T6, STM32G411R8T3, STM32G411R8T6, STM32G411RBT3, STM32G411RBT6, STM32G411RCT3, STM32G411RCT6, STM32G414CBT3, STM32G414CBT6, STM32G414CBU3, STM32G414CBU6, STM32G414CCT3, STM32G414CCT6, STM32G414CCU3, STM32G414CCU6, STM32G414MBT3, STM32G414MBT6, STM32G414MCT3, STM32G414MCT6, STM32G414RBT3, STM32G414RBT6, STM32G414RCT3, STM32G414RCT6, STM32G414VBT3, STM32G414VBT6, STM32G414VCT3, STM32G414VCT6, STM32G431CBT3Z, STM32G431RBT3Z, STM32G471CCT6, STM32G471CCU6, STM32G471CET3, STM32G471CET6, STM32G471CEU3, STM32G471CEU6, STM32G471MCT6, STM32G471MET3, STM32G471MET6, STM32G471MEY6TR, STM32G471QCT6, STM32G471QET3, STM32G471RCT6, STM32G471RET3, STM32G471RET6, STM32G471VCH6, STM32G471VCI6, STM32G471VCT6, STM32G471VEH3, STM32G471VEH6, STM32G471VEI3, STM32G471VEI6, STM32G471VET3, STM32G471VET6, STM32G473QET3Z, STM32G473RET3Z, STM32G474CCT6, STM32G491RET3Z, STM32H503CBT6, STM32H503CBU6, STM32H503EBY6TR, STM32H503KBU6, STM32H503RBT6, STM32H523CCT6, STM32H523CCU6, STM32H523CET6, STM32H523CEU6, STM32H523HEY6TR, STM32H523RCT6, STM32H523RET6, STM32H523VCI6, STM32H523VCT6, STM32H523VEI6, STM32H523VET6, STM32H523ZCJ6, STM32H523ZCT6, STM32H523ZEJ6, STM32H523ZET6, STM32H533CET6, STM32H533CEU6, STM32H533HEY6TR, STM32H533RET6, STM32H533VEI6, STM32H533VET6, STM32H533ZEJ6, STM32H533ZET6, STM32H562AGI6, STM32H562AII6, STM32H562IGK6, STM32H562IGT6, STM32H562IIK6, STM32H562IIT6, STM32H562RGT6, STM32H562RGV6, STM32H562RIT6, STM32H562RIV6, STM32H562VGT6, STM32H562VIT6, STM32H562ZGT6, STM32H562ZIT6, STM32H563AGI6, STM32H563AII3Q, STM32H563AII6, STM32H563IGK6, STM32H563IGT6, STM32H563IIK3Q, STM32H563IIK6, STM32H563IIT3Q, STM32H563IIT6, STM32H563MIY3QTR, STM32H563RGT6, STM32H563RGV6, STM32H563RIT6, STM32H563RIV6, STM32H563VGT6, STM32H563VIT3Q, STM32H563VIT6, STM32H563ZGT6, STM32H563ZIT3Q, STM32H563ZIT6, STM32H573AII3Q, STM32H573AII6, STM32H573I-DK, STM32H573IIK3Q, STM32H573IIK6, STM32H573IIT3Q, STM32H573IIT6, STM32H573MIY3QTR, STM32H573RIT6, STM32H573RIV6, STM32H573VIT3Q, STM32H573VIT6, STM32H573ZIT3Q, STM32H573ZIT6, STM32H7R3A8I6, STM32H7R3I8K6, STM32H7R3I8T6, STM32H7R3L8H6, STM32H7R3L8H6H, STM32H7R3R8V6, STM32H7R3V8H6, STM32H7R3V8T6, STM32H7R3V8Y6TR, STM32H7R3Z8J6, STM32H7R3Z8T6, STM32H7R7A8I6, STM32H7R7I8K6, STM32H7R7I8T6, STM32H7R7L8H6, STM32H7R7L8H6H, STM32H7R7Z8J6, STM32H7S3A8I6, STM32H7S3I8K6, STM32H7S3I8T6, STM32H7S3L8H6, STM32H7S3L8H6H, STM32H7S3R8V6, STM32H7S3V8H6, STM32H7S3V8T6, STM32H7S3V8Y6TR, STM32H7S3Z8J6, STM32H7S3Z8T6, STM32H7S78-DK, STM32H7S7A8I6, STM32H7S7I8K6, STM32H7S7I8T6, STM32H7S7L8H6, STM32H7S7L8H6H, STM32H7S7Z8J6, STM32L4R5QGI6STR, STM32MP131AAE3, STM32MP131AAF3, STM32MP131AAG3, STM32MP131CAE3, STM32MP131CAF3, STM32MP131CAG3, STM32MP131DAE7, STM32MP131DAF7, STM32MP131DAG7, STM32MP131FAE7, STM32MP131FAF7, STM32MP131FAG7, STM32MP133AAE3, STM32MP133AAF3, STM32MP133AAG3, STM32MP133CAE3, STM32MP133CAF3, STM32MP133CAG3, STM32MP133DAE7, STM32MP133DAF7, STM32MP133DAG7, STM32MP133FAE7, STM32MP133FAF7, STM32MP133FAG7, STM32MP135AAE3, STM32MP135AAF3, STM32MP135AAG3, STM32MP135CAE3, STM32MP135CAF3, STM32MP135CAG3, STM32MP135DAE7, STM32MP135DAF7, STM32MP135DAG7, STM32MP135F-DK, STM32MP135FAE7, STM32MP135FAF7, STM32MP135FAF7T, STM32MP135FAF7U, STM32MP135FAG7, STM32MP231AAJ3, STM32MP231AAK3, STM32MP231AAL3, STM32MP231CAJ3, STM32MP231CAK3, STM32MP231CAL3, STM32MP231DAJ3, STM32MP231DAK3, STM32MP231DAL3, STM32MP231FAJ3, STM32MP231FAK3, STM32MP231FAL3, STM32MP233AAJ3, STM32MP233AAK3, STM32MP233AAL3, STM32MP233CAJ3, STM32MP233CAK3, STM32MP233CAL3, STM32MP233DAJ3, STM32MP233DAK3, STM32MP233DAL3, STM32MP233FAJ3, STM32MP233FAK3, STM32MP233FAL3, STM32MP235AAJ3, STM32MP235AAK3, STM32MP235AAL3, STM32MP235CAJ3, STM32MP235CAK3, STM32MP235CAL3, STM32MP235DAJ3, STM32MP235DAK3, STM32MP235DAL3, STM32MP235FAJ3, STM32MP235FAK3, STM32MP235FAL3, STM32MP251AAI3, STM32MP251AAJ3, STM32MP251AAK3, STM32MP251AAL3, STM32MP251CAI3, STM32MP251CAJ3, STM32MP251CAK3, STM32MP251CAL3, STM32MP251DAI3, STM32MP251DAJ3, STM32MP251DAK3, STM32MP251DAL3, STM32MP251FAI3, STM32MP251FAJ3, STM32MP251FAK3, STM32MP251FAL3, STM32MP253AAI3, STM32MP253AAJ3, STM32MP253AAK3, STM32MP253AAL3, STM32MP253CAI3, STM32MP253CAJ3, STM32MP253CAK3, STM32MP253CAL3, STM32MP253DAI3, STM32MP253DAJ3, STM32MP253DAK3, STM32MP253DAL3, STM32MP253FAI3, STM32MP253FAJ3, STM32MP253FAK3, STM32MP253FAL3, STM32MP255AAI3, STM32MP255AAJ3, STM32MP255AAK3, STM32MP255AAL3, STM32MP255CAI3, STM32MP255CAJ3, STM32MP255CAK3, STM32MP255CAL3, STM32MP255DAI3, STM32MP255DAJ3, STM32MP255DAK3, STM32MP255DAL3, STM32MP255FAI3, STM32MP255FAJ3, STM32MP255FAK3, STM32MP255FAL3, STM32MP257AAI3, STM32MP257AAJ3, STM32MP257AAK3, STM32MP257AAL3, STM32MP257CAI3, STM32MP257CAJ3, STM32MP257CAK3, STM32MP257CAL3, STM32MP257DAI3, STM32MP257DAJ3, STM32MP257DAK3, STM32MP257DAL3, STM32MP257F-DK, STM32MP257F-EV1, STM32MP257FAI3, STM32MP257FAJ3, STM32MP257FAK3, STM32MP257FAL3, STM32N645A0H3Q, STM32N645B0H3Q, STM32N645I0H3Q, STM32N645L0H3Q, STM32N645X0H3Q, STM32N645Z0H3Q, STM32N647A0H3Q, STM32N647B0H3Q, STM32N647I0H3Q, STM32N647L0H3Q, STM32N647X0H3Q, STM32N647Z0H3Q, STM32N655A0H3Q, STM32N655B0H3Q, STM32N655I0H3Q, STM32N655L0H3Q, STM32N655X0H3Q, STM32N655Z0H3Q, STM32N6570-DK, STM32N657A0H3Q, STM32N657B0H3Q, STM32N657I0H3Q, STM32N657L0H3Q, STM32N657X0H3Q, STM32N657Z0H3Q, STM32U031C6T6, STM32U031C6U6, STM32U031C8T6, STM32U031C8U6, STM32U031F4P6, STM32U031F6P6, STM32U031F8P6, STM32U031G6Y6TR, STM32U031G8Y6TR, STM32U031K4U6, STM32U031K6U6, STM32U031K8U6, STM32U031R6I6, STM32U031R6T6, STM32U031R8I6, STM32U031R8T6, STM32U073C8T6, STM32U073C8U6, STM32U073CBT6, STM32U073CBU6, STM32U073CCT6, STM32U073CCU6, STM32U073H8Y6TR, STM32U073HBY6TR, STM32U073HCY6TR, STM32U073K8U6, STM32U073KBU6, STM32U073KCU6, STM32U073M8I6, STM32U073M8T6, STM32U073MBI6, STM32U073MBT6, STM32U073MCI6, STM32U073MCT6, STM32U073R8I6, STM32U073R8T6, STM32U073RBI6, STM32U073RBT6, STM32U073RCI6, STM32U073RCT6, STM32U083C-DK, STM32U083CCT6, STM32U083CCU6, STM32U083HCY6TR, STM32U083KCU6, STM32U083MCI6, STM32U083MCT6, STM32U083RCI6, STM32U083RCT6, STM32U375CET6, STM32U375CET6Q, STM32U375CEU6, STM32U375CEU6Q, STM32U375CEY6QTR, STM32U375CGT6, STM32U375CGT6Q, STM32U375CGU6, STM32U375CGU6Q, STM32U375CGY6QTR, STM32U375KEU6, STM32U375KGU6, STM32U375REI6, STM32U375REI6Q, STM32U375RET6, STM32U375RET6Q, STM32U375REY6GTR, STM32U375REY6QTR, STM32U375RGI6, STM32U375RGI6Q, STM32U375RGT6, STM32U375RGT6Q, STM32U375RGY6GTR, STM32U375RGY6QTR, STM32U375VEI6, STM32U375VEI6Q, STM32U375VET6, STM32U375VET6Q, STM32U375VGI6, STM32U375VGI6Q, STM32U375VGT6, STM32U375VGT6Q, STM32U385CGT6, STM32U385CGT6Q, STM32U385CGU6, STM32U385CGU6Q, STM32U385CGY6QTR, STM32U385KGU6, STM32U385RGI6, STM32U385RGI6Q, STM32U385RGT6, STM32U385RGT6Q, STM32U385RGY6GTR, STM32U385RGY6QTR, STM32U385VGI6, STM32U385VGI6Q, STM32U385VGT6, STM32U385VGT6Q, STM32U535CBT6, STM32U535CBT6Q, STM32U535CBU6, STM32U535CBU6Q, STM32U535CCT6, STM32U535CCT6Q, STM32U535CCU6, STM32U535CCU6Q, STM32U535CET6, STM32U535CET6Q, STM32U535CEU6, STM32U535CEU6Q, STM32U535JEY6QTR, STM32U535NCY6QTR, STM32U535NEY6QTR, STM32U535RBI6, STM32U535RBI6Q, STM32U535RBT6, STM32U535RBT6Q, STM32U535RCI6, STM32U535RCI6Q, STM32U535RCT6, STM32U535RCT6Q, STM32U535REI6, STM32U535REI6Q, STM32U535RET6, STM32U535RET6Q, STM32U535VCI6, STM32U535VCI6Q, STM32U535VCT6, STM32U535VCT6Q, STM32U535VEI6, STM32U535VEI6Q, STM32U535VET6, STM32U535VET6Q, STM32U545CET6, STM32U545CET6Q, STM32U545CEU6, STM32U545CEU6Q, STM32U545JEY6QTR, STM32U545NEY6QTR, STM32U545REI6, STM32U545REI6Q, STM32U545RET6, STM32U545RET6Q, STM32U545VEI6, STM32U545VEI6Q, STM32U545VET6, STM32U545VET6Q, STM32U595AIH6, STM32U595AIH6Q, STM32U595AJH6, STM32U595AJH6Q, STM32U595QII6, STM32U595QII6Q, STM32U595QJI6, STM32U595QJI6Q, STM32U595RIT6, STM32U595RIT6Q, STM32U595RJT6, STM32U595RJT6Q, STM32U595VIT6, STM32U595VIT6Q, STM32U595VJT6, STM32U595VJT6Q, STM32U595ZIT6, STM32U595ZIT6Q, STM32U595ZIY6QTR, STM32U595ZJT6, STM32U595ZJT6Q, STM32U595ZJY6QTR, STM32U599BJY6QTR, STM32U599NIH6Q, STM32U599NJH6Q, STM32U599VIT6Q, STM32U599VJT6, STM32U599VJT6Q, STM32U599ZIT6Q, STM32U599ZIY6QTR, STM32U599ZJT6Q, STM32U599ZJY6QTR, STM32U5A5AJH6, STM32U5A5AJH6Q, STM32U5A5QII3Q , STM32U5A5QJI6, STM32U5A5QJI6Q, STM32U5A5RJT6, STM32U5A5RJT6Q, STM32U5A5VJT6, STM32U5A5VJT6Q, STM32U5A5ZJT6, STM32U5A5ZJT6Q, STM32U5A5ZJY6QTR, STM32U5A9BJY6QTR, STM32U5A9J-DK, STM32U5A9NJH6Q, STM32U5A9VJT6Q, STM32U5A9ZJT6Q, STM32U5A9ZJY6QTR, STM32U5F7VIT6, STM32U5F7VIT6Q, STM32U5F7VJT6, STM32U5F7VJT6Q, STM32U5F9BJY6QTR, STM32U5F9NJH6Q, STM32U5F9VIT6Q, STM32U5F9VJT6Q, STM32U5F9ZIJ6QTR, STM32U5F9ZIT6Q, STM32U5F9ZJJ6QTR, STM32U5F9ZJT6Q, STM32U5G7VJT6, STM32U5G7VJT6Q, STM32U5G9BJY6QTR, STM32U5G9J-DK1, STM32U5G9J-DK2, STM32U5G9NJH6Q, STM32U5G9VJT6Q, STM32U5G9ZJJ6QTR, STM32U5G9ZJT6Q, STM32WB05KZV6TR, STM32WB05KZV7TR, STM32WB05TZF6TR, STM32WB05TZF7TR, STM32WB06CCF6TR, STM32WB06CCF7TR, STM32WB06CCV6TR, STM32WB06CCV7TR, STM32WB06KCV6TR, STM32WB06KCV7TR, STM32WB07CCF6TR, STM32WB07CCF7TR, STM32WB07CCV6TR, STM32WB07CCV7TR, STM32WB07KCV6TR, STM32WB07KCV7TR, STM32WB09KEV6TR, STM32WB09KEV7TR, STM32WB09TEF6TR, STM32WB09TEF7TR, STM32WB1MMCH6, STM32WBA50KGU6, STM32WBA50KGU6TR, STM32WBA52CEU6, STM32WBA52CEU6TR, STM32WBA52CEU7, STM32WBA52CEU7TR, STM32WBA52CGU6, STM32WBA52CGU6TR, STM32WBA52CGU6U, STM32WBA52CGU7, STM32WBA52CGU7TR, STM32WBA52KEU6, STM32WBA52KEU6TR, STM32WBA52KGU6, STM32WBA52KGU6TR, STM32WBA54CEU6, STM32WBA54CEU6TR, STM32WBA54CEU7, STM32WBA54CEU7TR, STM32WBA54CGU6, STM32WBA54CGU6TR, STM32WBA54CGU7, STM32WBA54CGU7TR, STM32WBA54KEU6, STM32WBA54KEU6TR, STM32WBA54KEU7, STM32WBA54KEU7TR, STM32WBA54KGU6, STM32WBA54KGU6TR, STM32WBA54KGU7, STM32WBA54KGU7TR, STM32WBA55CEU6, STM32WBA55CEU6TR, STM32WBA55CEU7, STM32WBA55CEU7TR, STM32WBA55CGU6, STM32WBA55CGU6TR, STM32WBA55CGU6U, STM32WBA55CGU7, STM32WBA55CGU7TR, STM32WBA55G-DK1, STM32WBA55HEF6, STM32WBA55HEF7, STM32WBA55HGF6, STM32WBA55HGF7, STM32WBA55UEI6, STM32WBA55UEI6TR, STM32WBA55UEI7, STM32WBA55UEI7TR, STM32WBA55UGI6, STM32WBA55UGI6TR, STM32WBA55UGI7, STM32WBA55UGI7TR, STM32WBA5MJGH6TR, STM32WBA62CGU6, STM32WBA62CIU6, STM32WBA62MGF6, STM32WBA62MIF6, STM32WBA62PGI6, STM32WBA62PII6, STM32WBA63CGU6, STM32WBA63CGU7, STM32WBA63CIU6, STM32WBA63CIU7, STM32WBA64CGU6, STM32WBA64CGU7, STM32WBA64CIU6, STM32WBA64CIU7, STM32WBA65CGU6, STM32WBA65CGU7, STM32WBA65CIU6, STM32WBA65CIU7, STM32WBA65I-DK1, STM32WBA65MGF6, STM32WBA65MGF7, STM32WBA65MIF6, STM32WBA65MIF7, STM32WBA65PGI6, STM32WBA65PGI7, STM32WBA65PII6, STM32WBA65PII7, STM32WBA65RGV6, STM32WBA65RGV7, STM32WBA65RIV6, STM32WBA65RIV7, STM32WL30K8V6, STM32WL30KBV6, STM32WL31C8V6, STM32WL31CBV6, STM32WL31K8V6, STM32WL31KBV6, STM32WL33C8V6, STM32WL33C8V6TR, STM32WL33C8V7, STM32WL33C8V7TR, STM32WL33CBV6, STM32WL33CBV6TR, STM32WL33CBV7, STM32WL33CBV7TR, STM32WL33CCV6, STM32WL33CCV6TR, STM32WL33CCV7, STM32WL33CCV7A, STM32WL33CCV7ATR, STM32WL33CCV7TR, STM32WL33K8V6, STM32WL33K8V6TR, STM32WL33K8V7, STM32WL33K8V7TR, STM32WL33KBV6, STM32WL33KBV6TR, STM32WL33KBV7, STM32WL33KBV7TR, STM32WL33KCV6, STM32WL33KCV6TR, STM32WL33KCV7, STM32WL33KCV7TR, STM32WL5MOCH6, STM32WL5MOCH6TR]
2025-11-09 18:09:44,655 [INFO] BoardInfo:889 - No configuration file found for board P-NUCLEO-WB55
2025-11-09 18:09:44,657 [INFO] DbBoards:161 - Kit is not supported: P-NUCLEO-WB55
2025-11-09 18:09:44,670 [INFO] BoardInfo:889 - No configuration file found for board STEVAL-BFA001V1B
2025-11-09 18:09:44,672 [INFO] DbBoards:161 - Kit is not supported: STEVAL-BFA001V1B
2025-11-09 18:09:44,675 [INFO] BoardInfo:889 - No configuration file found for board STEVAL-BFA001V2B
2025-11-09 18:09:44,677 [INFO] DbBoards:161 - Kit is not supported: STEVAL-BFA001V2B
2025-11-09 18:09:45,067 [INFO] DbBoards:168 - Found 211 boards, 208 are supported
2025-11-09 18:09:45,067 [INFO] DbBoards:169 - Found 211 boards, 43 of them is supported for  Bsp
2025-11-09 18:09:45,069 [INFO] ApiDb:423 - Load user favorites file C:\Users\User/.stm32cubeide/favorites.boards.txt: 0 item(s)
2025-11-09 18:09:45,069 [INFO] ApiDb:427 - User favorites Boards=[]
2025-11-09 18:09:45,069 [INFO] DbBoards:198 - Set 0 / 0 favorites Boards
2025-11-09 18:09:45,072 [INFO] ApiDb:668 - CubeFinder database Data Model version=2.1
2025-11-09 18:09:45,072 [INFO] ApiDb:669 - CubeFinder database Configuration version=3.0.39
2025-11-09 18:09:45,072 [INFO] ApiDb:670 - CubeFinder database generation date=2025-10-27 (1761571959)
2025-11-09 18:09:45,072 [INFO] ApiDb:671 - CubeFinder database FW Pack versions=[FP-ATR-ASTRA1_V2.0.0, FP-SNS-FLIGHT1_V5.1.0, FP-SNS-MOTENV1_V5.0.0, FP-SNS-MOTENVWB1_V1.4.0, FP-SNS-SMARTAG2_V1.2.0, FP-SNS-STBOX1_V2.1.0, STM32Cube_FW_C0_V1.4.0, STM32Cube_FW_F4_V1.28.3, STM32Cube_FW_F7_V1.17.4, STM32Cube_FW_G0_V1.6.2, STM32Cube_FW_G4_V1.6.1, STM32Cube_FW_H5_V1.5.0, STM32Cube_FW_H7RS_V1.2.0, STM32Cube_FW_H7_V1.12.1, STM32Cube_FW_L0_V1.12.2, STM32Cube_FW_L4_V1.18.1, STM32Cube_FW_L5_V1.5.1, STM32Cube_FW_N6_V1.2.0, STM32Cube_FW_U0_V1.3.0, STM32Cube_FW_U3_V1.2.1, STM32Cube_FW_U5_V1.8.0, STM32Cube_FW_WB0_V1.3.0, STM32Cube_FW_WBA_V1.7.0, STM32Cube_FW_WB_V1.23.0, STM32Cube_FW_WL3_V1.2.0, STM32Cube_FW_WL_V1.3.1, X-CUBE-ALGOBUILD_V1.4.0, X-CUBE-ALS_V1.0.2, X-CUBE-AZRTOS-F4_V1.1.0, X-CUBE-AZRTOS-F7_V1.1.0, X-CUBE-AZRTOS-G0_V1.1.0, X-CUBE-AZRTOS-G4_V2.0.0, X-CUBE-AZRTOS-H7RS_V1.1.0, X-CUBE-AZRTOS-H7_V3.4.0, X-CUBE-AZRTOS-L4_V2.0.0, X-CUBE-AZRTOS-L5_V2.0.0, X-CUBE-AZRTOS-WB_V2.0.0, X-CUBE-AZRTOS-WL_V2.0.0, X-CUBE-BLE1_V7.1.0, X-CUBE-BLE2_V3.3.0, X-CUBE-BLEMGR_V4.1.0, X-CUBE-EEPRMA1_V5.2.0, X-CUBE-FREERTOS_V1.3.1, X-CUBE-GNSS1_V6.0.0, X-CUBE-MEMS1_V11.3.0, X-CUBE-NFC4_V3.0.0, X-CUBE-NFC7_V2.0.0, X-CUBE-SFXS2LP1_V4.0.0, X-CUBE-ST67W61_V1.1.0, X-CUBE-SUBG2_V5.0.0, X-CUBE-TOF1_V3.4.3]
2025-11-09 18:09:45,894 [ERROR] DbExamplesSqlite:437 - Missing JSON key: board_cpn
2025-11-09 18:09:45,895 [ERROR] DbExamplesSqlite:437 - Missing JSON key: board_cpn
2025-11-09 18:09:45,895 [ERROR] DbExamplesSqlite:437 - Missing JSON key: board_cpn
2025-11-09 18:09:45,895 [ERROR] DbExamplesSqlite:437 - Missing JSON key: board_cpn
2025-11-09 18:09:46,285 [ERROR] DbExamplesSqlite:437 - Missing JSON key: board_cpn
2025-11-09 18:09:46,285 [ERROR] DbExamplesSqlite:437 - Missing JSON key: board_cpn
2025-11-09 18:09:46,289 [INFO] DbExamplesSqlite:395 - Ignored 33 examples not supported by CubeIDE
2025-11-09 18:09:46,289 [INFO] DbExamplesSqlite:396 - Found 10875 examples active
2025-11-09 18:09:46,290 [INFO] DbExamplesSqlite:397 - Found 0 examples obsolete
2025-11-09 18:09:46,290 [INFO] DbExamplesSqlite:398 - Found 0 examples under development
2025-11-09 18:09:46,290 [INFO] DbExamplesSqlite:399 - Found 65 examples not building
2025-11-09 18:09:46,292 [INFO] DbExamples:125 - Found 10907 examples
2025-11-09 18:09:46,310 [INFO] DbExamples:222 - Found 134 boards with related examples
2025-11-09 18:09:46,312 [INFO] DbExamples:235 - Found 111 MCUs with related examples
2025-11-09 18:09:46,333 [INFO] ApiDb:423 - Load user favorites file C:\Users\User/.stm32cubeide/favorites.examples.txt: 0 item(s)
2025-11-09 18:09:46,334 [INFO] ApiDb:427 - User favorites Examples=[]
2025-11-09 18:09:46,334 [INFO] DbExamples:250 - Set 0 / 0 favorites Examples
2025-11-09 18:09:46,611 [INFO] McuFinderGlobals:76 - Set McuFinderConnectedMode to true
2025-11-09 18:09:46,633 [INFO] MultiScanPanel:200 - Auto-refresh data requested => check proxy status ongoing
2025-11-09 18:09:46,641 [INFO] FinderPluginLoader:95 - Searching for filters in installed packs
2025-11-09 18:09:48,493 [INFO] LoadUrlFilesThread:185 - End of LoadServerUrlFiles without Thread
2025-11-09 18:09:48,563 [INFO] DetailPanel:341 - Set advertising image to C:/Users/User/STM32Cube/Repository/\en.mcu-finder-preevent.jpg
2025-11-09 18:10:17,671 [INFO] MainUpdater:2872 - connection check result : 10
2025-11-09 18:10:17,672 [INFO] MainUpdater:2872 - connection check result : 10
2025-11-09 18:10:17,698 [INFO] MicroXplorer:468 - Change Database Path : 
2025-11-09 18:10:17,698 [INFO] MicroXplorer:498 - Change Database Version : DB.6.0.141
2025-11-09 18:10:17,710 [WARN] ThirdParty:871 - waiting for thirdparty lock release [close project]
2025-11-09 18:10:17,710 [INFO] ThirdParty:873 - entering critical section [close project]
2025-11-09 18:10:17,711 [INFO] ThirdParty:883 - exiting critical section [close project]
2025-11-09 18:10:17,717 [INFO] PinOutPanel:1589 - setPackage(No Configuration,No Configuration)
2025-11-09 18:10:17,727 [INFO] UtilMem:75 - Begin LoadConfig() Used Memory: 939384000 Bytes (1073741824)
2025-11-09 18:10:17,732 [INFO] MicroXplorer:468 - Change Database Path : 
2025-11-09 18:10:17,732 [INFO] MicroXplorer:498 - Change Database Version : DB.6.0.141
2025-11-09 18:10:17,732 [INFO] OpenFileManager:354 - Change cursor
2025-11-09 18:10:18,035 [INFO] Mcu:2011 - Initializing MCU STM32F103C8Tx STM32F103C8Tx STM32F103C8T6
2025-11-09 18:10:19,618 [INFO] Context:756 - Trying to add GPIOservice into a context  which must be forbidden
2025-11-09 18:10:19,919 [INFO] ImportTextPane:218 - (OptionalMessage_ERROR) Unable to find key (Mcu.ThirdPartyNb) in loaded IOC file
2025-11-09 18:10:19,919 [INFO] ImportTextPane:218 - (OptionalMessage_ERROR) Unable to find key (Mcu.PinsNb) in loaded IOC file
2025-11-09 18:10:19,920 [INFO] ImportTextPane:218 - (OptionalMessage_ERROR) Pin0 (VP_RIF_VS_RIF1) cannot be retrieved for this MCU
2025-11-09 18:10:19,920 [INFO] ImportTextPane:218 - (OptionalMessage_ERROR) Unable to find key (Mcu.IPNb) in loaded IOC file
2025-11-09 18:10:20,149 [INFO] RtosManager:558 - Registered RTOS mode: class=CMSIS, group=RTOS, mode=CMSIS_V1, owner=FREERTOS
2025-11-09 18:10:20,149 [INFO] RtosManager:558 - Registered RTOS mode: class=CMSIS, group=RTOS2, mode=CMSIS_V2, owner=FREERTOS
2025-11-09 18:10:20,149 [INFO] RtosManager:558 - Registered RTOS mode: class=RTOS, group=Core, mode=CMSIS_V1, owner=FREERTOS
2025-11-09 18:10:20,149 [INFO] RtosManager:558 - Registered RTOS mode: class=RTOS, group=Core, mode=CMSIS_V2, owner=FREERTOS
2025-11-09 18:10:20,149 [WARN] ModelIntegratedComponent:184 - Missing modes for component STMicroelectronics:FreeRTOS:0.0.1:STMicroelectronics:RTOS:FreeRTOS:Core:::10.2.0:
2025-11-09 18:10:20,160 [WARN] ModelIntegratedComponent:63 - No mode defined for component null
2025-11-09 18:10:20,160 [WARN] ModelIntegratedComponent:63 - No mode defined for component null
2025-11-09 18:10:20,160 [WARN] ModelIntegratedComponent:63 - No mode defined for component null
2025-11-09 18:10:20,160 [WARN] ModelIntegratedComponent:63 - No mode defined for component null
2025-11-09 18:10:20,160 [WARN] ModelIntegratedComponent:63 - No mode defined for component null
2025-11-09 18:10:20,160 [WARN] ModelIntegratedComponent:63 - No mode defined for component null
2025-11-09 18:10:20,160 [WARN] ModelIntegratedComponent:63 - No mode defined for component null
2025-11-09 18:10:20,160 [WARN] ModelIntegratedComponent:63 - No mode defined for component null
2025-11-09 18:10:20,160 [WARN] ModelIntegratedComponent:63 - No mode defined for component null
2025-11-09 18:10:20,160 [WARN] ModelIntegratedComponent:63 - No mode defined for component null
2025-11-09 18:10:20,160 [WARN] ModelIntegratedComponent:63 - No mode defined for component null
2025-11-09 18:10:20,160 [WARN] ModelIntegratedComponent:63 - No mode defined for component null
2025-11-09 18:10:20,161 [WARN] ModelIntegratedComponent:63 - No mode defined for component null
2025-11-09 18:10:20,161 [WARN] ModelIntegratedComponent:63 - No mode defined for component null
2025-11-09 18:10:20,161 [WARN] ModelIntegratedComponent:63 - No mode defined for component null
2025-11-09 18:10:20,161 [WARN] ModelIntegratedComponent:63 - No mode defined for component null
2025-11-09 18:10:20,161 [WARN] ModelIntegratedComponent:63 - No mode defined for component null
2025-11-09 18:10:20,161 [WARN] ModelIntegratedComponent:63 - No mode defined for component null
2025-11-09 18:10:20,161 [WARN] ModelIntegratedComponent:63 - No mode defined for component null
2025-11-09 18:10:20,161 [WARN] ModelIntegratedComponent:63 - No mode defined for component null
2025-11-09 18:10:20,161 [WARN] ModelIntegratedComponent:63 - No mode defined for component null
2025-11-09 18:10:20,161 [WARN] ModelIntegratedComponent:63 - No mode defined for component null
2025-11-09 18:10:20,161 [WARN] ModelIntegratedComponent:63 - No mode defined for component null
2025-11-09 18:10:20,161 [WARN] ModelIntegratedComponent:63 - No mode defined for component null
2025-11-09 18:10:20,161 [WARN] ModelIntegratedComponent:63 - No mode defined for component null
2025-11-09 18:10:20,161 [WARN] ModelIntegratedComponent:63 - No mode defined for component null
2025-11-09 18:10:20,161 [WARN] ModelIntegratedComponent:63 - No mode defined for component null
2025-11-09 18:10:20,161 [WARN] ModelIntegratedComponent:63 - No mode defined for component null
2025-11-09 18:10:20,161 [WARN] ModelIntegratedComponent:63 - No mode defined for component null
2025-11-09 18:10:20,162 [WARN] ModelIntegratedComponent:63 - No mode defined for component null
2025-11-09 18:10:20,162 [WARN] ModelIntegratedComponent:63 - No mode defined for component null
2025-11-09 18:10:20,162 [WARN] ModelIntegratedComponent:63 - No mode defined for component null
2025-11-09 18:10:20,162 [WARN] ModelIntegratedComponent:63 - No mode defined for component null
2025-11-09 18:10:20,162 [WARN] ModelIntegratedComponent:63 - No mode defined for component null
2025-11-09 18:10:20,162 [WARN] ModelIntegratedComponent:63 - No mode defined for component null
2025-11-09 18:10:20,162 [WARN] ModelPack:524 - Component already loaded: STMicroelectronics:HAL Drivers:0.0.0:STMicroelectronics:Device:STMicro_Driver:XSPI:HAL::0.0.1:HAL_XSPI
2025-11-09 18:10:20,625 [INFO] ThirdPartyModel:298 - Start build external matchings
2025-11-09 18:10:24,745 [INFO] ThirdPartyModel:316 - End build external matchings
2025-11-09 18:10:25,016 [INFO] UtilMem:75 - End LoadConfig() Used Memory: 894186856 Bytes (1073741824)
2025-11-09 18:10:25,051 [WARN] ThirdParty:833 - waiting for thirdparty lock release [change project]
2025-11-09 18:10:25,051 [INFO] ThirdParty:835 - entering critical section [change project]
2025-11-09 18:10:25,052 [INFO] ThirdParty:1030 - CMSIS Pack Vendor :STMicroelectronics X-CUBE-PM33A1 1.0.0
2025-11-09 18:10:25,053 [INFO] ThirdParty:1030 - CMSIS Pack Vendor :STMicroelectronics USBPD 4.1
2025-11-09 18:10:25,054 [INFO] ThirdParty:1030 - CMSIS Pack Vendor :STMicroelectronics X-CUBE-GNSS1 6.0.0
2025-11-09 18:10:25,058 [INFO] ThirdParty:1030 - CMSIS Pack Vendor :STMicroelectronics USB_HOST 2.0.0
2025-11-09 18:10:25,058 [INFO] ThirdParty:1030 - CMSIS Pack Vendor :STMicroelectronics FP-SNS-MOTENVWB1 1.4.0
2025-11-09 18:10:25,059 [INFO] ThirdParty:1030 - CMSIS Pack Vendor :STMicroelectronics X-CUBE-AZRTOS-F4 1.1.0
2025-11-09 18:10:25,059 [INFO] ThirdParty:1030 - CMSIS Pack Vendor :STMicroelectronics LIBJPEG 8.0.0
2025-11-09 18:10:25,059 [INFO] ThirdParty:1030 - CMSIS Pack Vendor :STMicroelectronics FP-ATR-ASTRA1 2.0.2
2025-11-09 18:10:25,060 [INFO] ThirdParty:1030 - CMSIS Pack Vendor :STMicroelectronics FP-ATR-ASTRA1 2.0.1
2025-11-09 18:10:25,060 [INFO] ThirdParty:1030 - CMSIS Pack Vendor :Avnet-IotConnect X-CUBE-IoTC-DA16k-PMOD 1.0.0
2025-11-09 18:10:25,060 [INFO] ThirdParty:1030 - CMSIS Pack Vendor :STMicroelectronics X-CUBE-SMBUS 2.1.0
2025-11-09 18:10:25,060 [INFO] ThirdParty:1030 - CMSIS Pack Vendor :STMicroelectronics X-CUBE-WB05N 1.1.0
2025-11-09 18:10:25,060 [INFO] ThirdParty:1030 - CMSIS Pack Vendor :STMicroelectronics X-CUBE-ISPU 2.1.0
2025-11-09 18:10:25,060 [INFO] ThirdParty:1030 - CMSIS Pack Vendor :STMicroelectronics X-CUBE-FREERTOS 1.2.0
2025-11-09 18:10:25,060 [INFO] ThirdParty:1030 - CMSIS Pack Vendor :STMicroelectronics X-CUBE-ST60 1.0.0
2025-11-09 18:10:25,060 [INFO] ThirdParty:1030 - CMSIS Pack Vendor :STMicroelectronics X-CUBE-TOUCHGFX 4.23.0
2025-11-09 18:10:25,060 [INFO] ThirdParty:1030 - CMSIS Pack Vendor :STMicroelectronics X-CUBE-NFC12 1.0.0
2025-11-09 18:10:25,060 [INFO] ThirdParty:1030 - CMSIS Pack Vendor :STMicroelectronics X-CUBE-TOUCHGFX 4.23.2
2025-11-09 18:10:25,061 [INFO] ThirdParty:1030 - CMSIS Pack Vendor :STMicroelectronics X-CUBE-AZRTOS-F7 1.1.0
2025-11-09 18:10:25,061 [INFO] ThirdParty:1030 - CMSIS Pack Vendor :STMicroelectronics X-CUBE-AZRTOS-L5 2.0.0
2025-11-09 18:10:25,061 [INFO] ThirdParty:1030 - CMSIS Pack Vendor :STMicroelectronics USB_DEVICE 2.0.0
2025-11-09 18:10:25,061 [INFO] ThirdParty:1030 - CMSIS Pack Vendor :STMicroelectronics X-CUBE-EEPRMA1 4.2.0
2025-11-09 18:10:25,061 [INFO] ThirdParty:1030 - CMSIS Pack Vendor :STMicroelectronics X-CUBE-NFC6 3.1.0
2025-11-09 18:10:25,061 [INFO] ThirdParty:1030 - CMSIS Pack Vendor :STMicroelectronics FP-SNS-MOTENV1 4.3.2
2025-11-09 18:10:25,061 [INFO] ThirdParty:1030 - CMSIS Pack Vendor :STMicroelectronics X-CUBE-MEMS1 11.0.0
2025-11-09 18:10:25,061 [INFO] ThirdParty:1030 - CMSIS Pack Vendor :STMicroelectronics FreeRTOS 0.0.1
2025-11-09 18:10:25,061 [INFO] ThirdParty:1030 - CMSIS Pack Vendor :STMicroelectronics X-CUBE-DPower 1.2.0
2025-11-09 18:10:25,062 [INFO] ThirdParty:1030 - CMSIS Pack Vendor :STMicroelectronics FP-SNS-FLIGHT1 5.0.2
2025-11-09 18:10:25,062 [INFO] ThirdParty:1030 - CMSIS Pack Vendor :STMicroelectronics X-CUBE-AI 9.0.0
2025-11-09 18:10:25,062 [INFO] ThirdParty:1030 - CMSIS Pack Vendor :STMicroelectronics PDM2PCM 3.3.0
2025-11-09 18:10:25,062 [INFO] ThirdParty:1030 - CMSIS Pack Vendor :STMicroelectronics X-CUBE-AZRTOS-H7 3.4.0
2025-11-09 18:10:25,062 [INFO] ThirdParty:1030 - CMSIS Pack Vendor :STMicroelectronics X-CUBE-DISPLAY 3.0.0
2025-11-09 18:10:25,062 [INFO] ThirdParty:1030 - CMSIS Pack Vendor :STMicroelectronics X-CUBE-BLE1 7.0.0
2025-11-09 18:10:25,062 [INFO] ThirdParty:1030 - CMSIS Pack Vendor :STMicroelectronics X-CUBE-NFC10 1.0.0
2025-11-09 18:10:25,062 [INFO] ThirdParty:1030 - CMSIS Pack Vendor :STMicroelectronics X-CUBE-BLEMGR 4.0.0
2025-11-09 18:10:25,062 [INFO] ThirdParty:1030 - CMSIS Pack Vendor :STMicroelectronics X-CUBE-FREERTOS 1.3.1
2025-11-09 18:10:25,062 [INFO] ThirdParty:1030 - CMSIS Pack Vendor :STMicroelectronics HAL Drivers 0.0.0
2025-11-09 18:10:25,062 [INFO] ThirdParty:1030 - CMSIS Pack Vendor :STMicroelectronics X-CUBE-ST60 1.1.0
2025-11-09 18:10:25,062 [INFO] ThirdParty:1030 - CMSIS Pack Vendor :emotas I-CUBE-CANOPEN 1.3.0
2025-11-09 18:10:25,063 [INFO] ThirdParty:1030 - CMSIS Pack Vendor :STMicroelectronics X-CUBE-FREERTOS 1.3.0
2025-11-09 18:10:25,063 [INFO] ThirdParty:1030 - CMSIS Pack Vendor :STMicroelectronics X-CUBE-NFC7 1.0.1
2025-11-09 18:10:25,063 [INFO] ThirdParty:1030 - CMSIS Pack Vendor :STMicroelectronics MBEDTLS 2.14.1
2025-11-09 18:10:25,063 [INFO] ThirdParty:1030 - CMSIS Pack Vendor :STMicroelectronics X-CUBE-GNSS1 7.1.0
2025-11-09 18:10:25,063 [INFO] ThirdParty:1030 - CMSIS Pack Vendor :STMicroelectronics X-CUBE-TOUCHGFX 4.26.0
2025-11-09 18:10:25,063 [INFO] ThirdParty:1030 - CMSIS Pack Vendor :STMicroelectronics X-CUBE-NFC6 3.0.0
2025-11-09 18:10:25,063 [INFO] ThirdParty:1030 - CMSIS Pack Vendor :STMicroelectronics X-CUBE-BLEMGR 3.1.0
2025-11-09 18:10:25,063 [INFO] ThirdParty:1030 - CMSIS Pack Vendor :STMicroelectronics X-CUBE-AI 10.0.0
2025-11-09 18:10:25,063 [INFO] ThirdParty:1030 - CMSIS Pack Vendor :STMicroelectronics FP-SNS-SMARTAG2 1.2.0
2025-11-09 18:10:25,063 [INFO] ThirdParty:1030 - CMSIS Pack Vendor :STMicroelectronics FP-SNS-FLIGHT1 5.1.0
2025-11-09 18:10:25,063 [INFO] ThirdParty:1030 - CMSIS Pack Vendor :STMicroelectronics X-CUBE-MEMS1 11.1.0
2025-11-09 18:10:25,063 [INFO] ThirdParty:1030 - CMSIS Pack Vendor :STMicroelectronics X-CUBE-AZRTOS-WL 2.0.0
2025-11-09 18:10:25,063 [INFO] ThirdParty:1030 - CMSIS Pack Vendor :STMicroelectronics X-CUBE-DPower 1.3.0
2025-11-09 18:10:25,063 [INFO] ThirdParty:1030 - CMSIS Pack Vendor :STMicroelectronics FP-SNS-MOTENV1 5.0.0
2025-11-09 18:10:25,064 [INFO] ThirdParty:1030 - CMSIS Pack Vendor :STMicroelectronics USB_DEVICE 1.0.0
2025-11-09 18:10:25,064 [INFO] ThirdParty:1030 - CMSIS Pack Vendor :STMicroelectronics X-CUBE-AI 8.1.0
2025-11-09 18:10:25,064 [INFO] ThirdParty:1030 - CMSIS Pack Vendor :wolfSSL I-CUBE-wolfMQTT 1.19.0
2025-11-09 18:10:25,064 [INFO] ThirdParty:1030 - CMSIS Pack Vendor :STMicroelectronics X-CUBE-AZRTOS-L4 2.0.0
2025-11-09 18:10:25,064 [INFO] ThirdParty:1030 - CMSIS Pack Vendor :STMicroelectronics ThreadX 0.0.2
2025-11-09 18:10:25,064 [INFO] ThirdParty:1030 - CMSIS Pack Vendor :WES I-CUBE-Cesium 1.3.0
2025-11-09 18:10:25,064 [INFO] ThirdParty:1030 - CMSIS Pack Vendor :STMicroelectronics lwIP 2.1.2
2025-11-09 18:10:25,064 [INFO] ThirdParty:1030 - CMSIS Pack Vendor :STMicroelectronics X-CUBE-SFXS2LP1 4.0.0
2025-11-09 18:10:25,064 [INFO] ThirdParty:1030 - CMSIS Pack Vendor :STMicroelectronics X-CUBE-BLE2 3.3.0
2025-11-09 18:10:25,064 [INFO] ThirdParty:1030 - CMSIS Pack Vendor :STMicroelectronics PDM2PCM 3.2.0
2025-11-09 18:10:25,064 [INFO] ThirdParty:1030 - CMSIS Pack Vendor :STMicroelectronics X-CUBE-AZRTOS-H7 3.3.0
2025-11-09 18:10:25,064 [INFO] ThirdParty:1030 - CMSIS Pack Vendor :STMicroelectronics X-CUBE-NFC9 1.0.0
2025-11-09 18:10:25,065 [INFO] ThirdParty:1030 - CMSIS Pack Vendor :STMicroelectronics X-CUBE-BLE1 7.1.0
2025-11-09 18:10:25,065 [INFO] ThirdParty:1030 - CMSIS Pack Vendor :STMicroelectronics USB_DEVICE 3.0.0
2025-11-09 18:10:25,065 [INFO] ThirdParty:1030 - CMSIS Pack Vendor :STMicroelectronics X-CUBE-TCPP 4.1.0
2025-11-09 18:10:25,065 [INFO] ThirdParty:1030 - CMSIS Pack Vendor :STMicroelectronics X-CUBE-EEPRMA1 5.2.0
2025-11-09 18:10:25,065 [INFO] ThirdParty:1030 - CMSIS Pack Vendor :STMicroelectronics X-CUBE-BLEMGR 4.1.0
2025-11-09 18:10:25,065 [INFO] ThirdParty:1030 - CMSIS Pack Vendor :STMicroelectronics X-CUBE-IPS 3.0.0
2025-11-09 18:10:25,065 [INFO] ThirdParty:1030 - CMSIS Pack Vendor :STMicroelectronics X-CUBE-AZRTOS-WB 2.0.0
2025-11-09 18:10:25,065 [INFO] ThirdParty:1030 - CMSIS Pack Vendor :STMicroelectronics X-CUBE-GNSS1 7.0.0
2025-11-09 18:10:25,065 [INFO] ThirdParty:1030 - CMSIS Pack Vendor :STMicroelectronics X-CUBE-GNSS1 7.0.1
2025-11-09 18:10:25,065 [INFO] ThirdParty:1030 - CMSIS Pack Vendor :STMicroelectronics X-CUBE-TOUCHGFX 4.25.0
2025-11-09 18:10:25,065 [INFO] ThirdParty:1030 - CMSIS Pack Vendor :STMicroelectronics X-CUBE-AI 10.1.0
2025-11-09 18:10:25,065 [INFO] ThirdParty:1030 - CMSIS Pack Vendor :STMicroelectronics FP-SNS-STBOX1 2.0.0
2025-11-09 18:10:25,065 [INFO] ThirdParty:1030 - CMSIS Pack Vendor :STMicroelectronics X-CUBE-ALGOBUILD 1.3.0
2025-11-09 18:10:25,065 [INFO] ThirdParty:1030 - CMSIS Pack Vendor :STMicroelectronics X-CUBE-MEMS1 11.2.0
2025-11-09 18:10:25,066 [INFO] ThirdParty:1030 - CMSIS Pack Vendor :STMicroelectronics X-CUBE-AZRTOS-G0 1.1.0
2025-11-09 18:10:25,066 [INFO] ThirdParty:1030 - CMSIS Pack Vendor :STMicroelectronics X-CUBE-SAFEA1 1.2.2
2025-11-09 18:10:25,066 [INFO] ThirdParty:1030 - CMSIS Pack Vendor :STMicroelectronics X-CUBE-NFC4 3.0.0
2025-11-09 18:10:25,066 [INFO] ThirdParty:1030 - CMSIS Pack Vendor :STMicroelectronics X-CUBE-SUBG2 5.0.0
2025-11-09 18:10:25,066 [INFO] ThirdParty:1030 - CMSIS Pack Vendor :STMicroelectronics X-CUBE-AZRTOS-H7RS 1.1.0
2025-11-09 18:10:25,066 [INFO] ThirdParty:1030 - CMSIS Pack Vendor :STMicroelectronics STM32_WPAN 1.0.0
2025-11-09 18:10:25,066 [INFO] ThirdParty:1030 - CMSIS Pack Vendor :EmbeddedOffice I-CUBE-FS-RTOS 1.0.1
2025-11-09 18:10:25,066 [INFO] ThirdParty:1030 - CMSIS Pack Vendor :STMicroelectronics lwIP 2.0.3
2025-11-09 18:10:25,066 [INFO] ThirdParty:1030 - CMSIS Pack Vendor :Cesanta I-CUBE-Mongoose 7.13.0
2025-11-09 18:10:25,066 [INFO] ThirdParty:1030 - CMSIS Pack Vendor :STMicroelectronics USB_HOST 1.0.0
2025-11-09 18:10:25,066 [INFO] ThirdParty:1030 - CMSIS Pack Vendor :STMicroelectronics X-CUBE-AZRTOS-G4 2.0.0
2025-11-09 18:10:25,066 [INFO] ThirdParty:1030 - CMSIS Pack Vendor :STMicroelectronics X-CUBE-WB05N 2.0.0
2025-11-09 18:10:25,066 [INFO] ThirdParty:1030 - CMSIS Pack Vendor :STMicroelectronics PDM2PCM 3.1.0
2025-11-09 18:10:25,066 [INFO] ThirdParty:1030 - CMSIS Pack Vendor :STMicroelectronics X-CUBE-BLEMGR 3.0.0
2025-11-09 18:10:25,066 [INFO] ThirdParty:1030 - CMSIS Pack Vendor :STMicroelectronics X-CUBE-NFC7 2.0.0
2025-11-09 18:10:25,066 [INFO] ThirdParty:1030 - CMSIS Pack Vendor :STMicroelectronics X-CUBE-TCPP 4.2.0
2025-11-09 18:10:25,066 [INFO] ThirdParty:1030 - CMSIS Pack Vendor :RealThread X-CUBE-RT-Thread_Nano 4.1.1
2025-11-09 18:10:25,066 [INFO] ThirdParty:1030 - CMSIS Pack Vendor :wolfSSL I-CUBE-wolfSSL 5.7.0
2025-11-09 18:10:25,067 [INFO] ThirdParty:1030 - CMSIS Pack Vendor :STMicroelectronics FP-SNS-MOTENVWB1 1.3.1
2025-11-09 18:10:25,067 [INFO] ThirdParty:1030 - CMSIS Pack Vendor :STMicroelectronics FP-ATR-SIGFOX1 3.2.0
2025-11-09 18:10:25,067 [INFO] ThirdParty:1030 - CMSIS Pack Vendor :quantropi X-CUBE-qispace-sdk-base 1.9.3
2025-11-09 18:10:25,067 [INFO] ThirdParty:1030 - CMSIS Pack Vendor :STMicroelectronics X-CUBE-ISPU 2.0.0
2025-11-09 18:10:25,067 [INFO] ThirdParty:1030 - CMSIS Pack Vendor :STMicroelectronics X-CUBE-EEPRMA1 5.1.0
2025-11-09 18:10:25,067 [INFO] ThirdParty:1030 - CMSIS Pack Vendor :STMicroelectronics MBEDTLS 2.16.2
2025-11-09 18:10:25,067 [INFO] ThirdParty:1030 - CMSIS Pack Vendor :STMicroelectronics X-CUBE-IPS 3.1.0
2025-11-09 18:10:25,067 [INFO] ThirdParty:1030 - CMSIS Pack Vendor :STMicroelectronics X-CUBE-ALS 1.0.2
2025-11-09 18:10:25,067 [INFO] ThirdParty:1030 - CMSIS Pack Vendor :STMicroelectronics X-CUBE-MEMS1 10.0.0
2025-11-09 18:10:25,067 [INFO] ThirdParty:1030 - CMSIS Pack Vendor :STMicroelectronics X-CUBE-FREERTOS 1.1.0
2025-11-09 18:10:25,067 [INFO] ThirdParty:1030 - CMSIS Pack Vendor :STMicroelectronics X-CUBE-TOUCHGFX 4.24.0
2025-11-09 18:10:25,068 [INFO] ThirdParty:1030 - CMSIS Pack Vendor :ITTIA_DB I-CUBE-ITTIADB 8.9.0
2025-11-09 18:10:25,068 [INFO] ThirdParty:1030 - CMSIS Pack Vendor :STMicroelectronics X-CUBE-TOUCHGFX 4.24.2
2025-11-09 18:10:25,068 [INFO] ThirdParty:1030 - CMSIS Pack Vendor :STMicroelectronics X-CUBE-TOUCHGFX 4.24.1
2025-11-09 18:10:25,068 [INFO] ThirdParty:1030 - CMSIS Pack Vendor :STMicroelectronics X-CUBE-STSE01 1.0.0
2025-11-09 18:10:25,068 [INFO] ThirdParty:1030 - CMSIS Pack Vendor :wolfSSL I-CUBE-wolfTPM 3.4.0
2025-11-09 18:10:25,068 [INFO] ThirdParty:1030 - CMSIS Pack Vendor :portGmbH I-Cube-SoM-uGOAL 1.1.0
2025-11-09 18:10:25,068 [INFO] ThirdParty:1030 - CMSIS Pack Vendor :STMicroelectronics X-CUBE-ALS 1.0.1
2025-11-09 18:10:25,068 [INFO] ThirdParty:1030 - CMSIS Pack Vendor :STMicroelectronics X-CUBE-ST67W61 1.0.0
2025-11-09 18:10:25,068 [INFO] ThirdParty:1030 - CMSIS Pack Vendor :STMicroelectronics X-CUBE-AI 10.2.0
2025-11-09 18:10:25,068 [INFO] ThirdParty:1030 - CMSIS Pack Vendor :STMicroelectronics ThreadX 1.0.0
2025-11-09 18:10:25,068 [INFO] ThirdParty:1030 - CMSIS Pack Vendor :SEGGER I-CUBE-embOS 1.3.1
2025-11-09 18:10:25,070 [INFO] ThirdParty:1030 - CMSIS Pack Vendor :STMicroelectronics X-CUBE-ALGOBUILD 1.4.0
2025-11-09 18:10:25,070 [INFO] ThirdParty:1030 - CMSIS Pack Vendor :STMicroelectronics X-CUBE-MEMS1 11.3.0
2025-11-09 18:10:25,070 [INFO] ThirdParty:1030 - CMSIS Pack Vendor :STMicroelectronics X-CUBE-AZRTOS-H7RS 1.0.0
2025-11-09 18:10:25,070 [INFO] ThirdParty:1030 - CMSIS Pack Vendor :STMicroelectronics FP-ATR-ASTRA1 2.0.0
2025-11-09 18:10:25,070 [INFO] ThirdParty:1030 - CMSIS Pack Vendor :STMicroelectronics X-CUBE-TOF1 3.4.2
2025-11-09 18:10:25,070 [INFO] ThirdParty:1030 - CMSIS Pack Vendor :STMicroelectronics X-CUBE-TOF1 3.4.3
2025-11-09 18:10:25,070 [INFO] ThirdParty:1030 - CMSIS Pack Vendor :STMicroelectronics X-CUBE-AI 9.1.0
2025-11-09 18:10:25,070 [INFO] ThirdParty:1030 - CMSIS Pack Vendor :STMicroelectronics X-CUBE-TOF1 3.4.0
2025-11-09 18:10:25,071 [INFO] ThirdParty:1030 - CMSIS Pack Vendor :STMicroelectronics X-CUBE-TOF1 3.4.1
2025-11-09 18:10:25,071 [INFO] ThirdParty:1030 - CMSIS Pack Vendor :STMicroelectronics X-CUBE-AZRTOS-H7 3.2.0
2025-11-09 18:10:25,071 [INFO] ThirdParty:1030 - CMSIS Pack Vendor :Infineon AIROC-Wi-Fi-Bluetooth-STM32 1.6.0
2025-11-09 18:10:25,071 [INFO] ThirdParty:1030 - CMSIS Pack Vendor :wolfSSL I-CUBE-wolfSSH 1.4.17
2025-11-09 18:10:25,071 [INFO] ThirdParty:841 - exiting critical section [change project]
2025-11-09 18:10:25,557 [INFO] PinOutPanel:1589 - setPackage(No Configuration,No Configuration)
2025-11-09 18:10:25,559 [INFO] PinOutPanel:1589 - setPackage(STM32F103C8Tx,LQFP48)
2025-11-09 18:10:26,111 [INFO] UtilMem:75 - Before build in PCC Used Memory: 621708736 Bytes (1073741824)
2025-11-09 18:10:27,054 [INFO] UtilMem:75 - After build in PCC Used Memory: 695109056 Bytes (1073741824)
2025-11-09 18:10:27,096 [INFO] IPUIPlugin:80 - create IPUIPlugin
2025-11-09 18:10:27,096 [INFO] IPUIPlugin:80 - create IPUIPlugin
2025-11-09 18:10:27,096 [INFO] IPUIPlugin:80 - create IPUIPlugin
2025-11-09 18:10:27,097 [INFO] IPUIPlugin:80 - create IPUIPlugin
2025-11-09 18:10:27,097 [INFO] IPUIPlugin:80 - create IPUIPlugin
2025-11-09 18:10:27,097 [INFO] IPUIPlugin:80 - create IPUIPlugin
2025-11-09 18:10:27,097 [INFO] IPUIPlugin:80 - create IPUIPlugin
2025-11-09 18:10:27,097 [INFO] IPUIPlugin:80 - create IPUIPlugin
2025-11-09 18:10:27,097 [INFO] IPUIPlugin:80 - create IPUIPlugin
2025-11-09 18:10:27,097 [INFO] IPUIPlugin:80 - create IPUIPlugin
2025-11-09 18:10:27,098 [INFO] IPUIPlugin:80 - create IPUIPlugin
2025-11-09 18:10:27,098 [INFO] IPUIPlugin:80 - create IPUIPlugin
2025-11-09 18:10:27,098 [INFO] IPUIPlugin:80 - create IPUIPlugin
2025-11-09 18:10:27,098 [INFO] IPUIPlugin:80 - create IPUIPlugin
2025-11-09 18:10:27,099 [INFO] IPUIPlugin:80 - create IPUIPlugin
2025-11-09 18:10:27,099 [INFO] IPUIPlugin:80 - create IPUIPlugin
2025-11-09 18:10:27,099 [INFO] IPUIPlugin:80 - create IPUIPlugin
2025-11-09 18:10:27,100 [INFO] IPUIPlugin:80 - create IPUIPlugin
2025-11-09 18:10:27,100 [INFO] IPUIPlugin:80 - create IPUIPlugin
2025-11-09 18:10:27,100 [INFO] IPUIPlugin:80 - create IPUIPlugin
2025-11-09 18:10:27,100 [INFO] IPUIPlugin:80 - create IPUIPlugin
2025-11-09 18:10:27,100 [INFO] IPUIPlugin:80 - create IPUIPlugin
2025-11-09 18:10:27,101 [INFO] IPUIPlugin:80 - create IPUIPlugin
2025-11-09 18:10:27,101 [INFO] IPUIPlugin:80 - create IPUIPlugin
2025-11-09 18:10:27,101 [INFO] IPUIPlugin:80 - create IPUIPlugin
2025-11-09 18:10:27,104 [INFO] IPUIPlugin:80 - create IPUIPlugin
2025-11-09 18:10:27,104 [INFO] IPUIPlugin:80 - create IPUIPlugin
2025-11-09 18:10:27,314 [INFO] CADModel:165 - CPN selected for project levelSTM32F103C8T6
2025-11-09 18:10:27,315 [INFO] CADModel:114 - Register for checkConnection events
2025-11-09 18:10:27,365 [INFO] OpenFileManager:385 - Restore cursor
2025-11-09 18:10:28,369 [INFO] UtilMem:75 - End SaveConfig() Used Memory: 777420224 Bytes (1073741824)
2025-11-09 18:10:28,486 [INFO] UtilMem:75 - End SaveConfig() Used Memory: 791051712 Bytes (1073741824)
2025-11-09 18:10:28,984 [INFO] BlockDiagram:2775 - set Specific Code input for plugin: NVIC
2025-11-09 18:10:28,985 [INFO] BlockDiagram:2775 - set Specific Code input for plugin: RCC
2025-11-09 18:10:28,988 [INFO] CodeGenerator:882 - code generatio: config db path: C:\ST\STM32CubeIDE_1.18.0\STM32CubeIDE\plugins\com.st.stm32cube.common.mx_6.14.1.202504091515\\db\
2025-11-09 18:10:29,126 [INFO] CodeEngine:263 - oldGeneratedFile, C:\GIT\GIT_AULAS_FATEC\Exemplos_Codigo_STM32\Exemplo1_PWM\MXTmpFiles\license.tmp_save
2025-11-09 18:10:29,526 [INFO] CodeEngine:287 - Generated code: C:\GIT\GIT_AULAS_FATEC\Exemplos_Codigo_STM32\Exemplo1_PWM\MXTmpFiles\license.tmp
2025-11-09 18:10:29,547 [INFO] CodeEngine:263 - oldGeneratedFile, C:\GIT\GIT_AULAS_FATEC\Exemplos_Codigo_STM32\Exemplo1_PWM\Core\Src\stm32f1xx_it.c_save
2025-11-09 18:10:29,728 [INFO] CodeEngine:287 - Generated code: C:\GIT\GIT_AULAS_FATEC\Exemplos_Codigo_STM32\Exemplo1_PWM\Core\Src\stm32f1xx_it.c
2025-11-09 18:10:29,735 [INFO] CodeEngine:263 - oldGeneratedFile, C:\GIT\GIT_AULAS_FATEC\Exemplos_Codigo_STM32\Exemplo1_PWM\Core\Inc\stm32f1xx_it.h_save
2025-11-09 18:10:29,844 [INFO] CodeEngine:287 - Generated code: C:\GIT\GIT_AULAS_FATEC\Exemplos_Codigo_STM32\Exemplo1_PWM\Core\Inc\stm32f1xx_it.h
2025-11-09 18:10:29,966 [INFO] CodeEngine:263 - oldGeneratedFile, C:\GIT\GIT_AULAS_FATEC\Exemplos_Codigo_STM32\Exemplo1_PWM\Core\Src\stm32f1xx_hal_msp.c_save
2025-11-09 18:10:30,193 [INFO] CodeEngine:287 - Generated code: C:\GIT\GIT_AULAS_FATEC\Exemplos_Codigo_STM32\Exemplo1_PWM\Core\Src\stm32f1xx_hal_msp.c
2025-11-09 18:10:30,200 [INFO] CodeEngine:263 - oldGeneratedFile, C:\GIT\GIT_AULAS_FATEC\Exemplos_Codigo_STM32\Exemplo1_PWM\MXTmpFiles\system.tmp_save
2025-11-09 18:10:30,288 [INFO] CodeEngine:287 - Generated code: C:\GIT\GIT_AULAS_FATEC\Exemplos_Codigo_STM32\Exemplo1_PWM\MXTmpFiles\system.tmp
2025-11-09 18:10:30,305 [INFO] CodeEngine:319 - oldGeneratedFile, C:\GIT\GIT_AULAS_FATEC\Exemplos_Codigo_STM32\Exemplo1_PWM\Core\Inc\stm32f1xx_hal_conf.h_save
2025-11-09 18:10:30,396 [INFO] CodeEngine:343 - Generated code: C:\GIT\GIT_AULAS_FATEC\Exemplos_Codigo_STM32\Exemplo1_PWM\Core\Inc\stm32f1xx_hal_conf.h
2025-11-09 18:10:30,450 [INFO] ApiDbMcu:508 - Load IP Config File for RCC
2025-11-09 18:10:30,462 [INFO] CodeEngine:263 - oldGeneratedFile, C:\GIT\GIT_AULAS_FATEC\Exemplos_Codigo_STM32\Exemplo1_PWM\Core\Inc\main.h_save
2025-11-09 18:10:30,680 [INFO] CodeEngine:287 - Generated code: C:\GIT\GIT_AULAS_FATEC\Exemplos_Codigo_STM32\Exemplo1_PWM\Core\Inc\main.h
2025-11-09 18:10:30,689 [INFO] CodeEngine:263 - oldGeneratedFile, C:\GIT\GIT_AULAS_FATEC\Exemplos_Codigo_STM32\Exemplo1_PWM\Core\Src\main.c_save
2025-11-09 18:10:30,887 [INFO] CodeEngine:287 - Generated code: C:\GIT\GIT_AULAS_FATEC\Exemplos_Codigo_STM32\Exemplo1_PWM\Core\Src\main.c
2025-11-09 18:10:31,346 [INFO] ProjectBuilder:3324 - Time for Copy HAL[1] : 217mS.
2025-11-09 18:10:31,356 [INFO] ProjectBuilder:4912 - Project Generator version: 4.6.0.1-B1
2025-11-09 18:10:31,483 [INFO] ConfigFileManager:1590 - The Die is : DIE410
2025-11-09 18:10:31,497 [INFO] ApiDbMcu:508 - Load IP Config File for FATFS
2025-11-09 18:10:31,529 [INFO] ApiDbMcu:508 - Load IP Config File for FREERTOS
2025-11-09 18:10:31,556 [INFO] ApiDbMcu:508 - Load IP Config File for USB_DEVICE
2025-11-09 18:10:32,053 [INFO] LogOutputStream:77 - [STDOUT_REDIRECT] 
2025-11-09 18:10:34,702 [INFO] ProjectBuilder:5191 - Time for Generating toolchain IDE Files: 3342mS.
2025-11-09 18:10:34,704 [INFO] ProjectBuilder:3181 - Time for Copy CMSIS : 1mS.
2025-11-09 18:10:34,709 [INFO] ProjectBuilder:3181 - Time for Copy CMSIS : 0mS.
2025-11-09 18:10:36,418 [INFO] McuFinderGlobals:76 - Set McuFinderConnectedMode to true
2025-11-09 18:10:36,426 [INFO] ApiDb:448 - Save user favorites file C:\Users\User/.stm32cubeide/favorites.mcus.txt: 1 item(s)
2025-11-09 18:10:36,427 [INFO] ApiDb:452 - User favorites MCUs=[STM32F103C8T6]
2025-11-09 18:12:16,962 [INFO] NvicIntPanel:101 - NVIC parent = com.st.microxplorer.plugins.ip.nvic.MultiNvicIntPanel[,0,0,0x0,invalid,layout=javax.swing.BoxLayout,alignmentX=0.0,alignmentY=0.0,border=,flags=9,maximumSize=,minimumSize=,preferredSize=]
2025-11-09 18:12:17,078 [INFO] NvicIntPanel:101 - NVIC parent = com.st.microxplorer.plugins.ip.nvic.MultiNvicIntPanel[,0,0,0x0,invalid,layout=javax.swing.BoxLayout,alignmentX=0.0,alignmentY=0.0,border=,flags=9,maximumSize=,minimumSize=,preferredSize=]
2025-11-09 18:12:17,194 [INFO] NvicIntPanel:101 - NVIC parent = com.st.microxplorer.plugins.ip.nvic.MultiNvicIntPanel[,0,0,0x0,invalid,layout=javax.swing.BoxLayout,alignmentX=0.0,alignmentY=0.0,border=,flags=9,maximumSize=,minimumSize=,preferredSize=]
2025-11-09 18:12:23,491 [INFO] ADCParametersView:116 -                Rank 1 : false
2025-11-09 18:12:23,557 [INFO] ADCParametersView:116 -                Rank 1 : false
2025-11-09 18:12:23,557 [INFO] ADCParametersView:116 -                Rank 1 : false
2025-11-09 18:12:23,557 [INFO] ADCParametersView:116 -                Rank 1 : false
2025-11-09 18:12:23,558 [INFO] ADCParametersView:116 -                Rank 1 : false
2025-11-09 18:12:23,558 [INFO] ADCParametersView:116 -                Rank 1 : false
2025-11-09 18:12:23,558 [INFO] ADCParametersView:116 -                Rank 1 : false
2025-11-09 18:12:23,559 [INFO] ADCParametersView:116 -                Rank 1 : false
2025-11-09 18:12:23,559 [INFO] ADCParametersView:116 -                Rank 1 : false
2025-11-09 18:12:23,559 [INFO] ADCParametersView:116 -                Rank 1 : false
2025-11-09 18:12:23,559 [INFO] ADCParametersView:116 -                Rank 1 : false
2025-11-09 18:12:23,570 [INFO] ADCParametersView:116 -                Rank 1 : false
2025-11-09 18:12:56,603 [INFO] ADCParametersView:116 -                Rank 1 : true
2025-11-09 18:13:00,309 [INFO] NvicIntPanel:101 - NVIC parent = com.st.microxplorer.plugins.ip.nvic.MultiNvicIntPanel[,0,0,0x0,invalid,layout=javax.swing.BoxLayout,alignmentX=0.0,alignmentY=0.0,border=,flags=9,maximumSize=,minimumSize=,preferredSize=]
2025-11-09 18:13:00,361 [INFO] ADCParametersView:116 -                Rank 1 : true
2025-11-09 18:13:00,366 [INFO] ADCParametersView:116 -                Rank 1 : true
2025-11-09 18:13:00,366 [INFO] ADCParametersView:116 -                Rank 1 : true
2025-11-09 18:13:00,366 [INFO] ADCParametersView:116 -                Rank 1 : true
2025-11-09 18:13:00,367 [INFO] ADCParametersView:116 -                Rank 1 : true
2025-11-09 18:13:00,368 [INFO] ADCParametersView:116 -                Rank 1 : true
2025-11-09 18:13:00,368 [INFO] ADCParametersView:116 -                Rank 1 : true
2025-11-09 18:13:00,368 [INFO] ADCParametersView:116 -                Rank 1 : true
2025-11-09 18:13:00,369 [INFO] ADCParametersView:116 -                Rank 1 : true
2025-11-09 18:13:00,369 [INFO] ADCParametersView:116 -                Rank 1 : true
2025-11-09 18:13:00,376 [INFO] ADCParametersView:116 -                Rank 1 : true
2025-11-09 18:14:05,188 [INFO] NvicIntPanel:101 - NVIC parent = com.st.microxplorer.plugins.ip.nvic.MultiNvicIntPanel[,0,0,0x0,invalid,layout=javax.swing.BoxLayout,alignmentX=0.0,alignmentY=0.0,border=,flags=9,maximumSize=,minimumSize=,preferredSize=]
2025-11-09 18:14:07,568 [INFO] NvicIntPanel:101 - NVIC parent = com.st.microxplorer.plugins.ip.nvic.MultiNvicIntPanel[,0,0,0x0,invalid,layout=javax.swing.BoxLayout,alignmentX=0.0,alignmentY=0.0,border=,flags=9,maximumSize=,minimumSize=,preferredSize=]
2025-11-09 18:14:07,699 [INFO] NvicIntPanel:101 - NVIC parent = com.st.microxplorer.plugins.ip.nvic.MultiNvicIntPanel[,0,0,0x0,invalid,layout=javax.swing.BoxLayout,alignmentX=0.0,alignmentY=0.0,border=,flags=9,maximumSize=,minimumSize=,preferredSize=]
2025-11-09 18:14:17,131 [INFO] NvicIntPanel:101 - NVIC parent = com.st.microxplorer.plugins.ip.nvic.MultiNvicIntPanel[,0,0,0x0,invalid,layout=javax.swing.BoxLayout,alignmentX=0.0,alignmentY=0.0,border=,flags=9,maximumSize=,minimumSize=,preferredSize=]
2025-11-09 18:14:17,261 [INFO] NvicIntPanel:101 - NVIC parent = com.st.microxplorer.plugins.ip.nvic.MultiNvicIntPanel[,0,0,0x0,invalid,layout=javax.swing.BoxLayout,alignmentX=0.0,alignmentY=0.0,border=,flags=9,maximumSize=,minimumSize=,preferredSize=]
2025-11-09 18:24:13,639 [INFO] NvicIntPanel:101 - NVIC parent = com.st.microxplorer.plugins.ip.nvic.MultiNvicIntPanel[,0,0,0x0,invalid,layout=javax.swing.BoxLayout,alignmentX=0.0,alignmentY=0.0,border=,flags=9,maximumSize=,minimumSize=,preferredSize=]
2025-11-09 18:24:48,626 [INFO] NvicIntPanel:101 - NVIC parent = com.st.microxplorer.plugins.ip.nvic.MultiNvicIntPanel[,0,0,0x0,invalid,layout=javax.swing.BoxLayout,alignmentX=0.0,alignmentY=0.0,border=,flags=9,maximumSize=,minimumSize=,preferredSize=]
2025-11-09 18:24:50,613 [INFO] NvicIntPanel:101 - NVIC parent = com.st.microxplorer.plugins.ip.nvic.MultiNvicIntPanel[,0,0,0x0,invalid,layout=javax.swing.BoxLayout,alignmentX=0.0,alignmentY=0.0,border=,flags=9,maximumSize=,minimumSize=,preferredSize=]
2025-11-09 21:30:51,312 [INFO] UtilMem:75 - End SaveConfig() Used Memory: 898473672 Bytes (1073741824)
2025-11-09 21:30:53,197 [INFO] UtilMem:75 - End SaveConfig() Used Memory: 914201600 Bytes (1073741824)
2025-11-09 21:30:54,610 [INFO] UtilMem:75 - End SaveConfig() Used Memory: 975839456 Bytes (1073741824)
2025-11-09 21:30:54,962 [INFO] ProjectBuilder:2368 - IP not ready for code generation: Clock
2025-11-09 21:31:00,097 [INFO] BlockDiagram:2775 - set Specific Code input for plugin: NVIC
2025-11-09 21:31:00,099 [INFO] BlockDiagram:2775 - set Specific Code input for plugin: USART
2025-11-09 21:31:00,100 [INFO] BlockDiagram:2775 - set Specific Code input for plugin: TIM1_8F1
2025-11-09 21:31:00,101 [INFO] BlockDiagram:2775 - set Specific Code input for plugin: SYS
2025-11-09 21:31:00,102 [INFO] BlockDiagram:2775 - set Specific Code input for plugin: GPIO
2025-11-09 21:31:00,102 [INFO] BlockDiagram:2775 - set Specific Code input for plugin: ADC
2025-11-09 21:31:00,102 [INFO] BlockDiagram:2775 - set Specific Code input for plugin: RCC
2025-11-09 21:31:00,108 [INFO] CodeGenerator:882 - code generatio: config db path: C:\ST\STM32CubeIDE_1.18.0\STM32CubeIDE\plugins\com.st.stm32cube.common.mx_6.14.1.202504091515\\db\
2025-11-09 21:31:00,299 [INFO] CodeEngine:263 - oldGeneratedFile, C:\GIT\GIT_AULAS_FATEC\Exemplos_Codigo_STM32\Exemplo1_PWM\MXTmpFiles\license.tmp_save
2025-11-09 21:31:00,577 [INFO] CodeEngine:287 - Generated code: C:\GIT\GIT_AULAS_FATEC\Exemplos_Codigo_STM32\Exemplo1_PWM\MXTmpFiles\license.tmp
2025-11-09 21:31:00,645 [INFO] CodeEngine:263 - oldGeneratedFile, C:\GIT\GIT_AULAS_FATEC\Exemplos_Codigo_STM32\Exemplo1_PWM\MXTmpFiles\gpio.tmp_save
2025-11-09 21:31:00,795 [INFO] CodeEngine:287 - Generated code: C:\GIT\GIT_AULAS_FATEC\Exemplos_Codigo_STM32\Exemplo1_PWM\MXTmpFiles\gpio.tmp
2025-11-09 21:31:01,085 [INFO] CodeEngine:263 - oldGeneratedFile, C:\GIT\GIT_AULAS_FATEC\Exemplos_Codigo_STM32\Exemplo1_PWM\Core\Src\stm32f1xx_it.c_save
2025-11-09 21:31:01,480 [INFO] CodeEngine:287 - Generated code: C:\GIT\GIT_AULAS_FATEC\Exemplos_Codigo_STM32\Exemplo1_PWM\Core\Src\stm32f1xx_it.c
2025-11-09 21:31:01,495 [INFO] CodeEngine:263 - oldGeneratedFile, C:\GIT\GIT_AULAS_FATEC\Exemplos_Codigo_STM32\Exemplo1_PWM\Core\Inc\stm32f1xx_it.h_save
2025-11-09 21:31:01,597 [INFO] CodeEngine:287 - Generated code: C:\GIT\GIT_AULAS_FATEC\Exemplos_Codigo_STM32\Exemplo1_PWM\Core\Inc\stm32f1xx_it.h
2025-11-09 21:31:01,623 [INFO] CodeEngine:263 - oldGeneratedFile, C:\GIT\GIT_AULAS_FATEC\Exemplos_Codigo_STM32\Exemplo1_PWM\Core\Src\stm32f1xx_hal_msp.c_save
2025-11-09 21:31:01,850 [INFO] CodeEngine:287 - Generated code: C:\GIT\GIT_AULAS_FATEC\Exemplos_Codigo_STM32\Exemplo1_PWM\Core\Src\stm32f1xx_hal_msp.c
2025-11-09 21:31:01,859 [INFO] CodeEngine:263 - oldGeneratedFile, C:\GIT\GIT_AULAS_FATEC\Exemplos_Codigo_STM32\Exemplo1_PWM\MXTmpFiles\system.tmp_save
2025-11-09 21:31:01,962 [INFO] CodeEngine:287 - Generated code: C:\GIT\GIT_AULAS_FATEC\Exemplos_Codigo_STM32\Exemplo1_PWM\MXTmpFiles\system.tmp
2025-11-09 21:31:01,981 [INFO] CodeEngine:319 - oldGeneratedFile, C:\GIT\GIT_AULAS_FATEC\Exemplos_Codigo_STM32\Exemplo1_PWM\Core\Inc\stm32f1xx_hal_conf.h_save
2025-11-09 21:31:02,065 [INFO] CodeEngine:343 - Generated code: C:\GIT\GIT_AULAS_FATEC\Exemplos_Codigo_STM32\Exemplo1_PWM\Core\Inc\stm32f1xx_hal_conf.h
2025-11-09 21:31:02,103 [INFO] ApiDbMcu:508 - Load IP Config File for ADC1
2025-11-09 21:31:02,120 [INFO] ApiDbMcu:508 - Load IP Config File for TIM1
2025-11-09 21:31:02,129 [INFO] ApiDbMcu:508 - Load IP Config File for USART1
2025-11-09 21:31:02,132 [WARN] IPConfigManager:3790 - IP not found : TIM
2025-11-09 21:31:02,133 [WARN] CodeGenerator:4198 - IP not found : null
2025-11-09 21:31:02,151 [INFO] CodeEngine:263 - oldGeneratedFile, C:\GIT\GIT_AULAS_FATEC\Exemplos_Codigo_STM32\Exemplo1_PWM\Core\Inc\main.h_save
2025-11-09 21:31:02,289 [INFO] CodeEngine:287 - Generated code: C:\GIT\GIT_AULAS_FATEC\Exemplos_Codigo_STM32\Exemplo1_PWM\Core\Inc\main.h
2025-11-09 21:31:02,301 [INFO] CodeEngine:263 - oldGeneratedFile, C:\GIT\GIT_AULAS_FATEC\Exemplos_Codigo_STM32\Exemplo1_PWM\Core\Src\main.c_save
2025-11-09 21:31:02,479 [INFO] CodeEngine:287 - Generated code: C:\GIT\GIT_AULAS_FATEC\Exemplos_Codigo_STM32\Exemplo1_PWM\Core\Src\main.c
2025-11-09 21:31:03,251 [INFO] ProjectBuilder:3324 - Time for Copy HAL[1] : 430mS.
2025-11-09 21:31:03,262 [INFO] ProjectBuilder:4912 - Project Generator version: 4.6.0.1-B1
2025-11-09 21:31:03,473 [INFO] ConfigFileManager:1590 - The Die is : DIE410
2025-11-09 21:31:05,405 [INFO] ProjectBuilder:5191 - Time for Generating toolchain IDE Files: 2143mS.
2025-11-09 21:31:05,408 [INFO] ProjectBuilder:3181 - Time for Copy CMSIS : 0mS.
2025-11-09 21:31:05,412 [INFO] ProjectBuilder:3181 - Time for Copy CMSIS : 0mS.
2025-11-09 22:50:08,886 [INFO] WebApp:194 - Connection lost
2025-11-09 22:50:09,507 [INFO] WebApp:191 - Connection restablished
2025-11-09 23:34:40,981 [ERROR] LogOutputStream:75 - [STDERR_REDIRECT] 
