2025-09-30 20:44:39,150 [INFO] Activator:176 - 


2025-09-30 20:44:39,162 [INFO] Activator:177 - !SESSION log4j initialized
2025-09-30 20:44:49,473 [INFO] LogOutputStream:77 - [STDOUT_REDIRECT] 
2025-09-30 20:44:52,437 [INFO] ApplicationProperties:184 - Using Application install path: C:\ST\STM32CubeIDE_1.18.0\STM32CubeIDE\plugins\com.st.stm32cube.common.mx_6.14.1.202504091515
2025-09-30 20:44:52,471 [INFO] DbMcusXml:78 - Set database path to: C:\ST\STM32CubeIDE_1.18.0\STM32CubeIDE\plugins\com.st.stm32cube.common.mx_6.14.1.202504091515\\db\/mcu/
2025-09-30 20:44:52,472 [INFO] ApiDb:274 - Set plugin database path to: C:\ST\STM32CubeIDE_1.18.0\STM32CubeIDE\plugins\com.st.stm32cube.common.mx_6.14.1.202504091515\\db\/plugins/boardmanager/
2025-09-30 20:44:52,473 [WARN] ApiDb:259 - Overriding images path with different value:  => C:\ST\STM32CubeIDE_1.18.0\STM32CubeIDE\plugins\com.st.stm32cube.common.mx_6.14.1.202504091515\\db\/plugins/mcufinder/images/
2025-09-30 20:44:52,498 [INFO] ApiDb:250 - Set database path to: C:\Users\User\.stmcufinder\plugins\mcufinder//mcu/
2025-09-30 20:44:52,500 [INFO] DbMcusAds:125 - Set database path to: C:\Users\User\.stmcufinder\plugins\mcufinder//mcu/
2025-09-30 20:44:52,502 [INFO] CrossReferenceDbSqlite:203 - Set database path to: C:\Users\User\.stmcufinder\plugins\mcufinder//mcu/cs/
2025-09-30 20:44:52,624 [INFO] RulesReader:64 - Compatibility file has been processed (302 Rules)
2025-09-30 20:44:52,810 [INFO] DbMcusXml:78 - Set database path to: C:\ST\STM32CubeIDE_1.18.0\STM32CubeIDE\plugins\com.st.stm32cube.common.mx_6.14.1.202504091515\\db\/mcu/
2025-09-30 20:44:52,810 [INFO] ApiDb:274 - Set plugin database path to: C:\ST\STM32CubeIDE_1.18.0\STM32CubeIDE\plugins\com.st.stm32cube.common.mx_6.14.1.202504091515\\db\/plugins/boardmanager/
2025-09-30 20:44:52,810 [INFO] ApiDb:261 - Set plugin images path to: C:\ST\STM32CubeIDE_1.18.0\STM32CubeIDE\plugins\com.st.stm32cube.common.mx_6.14.1.202504091515\\db\/plugins/mcufinder/images/
2025-09-30 20:44:52,810 [WARN] DbFile:41 - Overriding database path with different value: C:\Users\User\.stmcufinder\plugins\mcufinder/ => C:\Users\User\.stmcufinder\plugins\mcufinder
2025-09-30 20:44:52,811 [INFO] ApiDb:250 - Set database path to: C:\Users\User\.stmcufinder\plugins\mcufinder//mcu/
2025-09-30 20:44:52,811 [WARN] DbFile:41 - Overriding database path with different value: C:\Users\User\.stmcufinder\plugins\mcufinder/ => C:\Users\User\.stmcufinder\plugins\mcufinder
2025-09-30 20:44:52,811 [INFO] DbMcusAds:125 - Set database path to: C:\Users\User\.stmcufinder\plugins\mcufinder//mcu/
2025-09-30 20:44:52,811 [WARN] DbFile:41 - Overriding database path with different value: C:\Users\User\.stmcufinder\plugins\mcufinder/ => C:\Users\User\.stmcufinder\plugins\mcufinder
2025-09-30 20:44:52,811 [WARN] DbFile:41 - Overriding database path with different value: C:\Users\User\.stmcufinder\plugins\mcufinder/ => C:\Users\User\.stmcufinder\plugins\mcufinder
2025-09-30 20:44:52,811 [INFO] CrossReferenceDbSqlite:203 - Set database path to: C:\Users\User\.stmcufinder\plugins\mcufinder//mcu/cs/
2025-09-30 20:44:53,093 [INFO] MainPanel:272 - HeapMemory: 268435456
2025-09-30 20:44:53,326 [INFO] DbMcusXml:78 - Set database path to: C:\ST\STM32CubeIDE_1.18.0\STM32CubeIDE\plugins\com.st.stm32cube.common.mx_6.14.1.202504091515\\db\/mcu/
2025-09-30 20:44:53,326 [INFO] ApiDb:274 - Set plugin database path to: C:\ST\STM32CubeIDE_1.18.0\STM32CubeIDE\plugins\com.st.stm32cube.common.mx_6.14.1.202504091515\\db\/plugins/boardmanager/
2025-09-30 20:44:53,326 [INFO] ApiDb:261 - Set plugin images path to: C:\ST\STM32CubeIDE_1.18.0\STM32CubeIDE\plugins\com.st.stm32cube.common.mx_6.14.1.202504091515\\db\/plugins/mcufinder/images/
2025-09-30 20:44:53,326 [WARN] DbFile:41 - Overriding database path with different value: C:\Users\User\.stmcufinder\plugins\mcufinder/ => C:\Users\User\.stmcufinder\plugins\mcufinder
2025-09-30 20:44:53,326 [INFO] ApiDb:250 - Set database path to: C:\Users\User\.stmcufinder\plugins\mcufinder//mcu/
2025-09-30 20:44:53,326 [WARN] DbFile:41 - Overriding database path with different value: C:\Users\User\.stmcufinder\plugins\mcufinder/ => C:\Users\User\.stmcufinder\plugins\mcufinder
2025-09-30 20:44:53,326 [INFO] DbMcusAds:125 - Set database path to: C:\Users\User\.stmcufinder\plugins\mcufinder//mcu/
2025-09-30 20:44:53,328 [WARN] DbFile:41 - Overriding database path with different value: C:\Users\User\.stmcufinder\plugins\mcufinder/ => C:\Users\User\.stmcufinder\plugins\mcufinder
2025-09-30 20:44:53,328 [WARN] DbFile:41 - Overriding database path with different value: C:\Users\User\.stmcufinder\plugins\mcufinder/ => C:\Users\User\.stmcufinder\plugins\mcufinder
2025-09-30 20:44:53,328 [INFO] CrossReferenceDbSqlite:203 - Set database path to: C:\Users\User\.stmcufinder\plugins\mcufinder//mcu/cs/
2025-09-30 20:44:53,372 [INFO] ApplicationProperties:184 - Using Application install path: C:\ST\STM32CubeIDE_1.18.0\STM32CubeIDE\plugins\com.st.stm32cube.common.mx_6.14.1.202504091515
2025-09-30 20:44:53,374 [INFO] PluginManage:196 - Search for loadable plugins [exclusion list=, ]
2025-09-30 20:44:53,375 [INFO] PluginManage:310 - Check plugin analytics
2025-09-30 20:44:53,660 [INFO] AnalyticsPlugin:253 - Accepted Software Licenses: 
2025-09-30 20:44:53,660 [INFO] AnalyticsPlugin:255 - Accepted CMSIS Pack Licenses: 
2025-09-30 20:44:53,660 [INFO] AnalyticsPlugin:257 - Accepted Firmware Licenses: FW.C0.1.1.0
2025-09-30 20:44:53,664 [INFO] PluginManage:359 - Loaded plugin analytics (category:tool,tabindex:-1)
2025-09-30 20:44:53,665 [INFO] PluginManage:310 - Check plugin cadmodel
2025-09-30 20:44:53,674 [INFO] CADModel:105 - Init CAD model plugin
2025-09-30 20:44:53,674 [INFO] PluginManage:359 - Loaded plugin cadmodel (category:power,tabindex:5)
2025-09-30 20:44:53,674 [INFO] PluginManage:310 - Check plugin clock
2025-09-30 20:44:53,697 [INFO] PluginManage:359 - Loaded plugin clock (category:base,tabindex:2)
2025-09-30 20:44:53,698 [INFO] PluginManage:310 - Check plugin ddr
2025-09-30 20:44:53,703 [INFO] PluginManage:359 - Loaded plugin ddr (category:tool,tabindex:6)
2025-09-30 20:44:53,704 [INFO] PluginManage:310 - Check plugin filemanager
2025-09-30 20:44:54,054 [INFO] PluginManage:359 - Loaded plugin filemanager (category:base,tabindex:10)
2025-09-30 20:44:54,054 [INFO] PluginManage:310 - Check plugin ipmanager
2025-09-30 20:44:54,105 [INFO] PluginManage:359 - Loaded plugin ipmanager (category:base,tabindex:5)
2025-09-30 20:44:54,106 [INFO] PluginManage:310 - Check plugin lpbam
2025-09-30 20:44:54,153 [INFO] PluginManage:359 - Loaded plugin lpbam (category:base,tabindex:0)
2025-09-30 20:44:54,153 [INFO] PluginManage:310 - Check plugin memorymap
2025-09-30 20:44:54,213 [INFO] PluginManage:359 - Loaded plugin memorymap (category:base,tabindex:4)
2025-09-30 20:44:54,214 [INFO] PluginManage:310 - Check plugin pinoutandconfiguration
2025-09-30 20:44:54,236 [INFO] PluginManage:359 - Loaded plugin pinoutandconfiguration (category:base,tabindex:1)
2025-09-30 20:44:54,236 [INFO] PluginManage:310 - Check plugin pinoutconfig
2025-09-30 20:44:54,544 [WARN] SupportedApi:132 - Cannot load RTOS API schema: s4s-elt-must-match.1: The content of 'definitions' must match (annotation?, (simpleType | complexType)?, (unique | key | keyref)*)). A problem was found starting at: attribute.
2025-09-30 20:44:54,927 [INFO] PluginManage:359 - Loaded plugin pinoutconfig (category:base,tabindex:0)
2025-09-30 20:44:54,928 [INFO] PluginManage:310 - Check plugin power
2025-09-30 20:44:54,948 [INFO] PluginManage:359 - Loaded plugin power (category:power,tabindex:4)
2025-09-30 20:44:54,948 [INFO] PluginManage:310 - Check plugin projectmanager
2025-09-30 20:44:54,979 [INFO] PluginManage:359 - Loaded plugin projectmanager (category:projectmanager,tabindex:4)
2025-09-30 20:44:54,979 [INFO] PluginManage:310 - Check plugin rif
2025-09-30 20:44:54,991 [INFO] PluginManage:359 - Loaded plugin rif (category:base,tabindex:3)
2025-09-30 20:44:54,991 [INFO] PluginManage:310 - Check plugin thirdparty
2025-09-30 20:44:55,232 [INFO] PluginManage:359 - Loaded plugin thirdparty (category:base,tabindex:-1)
2025-09-30 20:44:55,232 [WARN] IntegrityCheckThread:84 - waiting for thirdparty lock release [integrity check]
2025-09-30 20:44:55,232 [INFO] PluginManage:310 - Check plugin tools
2025-09-30 20:44:55,232 [INFO] IntegrityCheckThread:86 - entering critical section [integrity check]
2025-09-30 20:44:55,234 [INFO] ThirdPartyUpdaterWithRetryManager:70 - Updater plugin not ready yet. [1/15]
2025-09-30 20:44:55,239 [INFO] PluginManage:359 - Loaded plugin tools (category:base,tabindex:7)
2025-09-30 20:44:55,239 [INFO] PluginManage:310 - Check plugin tutovideos
2025-09-30 20:44:55,584 [INFO] PluginManage:359 - Loaded plugin tutovideos (category:base,tabindex:-1)
2025-09-30 20:44:55,584 [INFO] PluginManage:310 - Check plugin updater
2025-09-30 20:44:55,624 [INFO] PluginManage:359 - Loaded plugin updater (category:base,tabindex:12)
2025-09-30 20:44:55,624 [INFO] PluginManage:310 - Check plugin userauth
2025-09-30 20:44:55,630 [INFO] UserAuth:118 - Init User Auth plugin
2025-09-30 20:44:55,632 [INFO] PluginManage:359 - Loaded plugin userauth (category:base,tabindex:14)
2025-09-30 20:44:55,633 [INFO] PluginManage:283 - PluginManage : Loaded plugins [18]
2025-09-30 20:44:56,128 [INFO] PinOutPanel:1589 - setPackage(No Configuration,No Configuration)
2025-09-30 20:44:56,335 [INFO] CADModel:165 - CPN selected for project level
2025-09-30 20:44:56,335 [INFO] CADModel:114 - Register for checkConnection events
2025-09-30 20:44:56,363 [INFO] IPUIPlugin:80 - create IPUIPlugin
2025-09-30 20:44:56,363 [INFO] PluginManager:220 - loadIPPluginJar : add adc
2025-09-30 20:44:56,368 [INFO] IPUIPlugin:80 - create IPUIPlugin
2025-09-30 20:44:56,368 [INFO] PluginManager:220 - loadIPPluginJar : add aes
2025-09-30 20:44:56,372 [INFO] IPUIPlugin:80 - create IPUIPlugin
2025-09-30 20:44:56,373 [INFO] PluginManager:220 - loadIPPluginJar : add can
2025-09-30 20:44:56,376 [INFO] IPUIPlugin:80 - create IPUIPlugin
2025-09-30 20:44:56,376 [INFO] PluginManager:220 - loadIPPluginJar : add comp
2025-09-30 20:44:56,380 [INFO] IPUIPlugin:80 - create IPUIPlugin
2025-09-30 20:44:56,381 [INFO] PluginManager:220 - loadIPPluginJar : add cryp
2025-09-30 20:44:56,385 [INFO] IPUIPlugin:80 - create IPUIPlugin
2025-09-30 20:44:56,385 [INFO] PluginManager:220 - loadIPPluginJar : add ddr_ctrl_phy
2025-09-30 20:44:56,389 [INFO] IPUIPlugin:80 - create IPUIPlugin
2025-09-30 20:44:56,389 [INFO] PluginManager:220 - loadIPPluginJar : add dfsdm
2025-09-30 20:44:56,398 [INFO] IPUIPlugin:80 - create IPUIPlugin
2025-09-30 20:44:56,399 [INFO] PluginManager:220 - loadIPPluginJar : add dma
2025-09-30 20:44:56,403 [INFO] IPUIPlugin:80 - create IPUIPlugin
2025-09-30 20:44:56,403 [INFO] PluginManager:220 - loadIPPluginJar : add dma3
2025-09-30 20:44:56,408 [INFO] IPUIPlugin:80 - create IPUIPlugin
2025-09-30 20:44:56,408 [INFO] PluginManager:220 - loadIPPluginJar : add extmemmanager
2025-09-30 20:44:56,411 [INFO] IPUIPlugin:80 - create IPUIPlugin
2025-09-30 20:44:56,411 [INFO] PluginManager:220 - loadIPPluginJar : add fatfs
2025-09-30 20:44:56,419 [INFO] IPUIPlugin:80 - create IPUIPlugin
2025-09-30 20:44:56,419 [INFO] PluginManager:220 - loadIPPluginJar : add fmc
2025-09-30 20:44:56,428 [INFO] IPUIPlugin:80 - create IPUIPlugin
2025-09-30 20:44:56,428 [INFO] PluginManager:220 - loadIPPluginJar : add freertos
2025-09-30 20:44:56,431 [INFO] IPUIPlugin:80 - create IPUIPlugin
2025-09-30 20:44:56,432 [INFO] PluginManager:220 - loadIPPluginJar : add genericplugin
2025-09-30 20:44:56,437 [INFO] IPUIPlugin:80 - create IPUIPlugin
2025-09-30 20:44:56,437 [INFO] PluginManager:220 - loadIPPluginJar : add gfxmmu
2025-09-30 20:44:56,444 [INFO] IPUIPlugin:80 - create IPUIPlugin
2025-09-30 20:44:56,445 [INFO] PluginManager:220 - loadIPPluginJar : add gic
2025-09-30 20:44:56,454 [INFO] IPUIPlugin:80 - create IPUIPlugin
2025-09-30 20:44:56,454 [INFO] PluginManager:220 - loadIPPluginJar : add gpio
2025-09-30 20:44:56,459 [INFO] IPUIPlugin:80 - create IPUIPlugin
2025-09-30 20:44:56,459 [INFO] PluginManager:220 - loadIPPluginJar : add gtzc
2025-09-30 20:44:56,464 [INFO] IPUIPlugin:80 - create IPUIPlugin
2025-09-30 20:44:56,464 [INFO] PluginManager:220 - loadIPPluginJar : add hash
2025-09-30 20:44:56,471 [INFO] IPUIPlugin:80 - create IPUIPlugin
2025-09-30 20:44:56,472 [INFO] PluginManager:220 - loadIPPluginJar : add i2c
2025-09-30 20:44:56,477 [INFO] IPUIPlugin:80 - create IPUIPlugin
2025-09-30 20:44:56,478 [INFO] PluginManager:220 - loadIPPluginJar : add i2s
2025-09-30 20:44:56,484 [INFO] IPUIPlugin:80 - create IPUIPlugin
2025-09-30 20:44:56,484 [INFO] PluginManager:220 - loadIPPluginJar : add i3c
2025-09-30 20:44:56,489 [INFO] IPUIPlugin:80 - create IPUIPlugin
2025-09-30 20:44:56,490 [INFO] PluginManager:220 - loadIPPluginJar : add ipddr
2025-09-30 20:44:56,501 [INFO] IPUIPlugin:80 - create IPUIPlugin
2025-09-30 20:44:56,501 [INFO] PluginManager:220 - loadIPPluginJar : add linkedlist
2025-09-30 20:44:56,507 [INFO] IPUIPlugin:80 - create IPUIPlugin
2025-09-30 20:44:56,507 [INFO] PluginManager:220 - loadIPPluginJar : add lorawan
2025-09-30 20:44:56,509 [INFO] IPUIPlugin:80 - create IPUIPlugin
2025-09-30 20:44:56,510 [INFO] PluginManager:220 - loadIPPluginJar : add ltdc
2025-09-30 20:44:56,522 [INFO] IPUIPlugin:80 - create IPUIPlugin
2025-09-30 20:44:56,522 [INFO] PluginManager:220 - loadIPPluginJar : add mdma
2025-09-30 20:44:56,530 [INFO] IPUIPlugin:80 - create IPUIPlugin
2025-09-30 20:44:56,531 [INFO] PluginManager:220 - loadIPPluginJar : add nvic
2025-09-30 20:44:56,536 [INFO] IPUIPlugin:80 - create IPUIPlugin
2025-09-30 20:44:56,537 [INFO] PluginManager:220 - loadIPPluginJar : add opamp
2025-09-30 20:44:56,542 [INFO] IPUIPlugin:80 - create IPUIPlugin
2025-09-30 20:44:56,542 [INFO] PluginManager:220 - loadIPPluginJar : add openamp
2025-09-30 20:44:56,548 [INFO] IPUIPlugin:80 - create IPUIPlugin
2025-09-30 20:44:56,550 [INFO] PluginManager:220 - loadIPPluginJar : add pdm2pcm
2025-09-30 20:44:56,560 [INFO] IPUIPlugin:80 - create IPUIPlugin
2025-09-30 20:44:56,565 [INFO] PluginManager:220 - loadIPPluginJar : add plateformsettings
2025-09-30 20:44:56,568 [INFO] IPUIPlugin:80 - create IPUIPlugin
2025-09-30 20:44:56,569 [INFO] PluginManager:220 - loadIPPluginJar : add quadspi
2025-09-30 20:44:56,572 [INFO] IPUIPlugin:80 - create IPUIPlugin
2025-09-30 20:44:56,577 [INFO] PluginManager:220 - loadIPPluginJar : add radio
2025-09-30 20:44:56,585 [INFO] IPUIPlugin:80 - create IPUIPlugin
2025-09-30 20:44:56,585 [INFO] PluginManager:220 - loadIPPluginJar : add resmgrutility
2025-09-30 20:44:56,592 [INFO] IPUIPlugin:80 - create IPUIPlugin
2025-09-30 20:44:56,592 [INFO] PluginManager:220 - loadIPPluginJar : add sai
2025-09-30 20:44:56,598 [INFO] IPUIPlugin:80 - create IPUIPlugin
2025-09-30 20:44:56,598 [INFO] PluginManager:220 - loadIPPluginJar : add spi
2025-09-30 20:44:56,608 [INFO] IPUIPlugin:80 - create IPUIPlugin
2025-09-30 20:44:56,608 [INFO] PluginManager:220 - loadIPPluginJar : add stm32_wpan
2025-09-30 20:44:56,611 [INFO] IPUIPlugin:80 - create IPUIPlugin
2025-09-30 20:44:56,611 [INFO] PluginManager:220 - loadIPPluginJar : add tim
2025-09-30 20:44:56,618 [INFO] IPUIPlugin:80 - create IPUIPlugin
2025-09-30 20:44:56,619 [INFO] PluginManager:220 - loadIPPluginJar : add touchsensing
2025-09-30 20:44:56,623 [INFO] IPUIPlugin:80 - create IPUIPlugin
2025-09-30 20:44:56,623 [INFO] PluginManager:220 - loadIPPluginJar : add tracer_emb
2025-09-30 20:44:56,626 [INFO] IPUIPlugin:80 - create IPUIPlugin
2025-09-30 20:44:56,626 [INFO] PluginManager:220 - loadIPPluginJar : add ts
2025-09-30 20:44:56,629 [INFO] IPUIPlugin:80 - create IPUIPlugin
2025-09-30 20:44:56,629 [INFO] PluginManager:220 - loadIPPluginJar : add tsc
2025-09-30 20:44:56,634 [INFO] IPUIPlugin:80 - create IPUIPlugin
2025-09-30 20:44:56,634 [INFO] PluginManager:220 - loadIPPluginJar : add ucpd
2025-09-30 20:44:56,641 [INFO] IPUIPlugin:80 - create IPUIPlugin
2025-09-30 20:44:56,641 [INFO] PluginManager:220 - loadIPPluginJar : add usart
2025-09-30 20:44:56,649 [INFO] IPUIPlugin:80 - create IPUIPlugin
2025-09-30 20:44:56,649 [INFO] PluginManager:220 - loadIPPluginJar : add usbx
2025-09-30 20:44:56,839 [FATAL] Updater:351 - Updater called before beeing initialized
2025-09-30 20:44:56,884 [INFO] RulesReader:64 - Compatibility file has been processed (302 Rules)
2025-09-30 20:44:56,898 [INFO] RulesReader:64 - Compatibility file has been processed (302 Rules)
2025-09-30 20:44:56,910 [INFO] CADModel:165 - CPN selected for project level
2025-09-30 20:44:56,911 [INFO] CADModel:114 - Register for checkConnection events
2025-09-30 20:44:56,911 [FATAL] Updater:351 - Updater called before beeing initialized
2025-09-30 20:44:56,911 [ERROR] CADModel:125 - Updater not yet initialized, retry later 
2025-09-30 20:44:57,194 [FATAL] Updater:351 - Updater called before beeing initialized
2025-09-30 20:44:57,199 [INFO] CADModel:165 - CPN selected for project level
2025-09-30 20:44:57,199 [INFO] CADModel:114 - Register for checkConnection events
2025-09-30 20:44:57,201 [FATAL] Updater:351 - Updater called before beeing initialized
2025-09-30 20:44:57,201 [ERROR] CADModel:125 - Updater not yet initialized, retry later 
2025-09-30 20:44:57,208 [FATAL] Updater:351 - Updater called before beeing initialized
2025-09-30 20:44:57,454 [FATAL] Updater:351 - Updater called before beeing initialized
2025-09-30 20:44:57,460 [INFO] DbMcusAds:53 - JSON generation date=Tue Jul 08 05:14:23 BRT 2025 (1751962463541)
2025-09-30 20:44:57,460 [FATAL] Updater:351 - Updater called before beeing initialized
2025-09-30 20:44:57,543 [WARN] DetailPanel:346 - Failed to get advertising image, set to default
2025-09-30 20:44:57,883 [FATAL] Updater:351 - Updater called before beeing initialized
2025-09-30 20:44:57,887 [FATAL] Updater:351 - Updater called before beeing initialized
2025-09-30 20:44:57,887 [FATAL] Updater:351 - Updater called before beeing initialized
2025-09-30 20:44:57,887 [WARN] DetailPanel:346 - Failed to get advertising image, set to default
2025-09-30 20:44:57,888 [FATAL] Updater:351 - Updater called before beeing initialized
2025-09-30 20:44:57,966 [ERROR] Updater:1198 - MainUpdater not yet initialized. External WinMGr cannot be set.
2025-09-30 20:44:57,969 [INFO] Updater:1134 - Updater Version found : 6.14.1
2025-09-30 20:44:57,999 [INFO] ApplicationProperties:184 - Using Application install path: C:\ST\STM32CubeIDE_1.18.0\STM32CubeIDE\plugins\com.st.stm32cube.common.mx_6.14.1.202504091515
2025-09-30 20:44:58,235 [INFO] ThirdPartyUpdaterWithRetryManager:70 - Updater plugin not ready yet. [2/15]
2025-09-30 20:44:59,464 [INFO] MainUpdater:2872 - connection check result : 10
2025-09-30 20:44:59,465 [INFO] MainUpdater:289 - Updater Check For Update Now.
2025-09-30 20:44:59,465 [INFO] MicroXplorer:498 - Change Database Version : DB.6.0.141
2025-09-30 20:44:59,476 [INFO] McuFinderGlobals:63 - Set McuFinder mode to 2 (CubeIDE integrated)
2025-09-30 20:44:59,479 [INFO] UserAuth:484 - Internet connection configuration mode: 1
2025-09-30 20:44:59,519 [INFO] JxBrowserEngine:152 - Initiate JxBrowser Engine with user profile folder
2025-09-30 20:44:59,702 [INFO] CheckServerUpdateThread:120 - End of CheckServer Thread
2025-09-30 20:45:02,083 [WARN] PackLoader:240 - Cannot read IP mode file for STMicroelectronics.FP-SNS-MOTENVWB1.1.4.0
2025-09-30 20:45:02,117 [WARN] PackLoader:240 - Cannot read IP mode file for STMicroelectronics.FP-ATR-ASTRA1.2.0.2
2025-09-30 20:45:02,142 [WARN] PackLoader:240 - Cannot read IP mode file for STMicroelectronics.FP-ATR-ASTRA1.2.0.1
2025-09-30 20:45:02,159 [WARN] PackLoader:240 - Cannot read IP mode file for STMicroelectronics.X-CUBE-SMBUS.2.1.0
2025-09-30 20:45:02,176 [WARN] PackLoader:240 - Cannot read IP mode file for STMicroelectronics.X-CUBE-WB05N.1.1.0
2025-09-30 20:45:02,198 [WARN] PackLoader:240 - Cannot read IP mode file for STMicroelectronics.X-CUBE-ST60.1.0.0
2025-09-30 20:45:02,209 [WARN] PackLoader:240 - Cannot read IP mode file for STMicroelectronics.X-CUBE-TOUCHGFX.4.23.0
2025-09-30 20:45:02,215 [WARN] PackLoader:240 - Cannot read IP mode file for STMicroelectronics.X-CUBE-TOUCHGFX.4.23.2
2025-09-30 20:45:02,263 [WARN] PackLoader:240 - Cannot read IP mode file for STMicroelectronics.X-CUBE-AZRTOS-F7.1.1.0
2025-09-30 20:45:02,283 [WARN] PackLoader:240 - Cannot read IP mode file for STMicroelectronics.FP-SNS-MOTENV1.4.3.2
2025-09-30 20:45:02,383 [WARN] PackLoader:240 - Cannot read IP mode file for STMicroelectronics.X-CUBE-MEMS1.11.0.0
2025-09-30 20:45:02,443 [INFO] WebApp:169 - Instantiating new browser for Auth
2025-09-30 20:45:02,663 [WARN] PackLoader:240 - Cannot read IP mode file for STMicroelectronics.FP-SNS-FLIGHT1.5.0.2
2025-09-30 20:45:02,747 [WARN] PackLoader:240 - Cannot read IP mode file for STMicroelectronics.X-CUBE-AZRTOS-H7.3.4.0
2025-09-30 20:45:02,822 [WARN] PackLoader:240 - Cannot read IP mode file for STMicroelectronics.X-CUBE-DISPLAY.3.0.0
2025-09-30 20:45:02,858 [WARN] PackLoader:240 - Cannot read IP mode file for STMicroelectronics.X-CUBE-BLE1.7.0.0
2025-09-30 20:45:02,898 [WARN] PackLoader:240 - Cannot read IP mode file for STMicroelectronics.X-CUBE-NFC10.1.0.0
2025-09-30 20:45:02,931 [WARN] PackLoader:240 - Cannot read IP mode file for STMicroelectronics.X-CUBE-BLEMGR.4.0.0
2025-09-30 20:45:02,966 [WARN] PackLoader:240 - Cannot read IP mode file for emotas.I-CUBE-CANOPEN.1.3.0
2025-09-30 20:45:02,990 [WARN] PackLoader:240 - Cannot read IP mode file for STMicroelectronics.X-CUBE-BLEMGR.3.1.0
2025-09-30 20:45:03,015 [WARN] PackLoader:240 - Cannot read IP mode file for STMicroelectronics.X-CUBE-AI.10.0.0
2025-09-30 20:45:03,038 [ERROR] Engine:466 - C:\Users\User\.stm32cubemx\thirdparties\pdsc\STMicroelectronics.FP-SNS-STBOX1.2.1.0.pdsc: PDSC version is not supported
2025-09-30 20:45:03,062 [WARN] PackLoader:240 - Cannot read IP mode file for STMicroelectronics.FP-SNS-SMARTAG2.1.2.0
2025-09-30 20:45:03,078 [WARN] PackLoader:240 - Cannot read IP mode file for STMicroelectronics.FP-SNS-FLIGHT1.5.1.0
2025-09-30 20:45:03,152 [WARN] PackLoader:240 - Cannot read IP mode file for STMicroelectronics.X-CUBE-MEMS1.11.1.0
2025-09-30 20:45:03,316 [INFO] LogOutputStream:77 - [STDOUT_REDIRECT] 1 : Invalid condition id : UX_CORESTACK_Condition cause : null
2025-09-30 20:45:03,317 [INFO] LogOutputStream:77 - [STDOUT_REDIRECT] 1 : Invalid condition id : UX_CORESTACK_Condition cause : null
2025-09-30 20:45:03,319 [INFO] LogOutputStream:77 - [STDOUT_REDIRECT] 1 : Invalid condition id : UX_CORESTACK_Condition cause : null
2025-09-30 20:45:03,321 [INFO] LogOutputStream:77 - [STDOUT_REDIRECT] 1 : Invalid condition id : UX_CORESTACK_Condition cause : null
2025-09-30 20:45:03,323 [INFO] LogOutputStream:77 - [STDOUT_REDIRECT] 1 : Invalid condition id : UX_CORESTACK_Condition cause : null
2025-09-30 20:45:03,327 [WARN] PackLoader:240 - Cannot read IP mode file for STMicroelectronics.X-CUBE-AZRTOS-WL.2.0.0
2025-09-30 20:45:03,349 [WARN] PackLoader:240 - Cannot read IP mode file for STMicroelectronics.FP-SNS-MOTENV1.5.0.0
2025-09-30 20:45:03,357 [WARN] PackLoader:240 - Cannot read IP mode file for wolfSSL.I-CUBE-wolfMQTT.1.19.0
2025-09-30 20:45:03,368 [WARN] PackLoader:240 - Cannot read IP mode file for WES.I-CUBE-Cesium.1.3.0
2025-09-30 20:45:03,379 [WARN] PackLoader:240 - Cannot read IP mode file for STMicroelectronics.X-CUBE-BLE2.3.3.0
2025-09-30 20:45:03,395 [WARN] PackLoader:240 - Cannot read IP mode file for STMicroelectronics.X-CUBE-NFC9.1.0.0
2025-09-30 20:45:03,404 [WARN] PackLoader:240 - Cannot read IP mode file for STMicroelectronics.X-CUBE-BLE1.7.1.0
2025-09-30 20:45:03,414 [WARN] PackLoader:240 - Cannot read IP mode file for STMicroelectronics.X-CUBE-TCPP.4.1.0
2025-09-30 20:45:03,426 [WARN] PackLoader:240 - Cannot read IP mode file for STMicroelectronics.X-CUBE-EEPRMA1.5.2.0
2025-09-30 20:45:03,433 [WARN] PackLoader:240 - Cannot read IP mode file for STMicroelectronics.X-CUBE-AI.10.1.0
2025-09-30 20:45:03,441 [WARN] PackLoader:240 - Cannot read IP mode file for STMicroelectronics.X-CUBE-ALGOBUILD.1.3.0
2025-09-30 20:45:03,505 [WARN] PackLoader:240 - Cannot read IP mode file for STMicroelectronics.X-CUBE-MEMS1.11.2.0
2025-09-30 20:45:03,691 [WARN] PackLoader:240 - Cannot read IP mode file for STMicroelectronics.X-CUBE-AZRTOS-G0.1.1.0
2025-09-30 20:45:03,714 [WARN] PackLoader:240 - Cannot read IP mode file for STMicroelectronics.X-CUBE-SAFEA1.1.2.2
2025-09-30 20:45:03,726 [WARN] PackLoader:240 - Cannot read IP mode file for STMicroelectronics.X-CUBE-NFC4.3.0.0
2025-09-30 20:45:03,750 [WARN] PackLoader:240 - Cannot read IP mode file for EmbeddedOffice.I-CUBE-FS-RTOS.1.0.1
2025-09-30 20:45:03,760 [WARN] PackLoader:240 - Cannot read IP mode file for STMicroelectronics.X-CUBE-WB05N.2.0.0
2025-09-30 20:45:03,782 [WARN] PackLoader:240 - Cannot read IP mode file for STMicroelectronics.X-CUBE-BLEMGR.3.0.0
2025-09-30 20:45:03,799 [WARN] PackLoader:240 - Cannot read IP mode file for STMicroelectronics.X-CUBE-TCPP.4.2.0
2025-09-30 20:45:03,812 [WARN] PackLoader:240 - Cannot read IP mode file for RealThread.X-CUBE-RT-Thread_Nano.4.1.1
2025-09-30 20:45:03,849 [WARN] PackLoader:240 - Cannot read IP mode file for wolfSSL.I-CUBE-wolfSSL.5.7.0
2025-09-30 20:45:03,941 [WARN] PackLoader:240 - Cannot read IP mode file for STMicroelectronics.FP-ATR-SIGFOX1.3.2.0
2025-09-30 20:45:03,974 [WARN] ConditionMgr:438 - getConditionDescription Invalid condition id : Cortex-A Device cause : null
2025-09-30 20:45:03,999 [WARN] ConditionMgr:1044 - genDependencies : Invalid condition id : Cortex-A Device cause : null
2025-09-30 20:45:04,000 [WARN] ConditionMgr:1044 - genDependencies : Invalid condition id : Cortex-A Device cause : null
2025-09-30 20:45:04,000 [WARN] ConditionMgr:1044 - genDependencies : Invalid condition id : Cortex-A Device cause : null
2025-09-30 20:45:04,023 [WARN] PackLoader:240 - Cannot read IP mode file for STMicroelectronics.X-CUBE-EEPRMA1.5.1.0
2025-09-30 20:45:04,043 [WARN] PackLoader:240 - Cannot read IP mode file for ITTIA_DB.I-CUBE-ITTIADB.8.9.0
2025-09-30 20:45:04,059 [WARN] PackLoader:240 - Cannot read IP mode file for STMicroelectronics.X-CUBE-ST67W61.1.0.0
2025-09-30 20:45:04,070 [WARN] PackLoader:240 - Cannot read IP mode file for STMicroelectronics.X-CUBE-AI.10.2.0
2025-09-30 20:45:04,140 [WARN] PackLoader:240 - Cannot read IP mode file for SEGGER.I-CUBE-embOS.1.3.1
2025-09-30 20:45:04,183 [WARN] PackLoader:240 - Cannot read IP mode file for STMicroelectronics.X-CUBE-ALGOBUILD.1.4.0
2025-09-30 20:45:04,283 [WARN] PackLoader:240 - Cannot read IP mode file for STMicroelectronics.X-CUBE-MEMS1.11.3.0
2025-09-30 20:45:04,422 [WARN] PackLoader:240 - Cannot read IP mode file for STMicroelectronics.X-CUBE-AI.9.1.0
2025-09-30 20:45:04,430 [WARN] PackLoader:240 - Cannot read IP mode file for STMicroelectronics.X-CUBE-PM33A1.1.0.0
2025-09-30 20:45:04,438 [WARN] PackLoader:240 - Cannot read IP mode file for STMicroelectronics.X-CUBE-GNSS1.6.0.0
2025-09-30 20:45:04,459 [WARN] PackLoader:240 - Cannot read IP mode file for STMicroelectronics.X-CUBE-AZRTOS-F4.1.1.0
2025-09-30 20:45:04,470 [WARN] PackLoader:240 - Cannot read IP mode file for Avnet-IotConnect.X-CUBE-IoTC-DA16k-PMOD.1.0.0
2025-09-30 20:45:04,478 [WARN] PackLoader:240 - Cannot read IP mode file for STMicroelectronics.X-CUBE-ISPU.2.1.0
2025-09-30 20:45:04,486 [WARN] PackLoader:240 - Cannot read IP mode file for STMicroelectronics.X-CUBE-FREERTOS.1.2.0
2025-09-30 20:45:04,496 [WARN] PackLoader:240 - Cannot read IP mode file for STMicroelectronics.X-CUBE-NFC12.1.0.0
2025-09-30 20:45:04,520 [WARN] PackLoader:240 - Cannot read IP mode file for STMicroelectronics.X-CUBE-AZRTOS-L5.2.0.0
2025-09-30 20:45:04,535 [WARN] PackLoader:240 - Cannot read IP mode file for STMicroelectronics.X-CUBE-EEPRMA1.4.2.0
2025-09-30 20:45:04,548 [WARN] PackLoader:240 - Cannot read IP mode file for STMicroelectronics.X-CUBE-NFC6.3.1.0
2025-09-30 20:45:04,563 [WARN] PackLoader:240 - Cannot read IP mode file for STMicroelectronics.X-CUBE-DPower.1.2.0
2025-09-30 20:45:04,570 [WARN] PackLoader:240 - Cannot read IP mode file for STMicroelectronics.X-CUBE-AI.9.0.0
2025-09-30 20:45:04,580 [WARN] PackLoader:240 - Cannot read IP mode file for STMicroelectronics.X-CUBE-FREERTOS.1.3.1
2025-09-30 20:45:04,586 [WARN] PackLoader:240 - Cannot read IP mode file for STMicroelectronics.X-CUBE-FREERTOS.1.3.0
2025-09-30 20:45:04,617 [WARN] PackLoader:240 - Cannot read IP mode file for STMicroelectronics.X-CUBE-NFC7.1.0.1
2025-09-30 20:45:04,649 [WARN] PackLoader:240 - Cannot read IP mode file for STMicroelectronics.X-CUBE-NFC6.3.0.0
2025-09-30 20:45:04,665 [WARN] PackLoader:240 - Cannot read IP mode file for STMicroelectronics.X-CUBE-DPower.1.3.0
2025-09-30 20:45:04,689 [WARN] PackLoader:240 - Cannot read IP mode file for STMicroelectronics.X-CUBE-AI.8.1.0
2025-09-30 20:45:04,757 [WARN] ConditionMgr:438 - getConditionDescription Invalid condition id : LAN8742 Phy interface Condition cause : null
2025-09-30 20:45:04,758 [WARN] PackLoader:240 - Cannot read IP mode file for STMicroelectronics.X-CUBE-AZRTOS-L4.2.0.0
2025-09-30 20:45:04,762 [WARN] ConditionMgr:1044 - genDependencies : Invalid condition id : LAN8742 Phy interface Condition cause : null
2025-09-30 20:45:04,764 [WARN] ConditionMgr:1044 - genDependencies : Invalid condition id : LAN8742 Phy interface Condition cause : null
2025-09-30 20:45:04,764 [WARN] ConditionMgr:1044 - genDependencies : Invalid condition id : LAN8742 Phy interface Condition cause : null
2025-09-30 20:45:04,778 [WARN] PackLoader:240 - Cannot read IP mode file for STMicroelectronics.X-CUBE-SFXS2LP1.4.0.0
2025-09-30 20:45:04,832 [WARN] PackLoader:240 - Cannot read IP mode file for STMicroelectronics.X-CUBE-AZRTOS-H7.3.3.0
2025-09-30 20:45:04,879 [WARN] PackLoader:240 - Cannot read IP mode file for STMicroelectronics.X-CUBE-BLEMGR.4.1.0
2025-09-30 20:45:04,918 [WARN] PackLoader:240 - Cannot read IP mode file for STMicroelectronics.X-CUBE-IPS.3.0.0
2025-09-30 20:45:04,958 [WARN] ConditionMgr:438 - getConditionDescription Invalid condition id : UX DEVICE CLASS RTOS Condition cause : null
2025-09-30 20:45:04,958 [WARN] ConditionMgr:438 - getConditionDescription Invalid condition id : UX DEVICE CLASS RTOS Condition cause : null
2025-09-30 20:45:04,963 [WARN] PackLoader:240 - Cannot read IP mode file for STMicroelectronics.X-CUBE-AZRTOS-WB.2.0.0
2025-09-30 20:45:04,965 [WARN] ConditionMgr:1044 - genDependencies : Invalid condition id : UX DEVICE CLASS RTOS Condition cause : null
2025-09-30 20:45:04,966 [WARN] ConditionMgr:1044 - genDependencies : Invalid condition id : UX DEVICE CLASS RTOS Condition cause : null
2025-09-30 20:45:04,967 [WARN] ConditionMgr:1044 - genDependencies : Invalid condition id : UX DEVICE CLASS RTOS Condition cause : null
2025-09-30 20:45:04,968 [WARN] ConditionMgr:1044 - genDependencies : Invalid condition id : UX DEVICE CLASS RTOS Condition cause : null
2025-09-30 20:45:04,968 [WARN] ConditionMgr:1044 - genDependencies : Invalid condition id : UX DEVICE CLASS RTOS Condition cause : null
2025-09-30 20:45:04,988 [WARN] PackLoader:240 - Cannot read IP mode file for STMicroelectronics.X-CUBE-GNSS1.7.0.0
2025-09-30 20:45:05,019 [WARN] PackLoader:240 - Cannot read IP mode file for STMicroelectronics.X-CUBE-GNSS1.7.0.1
2025-09-30 20:45:05,042 [WARN] PackLoader:240 - Cannot read IP mode file for STMicroelectronics.X-CUBE-TOUCHGFX.4.25.0
2025-09-30 20:45:05,043 [INFO] WebApp:463 - Apply proxy settings
2025-09-30 20:45:05,045 [INFO] WebApp:548 - Chromium requires no authentication
2025-09-30 20:45:05,061 [WARN] PackLoader:240 - Cannot read IP mode file for STMicroelectronics.FP-SNS-STBOX1.2.0.0
2025-09-30 20:45:05,091 [WARN] PackLoader:240 - Cannot read IP mode file for STMicroelectronics.X-CUBE-SUBG2.5.0.0
2025-09-30 20:45:05,111 [INFO] WebApp:491 - Direct internet connection detected
2025-09-30 20:45:05,155 [WARN] PackLoader:240 - Cannot read IP mode file for STMicroelectronics.X-CUBE-AZRTOS-H7RS.1.1.0
2025-09-30 20:45:05,172 [WARN] PackLoader:240 - Cannot read IP mode file for Cesanta.I-CUBE-Mongoose.7.13.0
2025-09-30 20:45:05,213 [WARN] PackLoader:240 - Cannot read IP mode file for STMicroelectronics.X-CUBE-AZRTOS-G4.2.0.0
2025-09-30 20:45:05,247 [WARN] PackLoader:240 - Cannot read IP mode file for STMicroelectronics.X-CUBE-NFC7.2.0.0
2025-09-30 20:45:05,264 [WARN] PackLoader:240 - Cannot read IP mode file for STMicroelectronics.FP-SNS-MOTENVWB1.1.3.1
2025-09-30 20:45:05,290 [WARN] PackLoader:240 - Cannot read IP mode file for STMicroelectronics.X-CUBE-ISPU.2.0.0
2025-09-30 20:45:05,292 [INFO] WebApp:894 - Register for checkConnection events
2025-09-30 20:45:05,292 [INFO] WebApp:463 - Apply proxy settings
2025-09-30 20:45:05,293 [INFO] WebApp:548 - Chromium requires no authentication
2025-09-30 20:45:05,293 [INFO] WebApp:491 - Direct internet connection detected
2025-09-30 20:45:05,304 [WARN] PackLoader:240 - Cannot read IP mode file for STMicroelectronics.X-CUBE-IPS.3.1.0
2025-09-30 20:45:05,319 [WARN] PackLoader:240 - Cannot read IP mode file for STMicroelectronics.X-CUBE-ALS.1.0.2
2025-09-30 20:45:05,392 [WARN] PackLoader:240 - Cannot read IP mode file for STMicroelectronics.X-CUBE-MEMS1.10.0.0
2025-09-30 20:45:05,587 [WARN] PackLoader:240 - Cannot read IP mode file for STMicroelectronics.X-CUBE-FREERTOS.1.1.0
2025-09-30 20:45:05,599 [WARN] PackLoader:240 - Cannot read IP mode file for STMicroelectronics.X-CUBE-TOUCHGFX.4.24.0
2025-09-30 20:45:05,608 [WARN] PackLoader:240 - Cannot read IP mode file for STMicroelectronics.X-CUBE-TOUCHGFX.4.24.2
2025-09-30 20:45:05,615 [WARN] PackLoader:240 - Cannot read IP mode file for STMicroelectronics.X-CUBE-TOUCHGFX.4.24.1
2025-09-30 20:45:05,629 [WARN] PackLoader:240 - Cannot read IP mode file for STMicroelectronics.X-CUBE-STSE01.1.0.0
2025-09-30 20:45:05,652 [WARN] PackLoader:240 - Cannot read IP mode file for wolfSSL.I-CUBE-wolfTPM.3.4.0
2025-09-30 20:45:05,664 [WARN] PackLoader:240 - Cannot read IP mode file for portGmbH.I-Cube-SoM-uGOAL.1.1.0
2025-09-30 20:45:05,671 [WARN] PackLoader:240 - Cannot read IP mode file for STMicroelectronics.X-CUBE-ALS.1.0.1
2025-09-30 20:45:05,703 [WARN] PackLoader:240 - Cannot read IP mode file for STMicroelectronics.X-CUBE-AZRTOS-H7RS.1.0.0
2025-09-30 20:45:05,713 [WARN] PackLoader:240 - Cannot read IP mode file for STMicroelectronics.FP-ATR-ASTRA1.2.0.0
2025-09-30 20:45:05,739 [WARN] PackLoader:240 - Cannot read IP mode file for STMicroelectronics.X-CUBE-TOF1.3.4.2
2025-09-30 20:45:05,767 [WARN] PackLoader:240 - Cannot read IP mode file for STMicroelectronics.X-CUBE-TOF1.3.4.3
2025-09-30 20:45:05,813 [WARN] PackLoader:240 - Cannot read IP mode file for STMicroelectronics.X-CUBE-TOF1.3.4.0
2025-09-30 20:45:05,843 [WARN] PackLoader:240 - Cannot read IP mode file for STMicroelectronics.X-CUBE-TOF1.3.4.1
2025-09-30 20:45:05,888 [WARN] PackLoader:240 - Cannot read IP mode file for STMicroelectronics.X-CUBE-AZRTOS-H7.3.2.0
2025-09-30 20:45:05,916 [WARN] PackLoader:240 - Cannot read IP mode file for Infineon.AIROC-Wi-Fi-Bluetooth-STM32.1.6.0
2025-09-30 20:45:05,931 [WARN] PackLoader:240 - Cannot read IP mode file for wolfSSL.I-CUBE-wolfSSH.1.4.17
2025-09-30 20:45:05,932 [INFO] ThirdParty:978 - Integrity check success = true
2025-09-30 20:45:05,932 [INFO] IntegrityCheckThread:100 - exiting critical section [integrity check]
2025-09-30 20:45:05,932 [INFO] IntegrityCheckThread:103 - End integrity checks thread
2025-09-30 20:45:05,966 [INFO] WebApp:225 - Starting web application
2025-09-30 20:45:05,966 [INFO] WebApp:593 - Web application path used C:\ST\STM32CubeIDE_1.18.0\STM32CubeIDE\plugins\com.st.stm32cube.common.mx_6.14.1.202504091515\db\plugins\mcufinder\reactClient1\index.html
2025-09-30 20:45:06,350 [INFO] UserAuth:484 - Internet connection configuration mode: 1
2025-09-30 20:45:06,379 [INFO] WebApp:191 - Connection restablished
2025-09-30 20:45:22,681 [INFO] WebApp:194 - Connection lost
2025-09-30 20:45:23,588 [INFO] WebApp:191 - Connection restablished
2025-09-30 20:45:58,583 [INFO] McuFinderGlobals:63 - Set McuFinder mode to 2 (CubeIDE integrated)
2025-09-30 20:45:58,589 [INFO] MainUpdater:2872 - connection check result : 10
2025-09-30 20:45:58,592 [INFO] MainUpdater:2872 - connection check result : 10
2025-09-30 20:45:58,670 [INFO] MicroXplorer:468 - Change Database Path : 
2025-09-30 20:45:58,670 [INFO] MicroXplorer:498 - Change Database Version : DB.6.0.141
2025-09-30 20:45:58,683 [WARN] ThirdParty:871 - waiting for thirdparty lock release [close project]
2025-09-30 20:45:58,683 [INFO] ThirdParty:873 - entering critical section [close project]
2025-09-30 20:45:58,686 [INFO] ThirdParty:883 - exiting critical section [close project]
2025-09-30 20:45:58,690 [INFO] PinOutPanel:1589 - setPackage(No Configuration,No Configuration)
2025-09-30 20:45:58,705 [INFO] UtilMem:75 - Begin LoadConfig() Used Memory: 239569392 Bytes (426770432)
2025-09-30 20:46:01,789 [INFO] MicroXplorer:468 - Change Database Path : 
2025-09-30 20:46:01,789 [INFO] MicroXplorer:498 - Change Database Version : DB.6.0.141
2025-09-30 20:46:01,791 [INFO] OpenFileManager:354 - Change cursor
2025-09-30 20:46:01,851 [INFO] Mcu:2011 - Initializing MCU STM32F103C(8-B)Tx STM32F103C8Tx STM32F103C8T6
2025-09-30 20:46:03,299 [INFO] Context:756 - Trying to add GPIOservice into a context  which must be forbidden
2025-09-30 20:46:03,649 [INFO] Rule:225 - rule Adapt Old IOC CSI. is applicable
2025-09-30 20:46:03,650 [INFO] DbConfProperties:307 - Apply Compatibility (0/1 Rules)
2025-09-30 20:46:03,682 [INFO] ImportTextPane:218 - (OptionalMessage_ERROR) Pin8 (VP_RIF_VS_RIF1) cannot be retrieved for this MCU
2025-09-30 20:46:04,068 [INFO] RtosManager:558 - Registered RTOS mode: class=CMSIS, group=RTOS, mode=CMSIS_V1, owner=FREERTOS
2025-09-30 20:46:04,068 [INFO] RtosManager:558 - Registered RTOS mode: class=CMSIS, group=RTOS2, mode=CMSIS_V2, owner=FREERTOS
2025-09-30 20:46:04,068 [INFO] RtosManager:558 - Registered RTOS mode: class=RTOS, group=Core, mode=CMSIS_V1, owner=FREERTOS
2025-09-30 20:46:04,068 [INFO] RtosManager:558 - Registered RTOS mode: class=RTOS, group=Core, mode=CMSIS_V2, owner=FREERTOS
2025-09-30 20:46:04,069 [WARN] ModelIntegratedComponent:184 - Missing modes for component STMicroelectronics:FreeRTOS:0.0.1:STMicroelectronics:RTOS:FreeRTOS:Core:::10.2.0:
2025-09-30 20:46:04,084 [WARN] ModelIntegratedComponent:63 - No mode defined for component null
2025-09-30 20:46:04,086 [WARN] ModelIntegratedComponent:63 - No mode defined for component null
2025-09-30 20:46:04,086 [WARN] ModelIntegratedComponent:63 - No mode defined for component null
2025-09-30 20:46:04,086 [WARN] ModelIntegratedComponent:63 - No mode defined for component null
2025-09-30 20:46:04,086 [WARN] ModelIntegratedComponent:63 - No mode defined for component null
2025-09-30 20:46:04,086 [WARN] ModelIntegratedComponent:63 - No mode defined for component null
2025-09-30 20:46:04,086 [WARN] ModelIntegratedComponent:63 - No mode defined for component null
2025-09-30 20:46:04,087 [WARN] ModelIntegratedComponent:63 - No mode defined for component null
2025-09-30 20:46:04,087 [WARN] ModelIntegratedComponent:63 - No mode defined for component null
2025-09-30 20:46:04,087 [WARN] ModelIntegratedComponent:63 - No mode defined for component null
2025-09-30 20:46:04,087 [WARN] ModelIntegratedComponent:63 - No mode defined for component null
2025-09-30 20:46:04,087 [WARN] ModelIntegratedComponent:63 - No mode defined for component null
2025-09-30 20:46:04,087 [WARN] ModelIntegratedComponent:63 - No mode defined for component null
2025-09-30 20:46:04,088 [WARN] ModelIntegratedComponent:63 - No mode defined for component null
2025-09-30 20:46:04,088 [WARN] ModelIntegratedComponent:63 - No mode defined for component null
2025-09-30 20:46:04,088 [WARN] ModelIntegratedComponent:63 - No mode defined for component null
2025-09-30 20:46:04,088 [WARN] ModelIntegratedComponent:63 - No mode defined for component null
2025-09-30 20:46:04,088 [WARN] ModelIntegratedComponent:63 - No mode defined for component null
2025-09-30 20:46:04,088 [WARN] ModelIntegratedComponent:63 - No mode defined for component null
2025-09-30 20:46:04,089 [WARN] ModelIntegratedComponent:63 - No mode defined for component null
2025-09-30 20:46:04,089 [WARN] ModelIntegratedComponent:63 - No mode defined for component null
2025-09-30 20:46:04,091 [WARN] ModelIntegratedComponent:63 - No mode defined for component null
2025-09-30 20:46:04,091 [WARN] ModelIntegratedComponent:63 - No mode defined for component null
2025-09-30 20:46:04,093 [WARN] ModelIntegratedComponent:63 - No mode defined for component null
2025-09-30 20:46:04,093 [WARN] ModelIntegratedComponent:63 - No mode defined for component null
2025-09-30 20:46:04,093 [WARN] ModelIntegratedComponent:63 - No mode defined for component null
2025-09-30 20:46:04,093 [WARN] ModelIntegratedComponent:63 - No mode defined for component null
2025-09-30 20:46:04,093 [WARN] ModelIntegratedComponent:63 - No mode defined for component null
2025-09-30 20:46:04,093 [WARN] ModelIntegratedComponent:63 - No mode defined for component null
2025-09-30 20:46:04,094 [WARN] ModelIntegratedComponent:63 - No mode defined for component null
2025-09-30 20:46:04,094 [WARN] ModelIntegratedComponent:63 - No mode defined for component null
2025-09-30 20:46:04,094 [WARN] ModelIntegratedComponent:63 - No mode defined for component null
2025-09-30 20:46:04,094 [WARN] ModelIntegratedComponent:63 - No mode defined for component null
2025-09-30 20:46:04,094 [WARN] ModelIntegratedComponent:63 - No mode defined for component null
2025-09-30 20:46:04,094 [WARN] ModelIntegratedComponent:63 - No mode defined for component null
2025-09-30 20:46:04,094 [WARN] ModelPack:524 - Component already loaded: STMicroelectronics:HAL Drivers:0.0.0:STMicroelectronics:Device:STMicro_Driver:XSPI:HAL::0.0.1:HAL_XSPI
2025-09-30 20:46:04,663 [INFO] ThirdPartyModel:298 - Start build external matchings
2025-09-30 20:46:08,816 [INFO] ThirdPartyModel:316 - End build external matchings
2025-09-30 20:46:08,968 [INFO] ImportTextPane:218 - (OptionalMessage_ERROR) IP (RCC) : Invalid parameter (FamilyName)
2025-09-30 20:46:08,970 [INFO] ImportTextPane:218 - (OptionalMessage_ERROR) IP (RCC) : Parameter (MCOFreq_Value) has invalid value (72000000)
2025-09-30 20:46:08,971 [INFO] ImportTextPane:218 - (OptionalMessage_ERROR) IP (RCC) : Parameter (USBFreq_Value) has invalid value (72000000)
2025-09-30 20:46:10,156 [INFO] ApiDb:581 - Connected to CubeFinder SQLite database (C:\Users\User\.stmcufinder\plugins\mcufinder\mcu\cube-finder-db.db)
2025-09-30 20:46:10,300 [INFO] ApiDb:668 - CubeFinder database Data Model version=2.1
2025-09-30 20:46:10,300 [INFO] ApiDb:669 - CubeFinder database Configuration version=3.0.39
2025-09-30 20:46:10,300 [INFO] ApiDb:670 - CubeFinder database generation date=2025-08-25 (1756130511)
2025-09-30 20:46:10,301 [INFO] ApiDb:671 - CubeFinder database FW Pack versions=[FP-ATR-ASTRA1_V2.0.0, FP-SNS-FLIGHT1_V5.1.0, FP-SNS-MOTENV1_V5.0.0, FP-SNS-MOTENVWB1_V1.4.0, FP-SNS-SMARTAG2_V1.2.0, FP-SNS-STBOX1_V2.1.0, STM32Cube_FW_C0_V1.4.0, STM32Cube_FW_F4_V1.28.3, STM32Cube_FW_F7_V1.17.4, STM32Cube_FW_G0_V1.6.2, STM32Cube_FW_G4_V1.6.1, STM32Cube_FW_H5_V1.5.0, STM32Cube_FW_H7RS_V1.2.0, STM32Cube_FW_H7_V1.12.1, STM32Cube_FW_L0_V1.12.2, STM32Cube_FW_L4_V1.18.1, STM32Cube_FW_L5_V1.5.1, STM32Cube_FW_N6_V1.2.0, STM32Cube_FW_U0_V1.3.0, STM32Cube_FW_U3_V1.2.0, STM32Cube_FW_U5_V1.8.0, STM32Cube_FW_WB0_V1.3.0, STM32Cube_FW_WBA_V1.7.0, STM32Cube_FW_WB_V1.23.0, STM32Cube_FW_WL3_V1.2.0, STM32Cube_FW_WL_V1.3.1, X-CUBE-ALGOBUILD_V1.4.0, X-CUBE-ALS_V1.0.2, X-CUBE-AZRTOS-F4_V1.1.0, X-CUBE-AZRTOS-F7_V1.1.0, X-CUBE-AZRTOS-G0_V1.1.0, X-CUBE-AZRTOS-G4_V2.0.0, X-CUBE-AZRTOS-H7RS_V1.1.0, X-CUBE-AZRTOS-H7_V3.4.0, X-CUBE-AZRTOS-L4_V2.0.0, X-CUBE-AZRTOS-L5_V2.0.0, X-CUBE-AZRTOS-WB_V2.0.0, X-CUBE-AZRTOS-WL_V2.0.0, X-CUBE-BLE1_V7.1.0, X-CUBE-BLE2_V3.3.0, X-CUBE-BLEMGR_V4.1.0, X-CUBE-EEPRMA1_V5.2.0, X-CUBE-FREERTOS_V1.3.1, X-CUBE-GNSS1_V6.0.0, X-CUBE-MEMS1_V11.3.0, X-CUBE-NFC4_V3.0.0, X-CUBE-NFC7_V2.0.0, X-CUBE-SFXS2LP1_V4.0.0, X-CUBE-ST67W61_V1.0.0, X-CUBE-SUBG2_V5.0.0, X-CUBE-TOF1_V3.4.3]
2025-09-30 20:46:10,485 [INFO] DbBoardsSqlite:226 - include board P-NUCLEO-WB55-NUCLEO as a kit item of type 'Nucleo-64'
2025-09-30 20:46:10,486 [INFO] DbBoardsSqlite:226 - include board P-NUCLEO-WB55-USBDONGLE as a kit item of type 'Nucleo USB Dongle'
2025-09-30 20:46:10,489 [INFO] DbBoardsSqlite:226 - include board STEVAL-IDP005V1 as a kit item of type 'Evaluation Board'
2025-09-30 20:46:10,489 [INFO] DbBoardsSqlite:226 - include board STEVAL-IDP005V2 as a kit item of type 'Evaluation Board'
2025-09-30 20:46:11,114 [INFO] ApiDb:240 - Found 895 in-development CPN: [B-G473E-ZEST1S, B-WB1M-WPAN1, B-WBA5M-WPAN, B-WL5M-SUBG1, NUCLEO-C031C6, NUCLEO-C051C8, NUCLEO-C071RB, NUCLEO-C092RC, NUCLEO-H503RB, NUCLEO-H533RE, NUCLEO-H563ZI, NUCLEO-H7S3L8, NUCLEO-N657X0-Q, NUCLEO-U031R8, NUCLEO-U083RC, NUCLEO-U385RG-Q, NUCLEO-U545RE-Q, NUCLEO-U5A5ZJ-Q, NUCLEO-WB05KZ, NUCLEO-WB07CC, NUCLEO-WB09KE, NUCLEO-WBA52CG, NUCLEO-WBA55CG, NUCLEO-WBA65RI, NUCLEO-WL33CC1, NUCLEO-WL33CC2, STEVAL-PROTEUS1, STEVAL-SMARTAG2, STEVAL-STWINBX1, STM320518-EVAL, STM32C0116-DK, STM32C011D6Y3TR, STM32C011D6Y6TR, STM32C011F4P3, STM32C011F4P6, STM32C011F4U3, STM32C011F4U6TR, STM32C011F6P3, STM32C011F6P6, STM32C011F6U3, STM32C011F6U6TR, STM32C011J4M3, STM32C011J4M6, STM32C011J6M3, STM32C011J6M6, STM32C0316-DK, STM32C031C4T3, STM32C031C4T6, STM32C031C4U3, STM32C031C4U6, STM32C031C6T3, STM32C031C6T6, STM32C031C6U3, STM32C031C6U6, STM32C031F4P3, STM32C031F4P6, STM32C031F6P3, STM32C031F6P6, STM32C031G4U3, STM32C031G4U6, STM32C031G6U3, STM32C031G6U6, STM32C031K4T3, STM32C031K4T6, STM32C031K4U3, STM32C031K4U6, STM32C031K6T3, STM32C031K6T6, STM32C031K6U3, STM32C031K6U6, STM32C051C6T6, STM32C051C6U6, STM32C051C8T6, STM32C051C8U6, STM32C051D8Y6TR, STM32C051F6P6, STM32C051F8P6, STM32C051G6U6, STM32C051G8U6, STM32C051K6T6, STM32C051K6U6, STM32C051K8T6, STM32C071C8T6, STM32C071C8T6N, STM32C071C8U6, STM32C071C8U6N, STM32C071CBT6, STM32C071CBT6N, STM32C071CBU6, STM32C071CBU6N, STM32C071F8P6, STM32C071F8P6N, STM32C071FBP6, STM32C071FBP6N, STM32C071FBY6TR, STM32C071G8U6, STM32C071G8U6N, STM32C071GBU6, STM32C071GBU6N, STM32C071K8T6, STM32C071K8T6N, STM32C071K8U6, STM32C071K8U6N, STM32C071KBT6, STM32C071KBT6N, STM32C071KBU6, STM32C071KBU6N, STM32C071R8T6, STM32C071R8T6N, STM32C071RBI6N, STM32C071RBT6, STM32C071RBT6N, STM32C091CBT6, STM32C091CBU6, STM32C091CCT6, STM32C091CCU6, STM32C091ECY6TR, STM32C091FBP6, STM32C091FCP6, STM32C091GBU6, STM32C091GCU6, STM32C091KBT6, STM32C091KBU6, STM32C091KCT6, STM32C091KCU6, STM32C091RBT6, STM32C091RCI6, STM32C091RCT6, STM32C092CBT6, STM32C092CBU6, STM32C092CCT6, STM32C092CCU6, STM32C092ECY6TR, STM32C092FBP6, STM32C092FCP6, STM32C092GBU6, STM32C092GCU6, STM32C092KBT6, STM32C092KBU6, STM32C092KCT6, STM32C092KCU6, STM32C092RBT6, STM32C092RCI6, STM32C092RCT6, STM32G071K8TXN, STM32G071K8UXN, STM32G081GBU6N, STM32G081KBT6N, STM32G081KBUXN, STM32G0B1CCT6N, STM32G0B1KCT6, STM32G0B1NEY6TR, STM32G0B1RCT6N, STM32G0C1CCT6, STM32G0C1CCT6N, STM32G0C1CCU6N, STM32G0C1CET6N, STM32G0C1CEU6N, STM32G0C1KCT6, STM32G0C1NEY6TR, STM32G0C1RCI6N, STM32G0C1RCT6N, STM32G0C1REI6N, STM32G0C1RET6N, STM32G0C1VCI6, STM32G0C1VEI6, STM32G411C6T3, STM32G411C6T6, STM32G411C6U3, STM32G411C6U6, STM32G411C8T3, STM32G411C8T6, STM32G411C8U3, STM32G411C8U6, STM32G411CBT3, STM32G411CBT6, STM32G411CBU3, STM32G411CBU6, STM32G411CCT3, STM32G411CCT6, STM32G411CCU3, STM32G411CCU6, STM32G411K6T3, STM32G411K6T6, STM32G411K6U3, STM32G411K6U6, STM32G411K8T3, STM32G411K8T6, STM32G411K8U3, STM32G411K8U6, STM32G411KBT3, STM32G411KBT6, STM32G411KBU3, STM32G411KBU6, STM32G411M6T3, STM32G411M6T6, STM32G411M8T3, STM32G411M8T6, STM32G411MBT3, STM32G411MBT6, STM32G411MCT3, STM32G411MCT6, STM32G411R6T3, STM32G411R6T6, STM32G411R8T3, STM32G411R8T6, STM32G411RBT3, STM32G411RBT6, STM32G411RCT3, STM32G411RCT6, STM32G414CBT3, STM32G414CBT6, STM32G414CBU3, STM32G414CBU6, STM32G414CCT3, STM32G414CCT6, STM32G414CCU3, STM32G414CCU6, STM32G414MBT3, STM32G414MBT6, STM32G414MCT3, STM32G414MCT6, STM32G414RBT3, STM32G414RBT6, STM32G414RCT3, STM32G414RCT6, STM32G414VBT3, STM32G414VBT6, STM32G414VCT3, STM32G414VCT6, STM32G431CBT3Z, STM32G431RBT3Z, STM32G471CCT6, STM32G471CCU6, STM32G471CET3, STM32G471CET6, STM32G471CEU3, STM32G471CEU6, STM32G471MCT6, STM32G471MET3, STM32G471MET6, STM32G471MEY6TR, STM32G471QCT6, STM32G471QET3, STM32G471RCT6, STM32G471RET3, STM32G471RET6, STM32G471VCH6, STM32G471VCI6, STM32G471VCT6, STM32G471VEH3, STM32G471VEH6, STM32G471VEI3, STM32G471VEI6, STM32G471VET3, STM32G471VET6, STM32G473QET3Z, STM32G473RET3Z, STM32G474CCT6, STM32G491RET3Z, STM32H503CBT6, STM32H503CBU6, STM32H503EBY6TR, STM32H503KBU6, STM32H503RBT6, STM32H523CCT6, STM32H523CCU6, STM32H523CET6, STM32H523CEU6, STM32H523HEY6TR, STM32H523RCT6, STM32H523RET6, STM32H523VCI6, STM32H523VCT6, STM32H523VEI6, STM32H523VET6, STM32H523ZCJ6, STM32H523ZCT6, STM32H523ZEJ6, STM32H523ZET6, STM32H533CET6, STM32H533CEU6, STM32H533HEY6TR, STM32H533RET6, STM32H533VEI6, STM32H533VET6, STM32H533ZEJ6, STM32H533ZET6, STM32H562AGI6, STM32H562AII6, STM32H562IGK6, STM32H562IGT6, STM32H562IIK6, STM32H562IIT6, STM32H562RGT6, STM32H562RGV6, STM32H562RIT6, STM32H562RIV6, STM32H562VGT6, STM32H562VIT6, STM32H562ZGT6, STM32H562ZIT6, STM32H563AGI6, STM32H563AII3Q, STM32H563AII6, STM32H563IGK6, STM32H563IGT6, STM32H563IIK3Q, STM32H563IIK6, STM32H563IIT3Q, STM32H563IIT6, STM32H563MIY3QTR, STM32H563RGT6, STM32H563RGV6, STM32H563RIT6, STM32H563RIV6, STM32H563VGT6, STM32H563VIT3Q, STM32H563VIT6, STM32H563ZGT6, STM32H563ZIT3Q, STM32H563ZIT6, STM32H573AII3Q, STM32H573AII6, STM32H573I-DK, STM32H573IIK3Q, STM32H573IIK6, STM32H573IIT3Q, STM32H573IIT6, STM32H573MIY3QTR, STM32H573RIT6, STM32H573RIV6, STM32H573VIT3Q, STM32H573VIT6, STM32H573ZIT3Q, STM32H573ZIT6, STM32H7R3A8I6, STM32H7R3I8K6, STM32H7R3I8T6, STM32H7R3L8H6, STM32H7R3L8H6H, STM32H7R3R8V6, STM32H7R3V8H6, STM32H7R3V8T6, STM32H7R3V8Y6TR, STM32H7R3Z8J6, STM32H7R3Z8T6, STM32H7R7A8I6, STM32H7R7I8K6, STM32H7R7I8T6, STM32H7R7L8H6, STM32H7R7L8H6H, STM32H7R7Z8J6, STM32H7S3A8I6, STM32H7S3I8K6, STM32H7S3I8T6, STM32H7S3L8H6, STM32H7S3L8H6H, STM32H7S3R8V6, STM32H7S3V8H6, STM32H7S3V8T6, STM32H7S3V8Y6TR, STM32H7S3Z8J6, STM32H7S3Z8T6, STM32H7S78-DK, STM32H7S7A8I6, STM32H7S7I8K6, STM32H7S7I8T6, STM32H7S7L8H6, STM32H7S7L8H6H, STM32H7S7Z8J6, STM32L4R5QGI6STR, STM32MP131AAE3, STM32MP131AAF3, STM32MP131AAG3, STM32MP131CAE3, STM32MP131CAF3, STM32MP131CAG3, STM32MP131DAE7, STM32MP131DAF7, STM32MP131DAG7, STM32MP131FAE7, STM32MP131FAF7, STM32MP131FAG7, STM32MP133AAE3, STM32MP133AAF3, STM32MP133AAG3, STM32MP133CAE3, STM32MP133CAF3, STM32MP133CAG3, STM32MP133DAE7, STM32MP133DAF7, STM32MP133DAG7, STM32MP133FAE7, STM32MP133FAF7, STM32MP133FAG7, STM32MP135AAE3, STM32MP135AAF3, STM32MP135AAG3, STM32MP135CAE3, STM32MP135CAF3, STM32MP135CAG3, STM32MP135DAE7, STM32MP135DAF7, STM32MP135DAG7, STM32MP135F-DK, STM32MP135FAE7, STM32MP135FAF7, STM32MP135FAF7T, STM32MP135FAF7U, STM32MP135FAG7, STM32MP231AAJ3, STM32MP231AAK3, STM32MP231AAL3, STM32MP231CAJ3, STM32MP231CAK3, STM32MP231CAL3, STM32MP231DAJ3, STM32MP231DAK3, STM32MP231DAL3, STM32MP231FAJ3, STM32MP231FAK3, STM32MP231FAL3, STM32MP233AAJ3, STM32MP233AAK3, STM32MP233AAL3, STM32MP233CAJ3, STM32MP233CAK3, STM32MP233CAL3, STM32MP233DAJ3, STM32MP233DAK3, STM32MP233DAL3, STM32MP233FAJ3, STM32MP233FAK3, STM32MP233FAL3, STM32MP235AAJ3, STM32MP235AAK3, STM32MP235AAL3, STM32MP235CAJ3, STM32MP235CAK3, STM32MP235CAL3, STM32MP235DAJ3, STM32MP235DAK3, STM32MP235DAL3, STM32MP235FAJ3, STM32MP235FAK3, STM32MP235FAL3, STM32MP251AAI3, STM32MP251AAJ3, STM32MP251AAK3, STM32MP251AAL3, STM32MP251CAI3, STM32MP251CAJ3, STM32MP251CAK3, STM32MP251CAL3, STM32MP251DAI3, STM32MP251DAJ3, STM32MP251DAK3, STM32MP251DAL3, STM32MP251FAI3, STM32MP251FAJ3, STM32MP251FAK3, STM32MP251FAL3, STM32MP253AAI3, STM32MP253AAJ3, STM32MP253AAK3, STM32MP253AAL3, STM32MP253CAI3, STM32MP253CAJ3, STM32MP253CAK3, STM32MP253CAL3, STM32MP253DAI3, STM32MP253DAJ3, STM32MP253DAK3, STM32MP253DAL3, STM32MP253FAI3, STM32MP253FAJ3, STM32MP253FAK3, STM32MP253FAL3, STM32MP255AAI3, STM32MP255AAJ3, STM32MP255AAK3, STM32MP255AAL3, STM32MP255CAI3, STM32MP255CAJ3, STM32MP255CAK3, STM32MP255CAL3, STM32MP255DAI3, STM32MP255DAJ3, STM32MP255DAK3, STM32MP255DAL3, STM32MP255FAI3, STM32MP255FAJ3, STM32MP255FAK3, STM32MP255FAL3, STM32MP257AAI3, STM32MP257AAJ3, STM32MP257AAK3, STM32MP257AAL3, STM32MP257CAI3, STM32MP257CAJ3, STM32MP257CAK3, STM32MP257CAL3, STM32MP257DAI3, STM32MP257DAJ3, STM32MP257DAK3, STM32MP257DAL3, STM32MP257F-DK, STM32MP257F-EV1, STM32MP257FAI3, STM32MP257FAJ3, STM32MP257FAK3, STM32MP257FAL3, STM32N645A0H3Q, STM32N645B0H3Q, STM32N645I0H3Q, STM32N645L0H3Q, STM32N645X0H3Q, STM32N645Z0H3Q, STM32N647A0H3Q, STM32N647B0H3Q, STM32N647I0H3Q, STM32N647L0H3Q, STM32N647X0H3Q, STM32N647Z0H3Q, STM32N655A0H3Q, STM32N655B0H3Q, STM32N655I0H3Q, STM32N655L0H3Q, STM32N655X0H3Q, STM32N655Z0H3Q, STM32N6570-DK, STM32N657A0H3Q, STM32N657B0H3Q, STM32N657I0H3Q, STM32N657L0H3Q, STM32N657X0H3Q, STM32N657Z0H3Q, STM32U031C6T6, STM32U031C6U6, STM32U031C8T6, STM32U031C8U6, STM32U031F4P6, STM32U031F6P6, STM32U031F8P6, STM32U031G6Y6TR, STM32U031G8Y6TR, STM32U031K4U6, STM32U031K6U6, STM32U031K8U6, STM32U031R6I6, STM32U031R6T6, STM32U031R8I6, STM32U031R8T6, STM32U073C8T6, STM32U073C8U6, STM32U073CBT6, STM32U073CBU6, STM32U073CCT6, STM32U073CCU6, STM32U073H8Y6TR, STM32U073HBY6TR, STM32U073HCY6TR, STM32U073K8U6, STM32U073KBU6, STM32U073KCU6, STM32U073M8I6, STM32U073M8T6, STM32U073MBI6, STM32U073MBT6, STM32U073MCI6, STM32U073MCT6, STM32U073R8I6, STM32U073R8T6, STM32U073RBI6, STM32U073RBT6, STM32U073RCI6, STM32U073RCT6, STM32U083C-DK, STM32U083CCT6, STM32U083CCU6, STM32U083HCY6TR, STM32U083KCU6, STM32U083MCI6, STM32U083MCT6, STM32U083RCI6, STM32U083RCT6, STM32U375CET6, STM32U375CET6Q, STM32U375CEU6, STM32U375CEU6Q, STM32U375CEY6QTR, STM32U375CGT6, STM32U375CGT6Q, STM32U375CGU6, STM32U375CGU6Q, STM32U375CGY6QTR, STM32U375KEU6, STM32U375KGU6, STM32U375REI6, STM32U375REI6Q, STM32U375RET6, STM32U375RET6Q, STM32U375REY6GTR, STM32U375REY6QTR, STM32U375RGI6, STM32U375RGI6Q, STM32U375RGT6, STM32U375RGT6Q, STM32U375RGY6GTR, STM32U375RGY6QTR, STM32U375VEI6, STM32U375VEI6Q, STM32U375VET6, STM32U375VET6Q, STM32U375VGI6, STM32U375VGI6Q, STM32U375VGT6, STM32U375VGT6Q, STM32U385CGT6, STM32U385CGT6Q, STM32U385CGU6, STM32U385CGU6Q, STM32U385CGY6QTR, STM32U385KGU6, STM32U385RGI6, STM32U385RGI6Q, STM32U385RGT6, STM32U385RGT6Q, STM32U385RGY6GTR, STM32U385RGY6QTR, STM32U385VGI6, STM32U385VGI6Q, STM32U385VGT6, STM32U385VGT6Q, STM32U535CBT6, STM32U535CBT6Q, STM32U535CBU6, STM32U535CBU6Q, STM32U535CCT6, STM32U535CCT6Q, STM32U535CCU6, STM32U535CCU6Q, STM32U535CET6, STM32U535CET6Q, STM32U535CEU6, STM32U535CEU6Q, STM32U535JEY6QTR, STM32U535NCY6QTR, STM32U535NEY6QTR, STM32U535RBI6, STM32U535RBI6Q, STM32U535RBT6, STM32U535RBT6Q, STM32U535RCI6, STM32U535RCI6Q, STM32U535RCT6, STM32U535RCT6Q, STM32U535REI6, STM32U535REI6Q, STM32U535RET6, STM32U535RET6Q, STM32U535VCI6, STM32U535VCI6Q, STM32U535VCT6, STM32U535VCT6Q, STM32U535VEI6, STM32U535VEI6Q, STM32U535VET6, STM32U535VET6Q, STM32U545CET6, STM32U545CET6Q, STM32U545CEU6, STM32U545CEU6Q, STM32U545JEY6QTR, STM32U545NEY6QTR, STM32U545REI6, STM32U545REI6Q, STM32U545RET6, STM32U545RET6Q, STM32U545VEI6, STM32U545VEI6Q, STM32U545VET6, STM32U545VET6Q, STM32U595AIH6, STM32U595AIH6Q, STM32U595AJH6, STM32U595AJH6Q, STM32U595QII6, STM32U595QII6Q, STM32U595QJI6, STM32U595QJI6Q, STM32U595RIT6, STM32U595RIT6Q, STM32U595RJT6, STM32U595RJT6Q, STM32U595VIT6, STM32U595VIT6Q, STM32U595VJT6, STM32U595VJT6Q, STM32U595ZIT6, STM32U595ZIT6Q, STM32U595ZIY6QTR, STM32U595ZJT6, STM32U595ZJT6Q, STM32U595ZJY6QTR, STM32U599BJY6QTR, STM32U599NIH6Q, STM32U599NJH6Q, STM32U599VIT6Q, STM32U599VJT6, STM32U599VJT6Q, STM32U599ZIT6Q, STM32U599ZIY6QTR, STM32U599ZJT6Q, STM32U599ZJY6QTR, STM32U5A5AJH6, STM32U5A5AJH6Q, STM32U5A5QII3Q , STM32U5A5QJI6, STM32U5A5QJI6Q, STM32U5A5RJT6, STM32U5A5RJT6Q, STM32U5A5VJT6, STM32U5A5VJT6Q, STM32U5A5ZJT6, STM32U5A5ZJT6Q, STM32U5A5ZJY6QTR, STM32U5A9BJY6QTR, STM32U5A9J-DK, STM32U5A9NJH6Q, STM32U5A9VJT6Q, STM32U5A9ZJT6Q, STM32U5A9ZJY6QTR, STM32U5F7VIT6, STM32U5F7VIT6Q, STM32U5F7VJT6, STM32U5F7VJT6Q, STM32U5F9BJY6QTR, STM32U5F9NJH6Q, STM32U5F9VIT6Q, STM32U5F9VJT6Q, STM32U5F9ZIJ6QTR, STM32U5F9ZIT6Q, STM32U5F9ZJJ6QTR, STM32U5F9ZJT6Q, STM32U5G7VJT6, STM32U5G7VJT6Q, STM32U5G9BJY6QTR, STM32U5G9J-DK1, STM32U5G9J-DK2, STM32U5G9NJH6Q, STM32U5G9VJT6Q, STM32U5G9ZJJ6QTR, STM32U5G9ZJT6Q, STM32WB05KZV6TR, STM32WB05KZV7TR, STM32WB05TZF6TR, STM32WB05TZF7TR, STM32WB06CCF6TR, STM32WB06CCF7TR, STM32WB06CCV6TR, STM32WB06CCV7TR, STM32WB06KCV6TR, STM32WB06KCV7TR, STM32WB07CCF6TR, STM32WB07CCF7TR, STM32WB07CCV6TR, STM32WB07CCV7TR, STM32WB07KCV6TR, STM32WB07KCV7TR, STM32WB09KEV6TR, STM32WB09KEV7TR, STM32WB09TEF6TR, STM32WB09TEF7TR, STM32WB1MMCH6, STM32WBA50KGU6, STM32WBA50KGU6TR, STM32WBA52CEU6, STM32WBA52CEU6TR, STM32WBA52CEU7, STM32WBA52CEU7TR, STM32WBA52CGU6, STM32WBA52CGU6TR, STM32WBA52CGU6U, STM32WBA52CGU7, STM32WBA52CGU7TR, STM32WBA52KEU6, STM32WBA52KEU6TR, STM32WBA52KGU6, STM32WBA52KGU6TR, STM32WBA54CEU6, STM32WBA54CEU6TR, STM32WBA54CEU7, STM32WBA54CEU7TR, STM32WBA54CGU6, STM32WBA54CGU6TR, STM32WBA54CGU7, STM32WBA54CGU7TR, STM32WBA54KEU6, STM32WBA54KEU6TR, STM32WBA54KEU7, STM32WBA54KEU7TR, STM32WBA54KGU6, STM32WBA54KGU6TR, STM32WBA54KGU7, STM32WBA54KGU7TR, STM32WBA55CEU6, STM32WBA55CEU6TR, STM32WBA55CEU7, STM32WBA55CEU7TR, STM32WBA55CGU6, STM32WBA55CGU6TR, STM32WBA55CGU6U, STM32WBA55CGU7, STM32WBA55CGU7TR, STM32WBA55G-DK1, STM32WBA55HEF6, STM32WBA55HEF7, STM32WBA55HGF6, STM32WBA55HGF7, STM32WBA55UEI6, STM32WBA55UEI6TR, STM32WBA55UEI7, STM32WBA55UEI7TR, STM32WBA55UGI6, STM32WBA55UGI6TR, STM32WBA55UGI7, STM32WBA55UGI7TR, STM32WBA5MJGH6TR, STM32WBA62CGU6, STM32WBA62CIU6, STM32WBA62MGF6, STM32WBA62MIF6, STM32WBA62PGI6, STM32WBA62PII6, STM32WBA63CGU6, STM32WBA63CGU7, STM32WBA63CIU6, STM32WBA63CIU7, STM32WBA64CGU6, STM32WBA64CGU7, STM32WBA64CIU6, STM32WBA64CIU7, STM32WBA65CGU6, STM32WBA65CGU7, STM32WBA65CIU6, STM32WBA65CIU7, STM32WBA65I-DK1, STM32WBA65MGF6, STM32WBA65MGF7, STM32WBA65MIF6, STM32WBA65MIF7, STM32WBA65PGI6, STM32WBA65PGI7, STM32WBA65PII6, STM32WBA65PII7, STM32WBA65RGV6, STM32WBA65RGV7, STM32WBA65RIV6, STM32WBA65RIV7, STM32WL30K8V6, STM32WL30KBV6, STM32WL31C8V6, STM32WL31CBV6, STM32WL31K8V6, STM32WL31KBV6, STM32WL33C8V6, STM32WL33C8V6TR, STM32WL33C8V7, STM32WL33C8V7TR, STM32WL33CBV6, STM32WL33CBV6TR, STM32WL33CBV7, STM32WL33CBV7TR, STM32WL33CCV6, STM32WL33CCV6TR, STM32WL33CCV7, STM32WL33CCV7A, STM32WL33CCV7ATR, STM32WL33CCV7TR, STM32WL33K8V6, STM32WL33K8V6TR, STM32WL33K8V7, STM32WL33K8V7TR, STM32WL33KBV6, STM32WL33KBV6TR, STM32WL33KBV7, STM32WL33KBV7TR, STM32WL33KCV6, STM32WL33KCV6TR, STM32WL33KCV7, STM32WL33KCV7TR, STM32WL5MOCH6, STM32WL5MOCH6TR]
2025-09-30 20:46:11,119 [INFO] ApiDb:668 - CubeFinder database Data Model version=2.1
2025-09-30 20:46:11,119 [INFO] ApiDb:669 - CubeFinder database Configuration version=3.0.39
2025-09-30 20:46:11,119 [INFO] ApiDb:670 - CubeFinder database generation date=2025-08-25 (1756130511)
2025-09-30 20:46:11,119 [INFO] ApiDb:671 - CubeFinder database FW Pack versions=[FP-ATR-ASTRA1_V2.0.0, FP-SNS-FLIGHT1_V5.1.0, FP-SNS-MOTENV1_V5.0.0, FP-SNS-MOTENVWB1_V1.4.0, FP-SNS-SMARTAG2_V1.2.0, FP-SNS-STBOX1_V2.1.0, STM32Cube_FW_C0_V1.4.0, STM32Cube_FW_F4_V1.28.3, STM32Cube_FW_F7_V1.17.4, STM32Cube_FW_G0_V1.6.2, STM32Cube_FW_G4_V1.6.1, STM32Cube_FW_H5_V1.5.0, STM32Cube_FW_H7RS_V1.2.0, STM32Cube_FW_H7_V1.12.1, STM32Cube_FW_L0_V1.12.2, STM32Cube_FW_L4_V1.18.1, STM32Cube_FW_L5_V1.5.1, STM32Cube_FW_N6_V1.2.0, STM32Cube_FW_U0_V1.3.0, STM32Cube_FW_U3_V1.2.0, STM32Cube_FW_U5_V1.8.0, STM32Cube_FW_WB0_V1.3.0, STM32Cube_FW_WBA_V1.7.0, STM32Cube_FW_WB_V1.23.0, STM32Cube_FW_WL3_V1.2.0, STM32Cube_FW_WL_V1.3.1, X-CUBE-ALGOBUILD_V1.4.0, X-CUBE-ALS_V1.0.2, X-CUBE-AZRTOS-F4_V1.1.0, X-CUBE-AZRTOS-F7_V1.1.0, X-CUBE-AZRTOS-G0_V1.1.0, X-CUBE-AZRTOS-G4_V2.0.0, X-CUBE-AZRTOS-H7RS_V1.1.0, X-CUBE-AZRTOS-H7_V3.4.0, X-CUBE-AZRTOS-L4_V2.0.0, X-CUBE-AZRTOS-L5_V2.0.0, X-CUBE-AZRTOS-WB_V2.0.0, X-CUBE-AZRTOS-WL_V2.0.0, X-CUBE-BLE1_V7.1.0, X-CUBE-BLE2_V3.3.0, X-CUBE-BLEMGR_V4.1.0, X-CUBE-EEPRMA1_V5.2.0, X-CUBE-FREERTOS_V1.3.1, X-CUBE-GNSS1_V6.0.0, X-CUBE-MEMS1_V11.3.0, X-CUBE-NFC4_V3.0.0, X-CUBE-NFC7_V2.0.0, X-CUBE-SFXS2LP1_V4.0.0, X-CUBE-ST67W61_V1.0.0, X-CUBE-SUBG2_V5.0.0, X-CUBE-TOF1_V3.4.3]
2025-09-30 20:46:15,417 [INFO] ApiDb:240 - Found 895 in-development CPN: [B-G473E-ZEST1S, B-WB1M-WPAN1, B-WBA5M-WPAN, B-WL5M-SUBG1, NUCLEO-C031C6, NUCLEO-C051C8, NUCLEO-C071RB, NUCLEO-C092RC, NUCLEO-H503RB, NUCLEO-H533RE, NUCLEO-H563ZI, NUCLEO-H7S3L8, NUCLEO-N657X0-Q, NUCLEO-U031R8, NUCLEO-U083RC, NUCLEO-U385RG-Q, NUCLEO-U545RE-Q, NUCLEO-U5A5ZJ-Q, NUCLEO-WB05KZ, NUCLEO-WB07CC, NUCLEO-WB09KE, NUCLEO-WBA52CG, NUCLEO-WBA55CG, NUCLEO-WBA65RI, NUCLEO-WL33CC1, NUCLEO-WL33CC2, STEVAL-PROTEUS1, STEVAL-SMARTAG2, STEVAL-STWINBX1, STM320518-EVAL, STM32C0116-DK, STM32C011D6Y3TR, STM32C011D6Y6TR, STM32C011F4P3, STM32C011F4P6, STM32C011F4U3, STM32C011F4U6TR, STM32C011F6P3, STM32C011F6P6, STM32C011F6U3, STM32C011F6U6TR, STM32C011J4M3, STM32C011J4M6, STM32C011J6M3, STM32C011J6M6, STM32C0316-DK, STM32C031C4T3, STM32C031C4T6, STM32C031C4U3, STM32C031C4U6, STM32C031C6T3, STM32C031C6T6, STM32C031C6U3, STM32C031C6U6, STM32C031F4P3, STM32C031F4P6, STM32C031F6P3, STM32C031F6P6, STM32C031G4U3, STM32C031G4U6, STM32C031G6U3, STM32C031G6U6, STM32C031K4T3, STM32C031K4T6, STM32C031K4U3, STM32C031K4U6, STM32C031K6T3, STM32C031K6T6, STM32C031K6U3, STM32C031K6U6, STM32C051C6T6, STM32C051C6U6, STM32C051C8T6, STM32C051C8U6, STM32C051D8Y6TR, STM32C051F6P6, STM32C051F8P6, STM32C051G6U6, STM32C051G8U6, STM32C051K6T6, STM32C051K6U6, STM32C051K8T6, STM32C071C8T6, STM32C071C8T6N, STM32C071C8U6, STM32C071C8U6N, STM32C071CBT6, STM32C071CBT6N, STM32C071CBU6, STM32C071CBU6N, STM32C071F8P6, STM32C071F8P6N, STM32C071FBP6, STM32C071FBP6N, STM32C071FBY6TR, STM32C071G8U6, STM32C071G8U6N, STM32C071GBU6, STM32C071GBU6N, STM32C071K8T6, STM32C071K8T6N, STM32C071K8U6, STM32C071K8U6N, STM32C071KBT6, STM32C071KBT6N, STM32C071KBU6, STM32C071KBU6N, STM32C071R8T6, STM32C071R8T6N, STM32C071RBI6N, STM32C071RBT6, STM32C071RBT6N, STM32C091CBT6, STM32C091CBU6, STM32C091CCT6, STM32C091CCU6, STM32C091ECY6TR, STM32C091FBP6, STM32C091FCP6, STM32C091GBU6, STM32C091GCU6, STM32C091KBT6, STM32C091KBU6, STM32C091KCT6, STM32C091KCU6, STM32C091RBT6, STM32C091RCI6, STM32C091RCT6, STM32C092CBT6, STM32C092CBU6, STM32C092CCT6, STM32C092CCU6, STM32C092ECY6TR, STM32C092FBP6, STM32C092FCP6, STM32C092GBU6, STM32C092GCU6, STM32C092KBT6, STM32C092KBU6, STM32C092KCT6, STM32C092KCU6, STM32C092RBT6, STM32C092RCI6, STM32C092RCT6, STM32G071K8TXN, STM32G071K8UXN, STM32G081GBU6N, STM32G081KBT6N, STM32G081KBUXN, STM32G0B1CCT6N, STM32G0B1KCT6, STM32G0B1NEY6TR, STM32G0B1RCT6N, STM32G0C1CCT6, STM32G0C1CCT6N, STM32G0C1CCU6N, STM32G0C1CET6N, STM32G0C1CEU6N, STM32G0C1KCT6, STM32G0C1NEY6TR, STM32G0C1RCI6N, STM32G0C1RCT6N, STM32G0C1REI6N, STM32G0C1RET6N, STM32G0C1VCI6, STM32G0C1VEI6, STM32G411C6T3, STM32G411C6T6, STM32G411C6U3, STM32G411C6U6, STM32G411C8T3, STM32G411C8T6, STM32G411C8U3, STM32G411C8U6, STM32G411CBT3, STM32G411CBT6, STM32G411CBU3, STM32G411CBU6, STM32G411CCT3, STM32G411CCT6, STM32G411CCU3, STM32G411CCU6, STM32G411K6T3, STM32G411K6T6, STM32G411K6U3, STM32G411K6U6, STM32G411K8T3, STM32G411K8T6, STM32G411K8U3, STM32G411K8U6, STM32G411KBT3, STM32G411KBT6, STM32G411KBU3, STM32G411KBU6, STM32G411M6T3, STM32G411M6T6, STM32G411M8T3, STM32G411M8T6, STM32G411MBT3, STM32G411MBT6, STM32G411MCT3, STM32G411MCT6, STM32G411R6T3, STM32G411R6T6, STM32G411R8T3, STM32G411R8T6, STM32G411RBT3, STM32G411RBT6, STM32G411RCT3, STM32G411RCT6, STM32G414CBT3, STM32G414CBT6, STM32G414CBU3, STM32G414CBU6, STM32G414CCT3, STM32G414CCT6, STM32G414CCU3, STM32G414CCU6, STM32G414MBT3, STM32G414MBT6, STM32G414MCT3, STM32G414MCT6, STM32G414RBT3, STM32G414RBT6, STM32G414RCT3, STM32G414RCT6, STM32G414VBT3, STM32G414VBT6, STM32G414VCT3, STM32G414VCT6, STM32G431CBT3Z, STM32G431RBT3Z, STM32G471CCT6, STM32G471CCU6, STM32G471CET3, STM32G471CET6, STM32G471CEU3, STM32G471CEU6, STM32G471MCT6, STM32G471MET3, STM32G471MET6, STM32G471MEY6TR, STM32G471QCT6, STM32G471QET3, STM32G471RCT6, STM32G471RET3, STM32G471RET6, STM32G471VCH6, STM32G471VCI6, STM32G471VCT6, STM32G471VEH3, STM32G471VEH6, STM32G471VEI3, STM32G471VEI6, STM32G471VET3, STM32G471VET6, STM32G473QET3Z, STM32G473RET3Z, STM32G474CCT6, STM32G491RET3Z, STM32H503CBT6, STM32H503CBU6, STM32H503EBY6TR, STM32H503KBU6, STM32H503RBT6, STM32H523CCT6, STM32H523CCU6, STM32H523CET6, STM32H523CEU6, STM32H523HEY6TR, STM32H523RCT6, STM32H523RET6, STM32H523VCI6, STM32H523VCT6, STM32H523VEI6, STM32H523VET6, STM32H523ZCJ6, STM32H523ZCT6, STM32H523ZEJ6, STM32H523ZET6, STM32H533CET6, STM32H533CEU6, STM32H533HEY6TR, STM32H533RET6, STM32H533VEI6, STM32H533VET6, STM32H533ZEJ6, STM32H533ZET6, STM32H562AGI6, STM32H562AII6, STM32H562IGK6, STM32H562IGT6, STM32H562IIK6, STM32H562IIT6, STM32H562RGT6, STM32H562RGV6, STM32H562RIT6, STM32H562RIV6, STM32H562VGT6, STM32H562VIT6, STM32H562ZGT6, STM32H562ZIT6, STM32H563AGI6, STM32H563AII3Q, STM32H563AII6, STM32H563IGK6, STM32H563IGT6, STM32H563IIK3Q, STM32H563IIK6, STM32H563IIT3Q, STM32H563IIT6, STM32H563MIY3QTR, STM32H563RGT6, STM32H563RGV6, STM32H563RIT6, STM32H563RIV6, STM32H563VGT6, STM32H563VIT3Q, STM32H563VIT6, STM32H563ZGT6, STM32H563ZIT3Q, STM32H563ZIT6, STM32H573AII3Q, STM32H573AII6, STM32H573I-DK, STM32H573IIK3Q, STM32H573IIK6, STM32H573IIT3Q, STM32H573IIT6, STM32H573MIY3QTR, STM32H573RIT6, STM32H573RIV6, STM32H573VIT3Q, STM32H573VIT6, STM32H573ZIT3Q, STM32H573ZIT6, STM32H7R3A8I6, STM32H7R3I8K6, STM32H7R3I8T6, STM32H7R3L8H6, STM32H7R3L8H6H, STM32H7R3R8V6, STM32H7R3V8H6, STM32H7R3V8T6, STM32H7R3V8Y6TR, STM32H7R3Z8J6, STM32H7R3Z8T6, STM32H7R7A8I6, STM32H7R7I8K6, STM32H7R7I8T6, STM32H7R7L8H6, STM32H7R7L8H6H, STM32H7R7Z8J6, STM32H7S3A8I6, STM32H7S3I8K6, STM32H7S3I8T6, STM32H7S3L8H6, STM32H7S3L8H6H, STM32H7S3R8V6, STM32H7S3V8H6, STM32H7S3V8T6, STM32H7S3V8Y6TR, STM32H7S3Z8J6, STM32H7S3Z8T6, STM32H7S78-DK, STM32H7S7A8I6, STM32H7S7I8K6, STM32H7S7I8T6, STM32H7S7L8H6, STM32H7S7L8H6H, STM32H7S7Z8J6, STM32L4R5QGI6STR, STM32MP131AAE3, STM32MP131AAF3, STM32MP131AAG3, STM32MP131CAE3, STM32MP131CAF3, STM32MP131CAG3, STM32MP131DAE7, STM32MP131DAF7, STM32MP131DAG7, STM32MP131FAE7, STM32MP131FAF7, STM32MP131FAG7, STM32MP133AAE3, STM32MP133AAF3, STM32MP133AAG3, STM32MP133CAE3, STM32MP133CAF3, STM32MP133CAG3, STM32MP133DAE7, STM32MP133DAF7, STM32MP133DAG7, STM32MP133FAE7, STM32MP133FAF7, STM32MP133FAG7, STM32MP135AAE3, STM32MP135AAF3, STM32MP135AAG3, STM32MP135CAE3, STM32MP135CAF3, STM32MP135CAG3, STM32MP135DAE7, STM32MP135DAF7, STM32MP135DAG7, STM32MP135F-DK, STM32MP135FAE7, STM32MP135FAF7, STM32MP135FAF7T, STM32MP135FAF7U, STM32MP135FAG7, STM32MP231AAJ3, STM32MP231AAK3, STM32MP231AAL3, STM32MP231CAJ3, STM32MP231CAK3, STM32MP231CAL3, STM32MP231DAJ3, STM32MP231DAK3, STM32MP231DAL3, STM32MP231FAJ3, STM32MP231FAK3, STM32MP231FAL3, STM32MP233AAJ3, STM32MP233AAK3, STM32MP233AAL3, STM32MP233CAJ3, STM32MP233CAK3, STM32MP233CAL3, STM32MP233DAJ3, STM32MP233DAK3, STM32MP233DAL3, STM32MP233FAJ3, STM32MP233FAK3, STM32MP233FAL3, STM32MP235AAJ3, STM32MP235AAK3, STM32MP235AAL3, STM32MP235CAJ3, STM32MP235CAK3, STM32MP235CAL3, STM32MP235DAJ3, STM32MP235DAK3, STM32MP235DAL3, STM32MP235FAJ3, STM32MP235FAK3, STM32MP235FAL3, STM32MP251AAI3, STM32MP251AAJ3, STM32MP251AAK3, STM32MP251AAL3, STM32MP251CAI3, STM32MP251CAJ3, STM32MP251CAK3, STM32MP251CAL3, STM32MP251DAI3, STM32MP251DAJ3, STM32MP251DAK3, STM32MP251DAL3, STM32MP251FAI3, STM32MP251FAJ3, STM32MP251FAK3, STM32MP251FAL3, STM32MP253AAI3, STM32MP253AAJ3, STM32MP253AAK3, STM32MP253AAL3, STM32MP253CAI3, STM32MP253CAJ3, STM32MP253CAK3, STM32MP253CAL3, STM32MP253DAI3, STM32MP253DAJ3, STM32MP253DAK3, STM32MP253DAL3, STM32MP253FAI3, STM32MP253FAJ3, STM32MP253FAK3, STM32MP253FAL3, STM32MP255AAI3, STM32MP255AAJ3, STM32MP255AAK3, STM32MP255AAL3, STM32MP255CAI3, STM32MP255CAJ3, STM32MP255CAK3, STM32MP255CAL3, STM32MP255DAI3, STM32MP255DAJ3, STM32MP255DAK3, STM32MP255DAL3, STM32MP255FAI3, STM32MP255FAJ3, STM32MP255FAK3, STM32MP255FAL3, STM32MP257AAI3, STM32MP257AAJ3, STM32MP257AAK3, STM32MP257AAL3, STM32MP257CAI3, STM32MP257CAJ3, STM32MP257CAK3, STM32MP257CAL3, STM32MP257DAI3, STM32MP257DAJ3, STM32MP257DAK3, STM32MP257DAL3, STM32MP257F-DK, STM32MP257F-EV1, STM32MP257FAI3, STM32MP257FAJ3, STM32MP257FAK3, STM32MP257FAL3, STM32N645A0H3Q, STM32N645B0H3Q, STM32N645I0H3Q, STM32N645L0H3Q, STM32N645X0H3Q, STM32N645Z0H3Q, STM32N647A0H3Q, STM32N647B0H3Q, STM32N647I0H3Q, STM32N647L0H3Q, STM32N647X0H3Q, STM32N647Z0H3Q, STM32N655A0H3Q, STM32N655B0H3Q, STM32N655I0H3Q, STM32N655L0H3Q, STM32N655X0H3Q, STM32N655Z0H3Q, STM32N6570-DK, STM32N657A0H3Q, STM32N657B0H3Q, STM32N657I0H3Q, STM32N657L0H3Q, STM32N657X0H3Q, STM32N657Z0H3Q, STM32U031C6T6, STM32U031C6U6, STM32U031C8T6, STM32U031C8U6, STM32U031F4P6, STM32U031F6P6, STM32U031F8P6, STM32U031G6Y6TR, STM32U031G8Y6TR, STM32U031K4U6, STM32U031K6U6, STM32U031K8U6, STM32U031R6I6, STM32U031R6T6, STM32U031R8I6, STM32U031R8T6, STM32U073C8T6, STM32U073C8U6, STM32U073CBT6, STM32U073CBU6, STM32U073CCT6, STM32U073CCU6, STM32U073H8Y6TR, STM32U073HBY6TR, STM32U073HCY6TR, STM32U073K8U6, STM32U073KBU6, STM32U073KCU6, STM32U073M8I6, STM32U073M8T6, STM32U073MBI6, STM32U073MBT6, STM32U073MCI6, STM32U073MCT6, STM32U073R8I6, STM32U073R8T6, STM32U073RBI6, STM32U073RBT6, STM32U073RCI6, STM32U073RCT6, STM32U083C-DK, STM32U083CCT6, STM32U083CCU6, STM32U083HCY6TR, STM32U083KCU6, STM32U083MCI6, STM32U083MCT6, STM32U083RCI6, STM32U083RCT6, STM32U375CET6, STM32U375CET6Q, STM32U375CEU6, STM32U375CEU6Q, STM32U375CEY6QTR, STM32U375CGT6, STM32U375CGT6Q, STM32U375CGU6, STM32U375CGU6Q, STM32U375CGY6QTR, STM32U375KEU6, STM32U375KGU6, STM32U375REI6, STM32U375REI6Q, STM32U375RET6, STM32U375RET6Q, STM32U375REY6GTR, STM32U375REY6QTR, STM32U375RGI6, STM32U375RGI6Q, STM32U375RGT6, STM32U375RGT6Q, STM32U375RGY6GTR, STM32U375RGY6QTR, STM32U375VEI6, STM32U375VEI6Q, STM32U375VET6, STM32U375VET6Q, STM32U375VGI6, STM32U375VGI6Q, STM32U375VGT6, STM32U375VGT6Q, STM32U385CGT6, STM32U385CGT6Q, STM32U385CGU6, STM32U385CGU6Q, STM32U385CGY6QTR, STM32U385KGU6, STM32U385RGI6, STM32U385RGI6Q, STM32U385RGT6, STM32U385RGT6Q, STM32U385RGY6GTR, STM32U385RGY6QTR, STM32U385VGI6, STM32U385VGI6Q, STM32U385VGT6, STM32U385VGT6Q, STM32U535CBT6, STM32U535CBT6Q, STM32U535CBU6, STM32U535CBU6Q, STM32U535CCT6, STM32U535CCT6Q, STM32U535CCU6, STM32U535CCU6Q, STM32U535CET6, STM32U535CET6Q, STM32U535CEU6, STM32U535CEU6Q, STM32U535JEY6QTR, STM32U535NCY6QTR, STM32U535NEY6QTR, STM32U535RBI6, STM32U535RBI6Q, STM32U535RBT6, STM32U535RBT6Q, STM32U535RCI6, STM32U535RCI6Q, STM32U535RCT6, STM32U535RCT6Q, STM32U535REI6, STM32U535REI6Q, STM32U535RET6, STM32U535RET6Q, STM32U535VCI6, STM32U535VCI6Q, STM32U535VCT6, STM32U535VCT6Q, STM32U535VEI6, STM32U535VEI6Q, STM32U535VET6, STM32U535VET6Q, STM32U545CET6, STM32U545CET6Q, STM32U545CEU6, STM32U545CEU6Q, STM32U545JEY6QTR, STM32U545NEY6QTR, STM32U545REI6, STM32U545REI6Q, STM32U545RET6, STM32U545RET6Q, STM32U545VEI6, STM32U545VEI6Q, STM32U545VET6, STM32U545VET6Q, STM32U595AIH6, STM32U595AIH6Q, STM32U595AJH6, STM32U595AJH6Q, STM32U595QII6, STM32U595QII6Q, STM32U595QJI6, STM32U595QJI6Q, STM32U595RIT6, STM32U595RIT6Q, STM32U595RJT6, STM32U595RJT6Q, STM32U595VIT6, STM32U595VIT6Q, STM32U595VJT6, STM32U595VJT6Q, STM32U595ZIT6, STM32U595ZIT6Q, STM32U595ZIY6QTR, STM32U595ZJT6, STM32U595ZJT6Q, STM32U595ZJY6QTR, STM32U599BJY6QTR, STM32U599NIH6Q, STM32U599NJH6Q, STM32U599VIT6Q, STM32U599VJT6, STM32U599VJT6Q, STM32U599ZIT6Q, STM32U599ZIY6QTR, STM32U599ZJT6Q, STM32U599ZJY6QTR, STM32U5A5AJH6, STM32U5A5AJH6Q, STM32U5A5QII3Q , STM32U5A5QJI6, STM32U5A5QJI6Q, STM32U5A5RJT6, STM32U5A5RJT6Q, STM32U5A5VJT6, STM32U5A5VJT6Q, STM32U5A5ZJT6, STM32U5A5ZJT6Q, STM32U5A5ZJY6QTR, STM32U5A9BJY6QTR, STM32U5A9J-DK, STM32U5A9NJH6Q, STM32U5A9VJT6Q, STM32U5A9ZJT6Q, STM32U5A9ZJY6QTR, STM32U5F7VIT6, STM32U5F7VIT6Q, STM32U5F7VJT6, STM32U5F7VJT6Q, STM32U5F9BJY6QTR, STM32U5F9NJH6Q, STM32U5F9VIT6Q, STM32U5F9VJT6Q, STM32U5F9ZIJ6QTR, STM32U5F9ZIT6Q, STM32U5F9ZJJ6QTR, STM32U5F9ZJT6Q, STM32U5G7VJT6, STM32U5G7VJT6Q, STM32U5G9BJY6QTR, STM32U5G9J-DK1, STM32U5G9J-DK2, STM32U5G9NJH6Q, STM32U5G9VJT6Q, STM32U5G9ZJJ6QTR, STM32U5G9ZJT6Q, STM32WB05KZV6TR, STM32WB05KZV7TR, STM32WB05TZF6TR, STM32WB05TZF7TR, STM32WB06CCF6TR, STM32WB06CCF7TR, STM32WB06CCV6TR, STM32WB06CCV7TR, STM32WB06KCV6TR, STM32WB06KCV7TR, STM32WB07CCF6TR, STM32WB07CCF7TR, STM32WB07CCV6TR, STM32WB07CCV7TR, STM32WB07KCV6TR, STM32WB07KCV7TR, STM32WB09KEV6TR, STM32WB09KEV7TR, STM32WB09TEF6TR, STM32WB09TEF7TR, STM32WB1MMCH6, STM32WBA50KGU6, STM32WBA50KGU6TR, STM32WBA52CEU6, STM32WBA52CEU6TR, STM32WBA52CEU7, STM32WBA52CEU7TR, STM32WBA52CGU6, STM32WBA52CGU6TR, STM32WBA52CGU6U, STM32WBA52CGU7, STM32WBA52CGU7TR, STM32WBA52KEU6, STM32WBA52KEU6TR, STM32WBA52KGU6, STM32WBA52KGU6TR, STM32WBA54CEU6, STM32WBA54CEU6TR, STM32WBA54CEU7, STM32WBA54CEU7TR, STM32WBA54CGU6, STM32WBA54CGU6TR, STM32WBA54CGU7, STM32WBA54CGU7TR, STM32WBA54KEU6, STM32WBA54KEU6TR, STM32WBA54KEU7, STM32WBA54KEU7TR, STM32WBA54KGU6, STM32WBA54KGU6TR, STM32WBA54KGU7, STM32WBA54KGU7TR, STM32WBA55CEU6, STM32WBA55CEU6TR, STM32WBA55CEU7, STM32WBA55CEU7TR, STM32WBA55CGU6, STM32WBA55CGU6TR, STM32WBA55CGU6U, STM32WBA55CGU7, STM32WBA55CGU7TR, STM32WBA55G-DK1, STM32WBA55HEF6, STM32WBA55HEF7, STM32WBA55HGF6, STM32WBA55HGF7, STM32WBA55UEI6, STM32WBA55UEI6TR, STM32WBA55UEI7, STM32WBA55UEI7TR, STM32WBA55UGI6, STM32WBA55UGI6TR, STM32WBA55UGI7, STM32WBA55UGI7TR, STM32WBA5MJGH6TR, STM32WBA62CGU6, STM32WBA62CIU6, STM32WBA62MGF6, STM32WBA62MIF6, STM32WBA62PGI6, STM32WBA62PII6, STM32WBA63CGU6, STM32WBA63CGU7, STM32WBA63CIU6, STM32WBA63CIU7, STM32WBA64CGU6, STM32WBA64CGU7, STM32WBA64CIU6, STM32WBA64CIU7, STM32WBA65CGU6, STM32WBA65CGU7, STM32WBA65CIU6, STM32WBA65CIU7, STM32WBA65I-DK1, STM32WBA65MGF6, STM32WBA65MGF7, STM32WBA65MIF6, STM32WBA65MIF7, STM32WBA65PGI6, STM32WBA65PGI7, STM32WBA65PII6, STM32WBA65PII7, STM32WBA65RGV6, STM32WBA65RGV7, STM32WBA65RIV6, STM32WBA65RIV7, STM32WL30K8V6, STM32WL30KBV6, STM32WL31C8V6, STM32WL31CBV6, STM32WL31K8V6, STM32WL31KBV6, STM32WL33C8V6, STM32WL33C8V6TR, STM32WL33C8V7, STM32WL33C8V7TR, STM32WL33CBV6, STM32WL33CBV6TR, STM32WL33CBV7, STM32WL33CBV7TR, STM32WL33CCV6, STM32WL33CCV6TR, STM32WL33CCV7, STM32WL33CCV7A, STM32WL33CCV7ATR, STM32WL33CCV7TR, STM32WL33K8V6, STM32WL33K8V6TR, STM32WL33K8V7, STM32WL33K8V7TR, STM32WL33KBV6, STM32WL33KBV6TR, STM32WL33KBV7, STM32WL33KBV7TR, STM32WL33KCV6, STM32WL33KCV6TR, STM32WL33KCV7, STM32WL33KCV7TR, STM32WL5MOCH6, STM32WL5MOCH6TR]
2025-09-30 20:46:15,424 [INFO] DbMcus:218 - Found 4747 MCUs, 4747 are supported
2025-09-30 20:46:15,425 [INFO] ApiDb:423 - Load user favorites file C:\Users\User/.stm32cubeide/favorites.mcus.txt: 1 item(s)
2025-09-30 20:46:15,425 [INFO] ApiDb:427 - User favorites MCUs=[STM32F103C8T6]
2025-09-30 20:46:15,425 [INFO] DbMcus:224 - Set 1 / 1 favorites MCUs
2025-09-30 20:46:17,041 [INFO] BoardInfo:889 - No configuration file found for board P-NUCLEO-WB55
2025-09-30 20:46:17,044 [INFO] DbBoards:161 - Kit is not supported: P-NUCLEO-WB55
2025-09-30 20:46:17,064 [INFO] BoardInfo:889 - No configuration file found for board STEVAL-BFA001V1B
2025-09-30 20:46:17,068 [INFO] DbBoards:161 - Kit is not supported: STEVAL-BFA001V1B
2025-09-30 20:46:17,071 [INFO] BoardInfo:889 - No configuration file found for board STEVAL-BFA001V2B
2025-09-30 20:46:17,075 [INFO] DbBoards:161 - Kit is not supported: STEVAL-BFA001V2B
2025-09-30 20:46:17,620 [INFO] DbBoards:168 - Found 211 boards, 208 are supported
2025-09-30 20:46:17,621 [INFO] DbBoards:169 - Found 211 boards, 43 of them is supported for  Bsp
2025-09-30 20:46:17,624 [INFO] ApiDb:423 - Load user favorites file C:\Users\User/.stm32cubeide/favorites.boards.txt: 0 item(s)
2025-09-30 20:46:17,624 [INFO] ApiDb:427 - User favorites Boards=[]
2025-09-30 20:46:17,624 [INFO] DbBoards:198 - Set 0 / 0 favorites Boards
2025-09-30 20:46:17,698 [INFO] UtilMem:75 - End LoadConfig() Used Memory: 351489552 Bytes (622854144)
2025-09-30 20:46:18,028 [WARN] ThirdParty:833 - waiting for thirdparty lock release [change project]
2025-09-30 20:46:18,028 [INFO] ThirdParty:835 - entering critical section [change project]
2025-09-30 20:46:18,029 [INFO] ThirdParty:1030 - CMSIS Pack Vendor :STMicroelectronics X-CUBE-PM33A1 1.0.0
2025-09-30 20:46:18,029 [INFO] ThirdParty:1030 - CMSIS Pack Vendor :STMicroelectronics USBPD 4.1
2025-09-30 20:46:18,029 [INFO] ThirdParty:1030 - CMSIS Pack Vendor :STMicroelectronics X-CUBE-GNSS1 6.0.0
2025-09-30 20:46:18,029 [INFO] ThirdParty:1030 - CMSIS Pack Vendor :STMicroelectronics USB_HOST 2.0.0
2025-09-30 20:46:18,029 [INFO] ThirdParty:1030 - CMSIS Pack Vendor :STMicroelectronics FP-SNS-MOTENVWB1 1.4.0
2025-09-30 20:46:18,029 [INFO] ThirdParty:1030 - CMSIS Pack Vendor :STMicroelectronics X-CUBE-AZRTOS-F4 1.1.0
2025-09-30 20:46:18,029 [INFO] ThirdParty:1030 - CMSIS Pack Vendor :STMicroelectronics LIBJPEG 8.0.0
2025-09-30 20:46:18,029 [INFO] ThirdParty:1030 - CMSIS Pack Vendor :STMicroelectronics FP-ATR-ASTRA1 2.0.2
2025-09-30 20:46:18,029 [INFO] ThirdParty:1030 - CMSIS Pack Vendor :STMicroelectronics FP-ATR-ASTRA1 2.0.1
2025-09-30 20:46:18,029 [INFO] ThirdParty:1030 - CMSIS Pack Vendor :Avnet-IotConnect X-CUBE-IoTC-DA16k-PMOD 1.0.0
2025-09-30 20:46:18,029 [INFO] ThirdParty:1030 - CMSIS Pack Vendor :STMicroelectronics X-CUBE-SMBUS 2.1.0
2025-09-30 20:46:18,029 [INFO] ThirdParty:1030 - CMSIS Pack Vendor :STMicroelectronics X-CUBE-WB05N 1.1.0
2025-09-30 20:46:18,030 [INFO] ThirdParty:1030 - CMSIS Pack Vendor :STMicroelectronics X-CUBE-ISPU 2.1.0
2025-09-30 20:46:18,030 [INFO] ThirdParty:1030 - CMSIS Pack Vendor :STMicroelectronics X-CUBE-FREERTOS 1.2.0
2025-09-30 20:46:18,030 [INFO] ThirdParty:1030 - CMSIS Pack Vendor :STMicroelectronics X-CUBE-ST60 1.0.0
2025-09-30 20:46:18,030 [INFO] ThirdParty:1030 - CMSIS Pack Vendor :STMicroelectronics X-CUBE-TOUCHGFX 4.23.0
2025-09-30 20:46:18,030 [INFO] ThirdParty:1030 - CMSIS Pack Vendor :STMicroelectronics X-CUBE-NFC12 1.0.0
2025-09-30 20:46:18,030 [INFO] ThirdParty:1030 - CMSIS Pack Vendor :STMicroelectronics X-CUBE-TOUCHGFX 4.23.2
2025-09-30 20:46:18,030 [INFO] ThirdParty:1030 - CMSIS Pack Vendor :STMicroelectronics X-CUBE-AZRTOS-F7 1.1.0
2025-09-30 20:46:18,030 [INFO] ThirdParty:1030 - CMSIS Pack Vendor :STMicroelectronics X-CUBE-AZRTOS-L5 2.0.0
2025-09-30 20:46:18,030 [INFO] ThirdParty:1030 - CMSIS Pack Vendor :STMicroelectronics USB_DEVICE 2.0.0
2025-09-30 20:46:18,030 [INFO] ThirdParty:1030 - CMSIS Pack Vendor :STMicroelectronics X-CUBE-EEPRMA1 4.2.0
2025-09-30 20:46:18,030 [INFO] ThirdParty:1030 - CMSIS Pack Vendor :STMicroelectronics X-CUBE-NFC6 3.1.0
2025-09-30 20:46:18,030 [INFO] ThirdParty:1030 - CMSIS Pack Vendor :STMicroelectronics FP-SNS-MOTENV1 4.3.2
2025-09-30 20:46:18,030 [INFO] ThirdParty:1030 - CMSIS Pack Vendor :STMicroelectronics X-CUBE-MEMS1 11.0.0
2025-09-30 20:46:18,030 [INFO] ThirdParty:1030 - CMSIS Pack Vendor :STMicroelectronics FreeRTOS 0.0.1
2025-09-30 20:46:18,030 [INFO] ThirdParty:1030 - CMSIS Pack Vendor :STMicroelectronics X-CUBE-DPower 1.2.0
2025-09-30 20:46:18,030 [INFO] ThirdParty:1030 - CMSIS Pack Vendor :STMicroelectronics FP-SNS-FLIGHT1 5.0.2
2025-09-30 20:46:18,031 [INFO] ThirdParty:1030 - CMSIS Pack Vendor :STMicroelectronics X-CUBE-AI 9.0.0
2025-09-30 20:46:18,031 [INFO] ThirdParty:1030 - CMSIS Pack Vendor :STMicroelectronics PDM2PCM 3.3.0
2025-09-30 20:46:18,031 [INFO] ThirdParty:1030 - CMSIS Pack Vendor :STMicroelectronics X-CUBE-AZRTOS-H7 3.4.0
2025-09-30 20:46:18,031 [INFO] ThirdParty:1030 - CMSIS Pack Vendor :STMicroelectronics X-CUBE-DISPLAY 3.0.0
2025-09-30 20:46:18,031 [INFO] ThirdParty:1030 - CMSIS Pack Vendor :STMicroelectronics X-CUBE-BLE1 7.0.0
2025-09-30 20:46:18,031 [INFO] ThirdParty:1030 - CMSIS Pack Vendor :STMicroelectronics X-CUBE-NFC10 1.0.0
2025-09-30 20:46:18,031 [INFO] ThirdParty:1030 - CMSIS Pack Vendor :STMicroelectronics X-CUBE-BLEMGR 4.0.0
2025-09-30 20:46:18,031 [INFO] ThirdParty:1030 - CMSIS Pack Vendor :STMicroelectronics X-CUBE-FREERTOS 1.3.1
2025-09-30 20:46:18,031 [INFO] ThirdParty:1030 - CMSIS Pack Vendor :STMicroelectronics HAL Drivers 0.0.0
2025-09-30 20:46:18,031 [INFO] ThirdParty:1030 - CMSIS Pack Vendor :emotas I-CUBE-CANOPEN 1.3.0
2025-09-30 20:46:18,031 [INFO] ThirdParty:1030 - CMSIS Pack Vendor :STMicroelectronics X-CUBE-FREERTOS 1.3.0
2025-09-30 20:46:18,031 [INFO] ThirdParty:1030 - CMSIS Pack Vendor :STMicroelectronics X-CUBE-NFC7 1.0.1
2025-09-30 20:46:18,031 [INFO] ThirdParty:1030 - CMSIS Pack Vendor :STMicroelectronics MBEDTLS 2.14.1
2025-09-30 20:46:18,031 [INFO] ThirdParty:1030 - CMSIS Pack Vendor :STMicroelectronics X-CUBE-NFC6 3.0.0
2025-09-30 20:46:18,031 [INFO] ThirdParty:1030 - CMSIS Pack Vendor :STMicroelectronics X-CUBE-BLEMGR 3.1.0
2025-09-30 20:46:18,031 [INFO] ThirdParty:1030 - CMSIS Pack Vendor :STMicroelectronics X-CUBE-AI 10.0.0
2025-09-30 20:46:18,031 [INFO] ThirdParty:1030 - CMSIS Pack Vendor :STMicroelectronics FP-SNS-SMARTAG2 1.2.0
2025-09-30 20:46:18,031 [INFO] ThirdParty:1030 - CMSIS Pack Vendor :STMicroelectronics FP-SNS-FLIGHT1 5.1.0
2025-09-30 20:46:18,031 [INFO] ThirdParty:1030 - CMSIS Pack Vendor :STMicroelectronics X-CUBE-MEMS1 11.1.0
2025-09-30 20:46:18,031 [INFO] ThirdParty:1030 - CMSIS Pack Vendor :STMicroelectronics X-CUBE-AZRTOS-WL 2.0.0
2025-09-30 20:46:18,031 [INFO] ThirdParty:1030 - CMSIS Pack Vendor :STMicroelectronics X-CUBE-DPower 1.3.0
2025-09-30 20:46:18,031 [INFO] ThirdParty:1030 - CMSIS Pack Vendor :STMicroelectronics FP-SNS-MOTENV1 5.0.0
2025-09-30 20:46:18,031 [INFO] ThirdParty:1030 - CMSIS Pack Vendor :STMicroelectronics USB_DEVICE 1.0.0
2025-09-30 20:46:18,031 [INFO] ThirdParty:1030 - CMSIS Pack Vendor :STMicroelectronics X-CUBE-AI 8.1.0
2025-09-30 20:46:18,033 [INFO] ThirdParty:1030 - CMSIS Pack Vendor :wolfSSL I-CUBE-wolfMQTT 1.19.0
2025-09-30 20:46:18,033 [INFO] ThirdParty:1030 - CMSIS Pack Vendor :STMicroelectronics X-CUBE-AZRTOS-L4 2.0.0
2025-09-30 20:46:18,033 [INFO] ThirdParty:1030 - CMSIS Pack Vendor :STMicroelectronics ThreadX 0.0.2
2025-09-30 20:46:18,033 [INFO] ThirdParty:1030 - CMSIS Pack Vendor :WES I-CUBE-Cesium 1.3.0
2025-09-30 20:46:18,033 [INFO] ThirdParty:1030 - CMSIS Pack Vendor :STMicroelectronics lwIP 2.1.2
2025-09-30 20:46:18,033 [INFO] ThirdParty:1030 - CMSIS Pack Vendor :STMicroelectronics X-CUBE-SFXS2LP1 4.0.0
2025-09-30 20:46:18,033 [INFO] ThirdParty:1030 - CMSIS Pack Vendor :STMicroelectronics X-CUBE-BLE2 3.3.0
2025-09-30 20:46:18,033 [INFO] ThirdParty:1030 - CMSIS Pack Vendor :STMicroelectronics PDM2PCM 3.2.0
2025-09-30 20:46:18,033 [INFO] ThirdParty:1030 - CMSIS Pack Vendor :STMicroelectronics X-CUBE-AZRTOS-H7 3.3.0
2025-09-30 20:46:18,033 [INFO] ThirdParty:1030 - CMSIS Pack Vendor :STMicroelectronics X-CUBE-NFC9 1.0.0
2025-09-30 20:46:18,033 [INFO] ThirdParty:1030 - CMSIS Pack Vendor :STMicroelectronics X-CUBE-BLE1 7.1.0
2025-09-30 20:46:18,033 [INFO] ThirdParty:1030 - CMSIS Pack Vendor :STMicroelectronics USB_DEVICE 3.0.0
2025-09-30 20:46:18,033 [INFO] ThirdParty:1030 - CMSIS Pack Vendor :STMicroelectronics X-CUBE-TCPP 4.1.0
2025-09-30 20:46:18,033 [INFO] ThirdParty:1030 - CMSIS Pack Vendor :STMicroelectronics X-CUBE-EEPRMA1 5.2.0
2025-09-30 20:46:18,033 [INFO] ThirdParty:1030 - CMSIS Pack Vendor :STMicroelectronics X-CUBE-BLEMGR 4.1.0
2025-09-30 20:46:18,033 [INFO] ThirdParty:1030 - CMSIS Pack Vendor :STMicroelectronics X-CUBE-IPS 3.0.0
2025-09-30 20:46:18,034 [INFO] ThirdParty:1030 - CMSIS Pack Vendor :STMicroelectronics X-CUBE-AZRTOS-WB 2.0.0
2025-09-30 20:46:18,034 [INFO] ThirdParty:1030 - CMSIS Pack Vendor :STMicroelectronics X-CUBE-GNSS1 7.0.0
2025-09-30 20:46:18,034 [INFO] ThirdParty:1030 - CMSIS Pack Vendor :STMicroelectronics X-CUBE-GNSS1 7.0.1
2025-09-30 20:46:18,034 [INFO] ThirdParty:1030 - CMSIS Pack Vendor :STMicroelectronics X-CUBE-TOUCHGFX 4.25.0
2025-09-30 20:46:18,035 [INFO] ThirdParty:1030 - CMSIS Pack Vendor :STMicroelectronics X-CUBE-AI 10.1.0
2025-09-30 20:46:18,035 [INFO] ThirdParty:1030 - CMSIS Pack Vendor :STMicroelectronics FP-SNS-STBOX1 2.0.0
2025-09-30 20:46:18,035 [INFO] ThirdParty:1030 - CMSIS Pack Vendor :STMicroelectronics X-CUBE-ALGOBUILD 1.3.0
2025-09-30 20:46:18,035 [INFO] ThirdParty:1030 - CMSIS Pack Vendor :STMicroelectronics X-CUBE-MEMS1 11.2.0
2025-09-30 20:46:18,035 [INFO] ThirdParty:1030 - CMSIS Pack Vendor :STMicroelectronics X-CUBE-AZRTOS-G0 1.1.0
2025-09-30 20:46:18,035 [INFO] ThirdParty:1030 - CMSIS Pack Vendor :STMicroelectronics X-CUBE-SAFEA1 1.2.2
2025-09-30 20:46:18,035 [INFO] ThirdParty:1030 - CMSIS Pack Vendor :STMicroelectronics X-CUBE-NFC4 3.0.0
2025-09-30 20:46:18,035 [INFO] ThirdParty:1030 - CMSIS Pack Vendor :STMicroelectronics X-CUBE-SUBG2 5.0.0
2025-09-30 20:46:18,035 [INFO] ThirdParty:1030 - CMSIS Pack Vendor :STMicroelectronics X-CUBE-AZRTOS-H7RS 1.1.0
2025-09-30 20:46:18,035 [INFO] ThirdParty:1030 - CMSIS Pack Vendor :STMicroelectronics STM32_WPAN 1.0.0
2025-09-30 20:46:18,036 [INFO] ThirdParty:1030 - CMSIS Pack Vendor :EmbeddedOffice I-CUBE-FS-RTOS 1.0.1
2025-09-30 20:46:18,036 [INFO] ThirdParty:1030 - CMSIS Pack Vendor :STMicroelectronics lwIP 2.0.3
2025-09-30 20:46:18,036 [INFO] ThirdParty:1030 - CMSIS Pack Vendor :Cesanta I-CUBE-Mongoose 7.13.0
2025-09-30 20:46:18,036 [INFO] ThirdParty:1030 - CMSIS Pack Vendor :STMicroelectronics USB_HOST 1.0.0
2025-09-30 20:46:18,036 [INFO] ThirdParty:1030 - CMSIS Pack Vendor :STMicroelectronics X-CUBE-AZRTOS-G4 2.0.0
2025-09-30 20:46:18,036 [INFO] ThirdParty:1030 - CMSIS Pack Vendor :STMicroelectronics X-CUBE-WB05N 2.0.0
2025-09-30 20:46:18,036 [INFO] ThirdParty:1030 - CMSIS Pack Vendor :STMicroelectronics PDM2PCM 3.1.0
2025-09-30 20:46:18,036 [INFO] ThirdParty:1030 - CMSIS Pack Vendor :STMicroelectronics X-CUBE-BLEMGR 3.0.0
2025-09-30 20:46:18,036 [INFO] ThirdParty:1030 - CMSIS Pack Vendor :STMicroelectronics X-CUBE-NFC7 2.0.0
2025-09-30 20:46:18,037 [INFO] ThirdParty:1030 - CMSIS Pack Vendor :STMicroelectronics X-CUBE-TCPP 4.2.0
2025-09-30 20:46:18,037 [INFO] ThirdParty:1030 - CMSIS Pack Vendor :RealThread X-CUBE-RT-Thread_Nano 4.1.1
2025-09-30 20:46:18,037 [INFO] ThirdParty:1030 - CMSIS Pack Vendor :wolfSSL I-CUBE-wolfSSL 5.7.0
2025-09-30 20:46:18,038 [INFO] ThirdParty:1030 - CMSIS Pack Vendor :STMicroelectronics FP-SNS-MOTENVWB1 1.3.1
2025-09-30 20:46:18,038 [INFO] ThirdParty:1030 - CMSIS Pack Vendor :STMicroelectronics FP-ATR-SIGFOX1 3.2.0
2025-09-30 20:46:18,038 [INFO] ThirdParty:1030 - CMSIS Pack Vendor :quantropi X-CUBE-qispace-sdk-base 1.9.3
2025-09-30 20:46:18,038 [INFO] ThirdParty:1030 - CMSIS Pack Vendor :STMicroelectronics X-CUBE-ISPU 2.0.0
2025-09-30 20:46:18,038 [INFO] ThirdParty:1030 - CMSIS Pack Vendor :STMicroelectronics X-CUBE-EEPRMA1 5.1.0
2025-09-30 20:46:18,038 [INFO] ThirdParty:1030 - CMSIS Pack Vendor :STMicroelectronics MBEDTLS 2.16.2
2025-09-30 20:46:18,038 [INFO] ThirdParty:1030 - CMSIS Pack Vendor :STMicroelectronics X-CUBE-IPS 3.1.0
2025-09-30 20:46:18,038 [INFO] ThirdParty:1030 - CMSIS Pack Vendor :STMicroelectronics X-CUBE-ALS 1.0.2
2025-09-30 20:46:18,038 [INFO] ThirdParty:1030 - CMSIS Pack Vendor :STMicroelectronics X-CUBE-MEMS1 10.0.0
2025-09-30 20:46:18,039 [INFO] ThirdParty:1030 - CMSIS Pack Vendor :STMicroelectronics X-CUBE-FREERTOS 1.1.0
2025-09-30 20:46:18,039 [INFO] ThirdParty:1030 - CMSIS Pack Vendor :STMicroelectronics X-CUBE-TOUCHGFX 4.24.0
2025-09-30 20:46:18,039 [INFO] ThirdParty:1030 - CMSIS Pack Vendor :ITTIA_DB I-CUBE-ITTIADB 8.9.0
2025-09-30 20:46:18,039 [INFO] ThirdParty:1030 - CMSIS Pack Vendor :STMicroelectronics X-CUBE-TOUCHGFX 4.24.2
2025-09-30 20:46:18,039 [INFO] ThirdParty:1030 - CMSIS Pack Vendor :STMicroelectronics X-CUBE-TOUCHGFX 4.24.1
2025-09-30 20:46:18,039 [INFO] ThirdParty:1030 - CMSIS Pack Vendor :STMicroelectronics X-CUBE-STSE01 1.0.0
2025-09-30 20:46:18,039 [INFO] ThirdParty:1030 - CMSIS Pack Vendor :wolfSSL I-CUBE-wolfTPM 3.4.0
2025-09-30 20:46:18,039 [INFO] ThirdParty:1030 - CMSIS Pack Vendor :portGmbH I-Cube-SoM-uGOAL 1.1.0
2025-09-30 20:46:18,039 [INFO] ThirdParty:1030 - CMSIS Pack Vendor :STMicroelectronics X-CUBE-ALS 1.0.1
2025-09-30 20:46:18,039 [INFO] ThirdParty:1030 - CMSIS Pack Vendor :STMicroelectronics X-CUBE-ST67W61 1.0.0
2025-09-30 20:46:18,039 [INFO] ThirdParty:1030 - CMSIS Pack Vendor :STMicroelectronics X-CUBE-AI 10.2.0
2025-09-30 20:46:18,039 [INFO] ThirdParty:1030 - CMSIS Pack Vendor :STMicroelectronics ThreadX 1.0.0
2025-09-30 20:46:18,040 [INFO] ThirdParty:1030 - CMSIS Pack Vendor :SEGGER I-CUBE-embOS 1.3.1
2025-09-30 20:46:18,040 [INFO] ThirdParty:1030 - CMSIS Pack Vendor :STMicroelectronics X-CUBE-ALGOBUILD 1.4.0
2025-09-30 20:46:18,040 [INFO] ThirdParty:1030 - CMSIS Pack Vendor :STMicroelectronics X-CUBE-MEMS1 11.3.0
2025-09-30 20:46:18,040 [INFO] ThirdParty:1030 - CMSIS Pack Vendor :STMicroelectronics X-CUBE-AZRTOS-H7RS 1.0.0
2025-09-30 20:46:18,040 [INFO] ThirdParty:1030 - CMSIS Pack Vendor :STMicroelectronics FP-ATR-ASTRA1 2.0.0
2025-09-30 20:46:18,040 [INFO] ThirdParty:1030 - CMSIS Pack Vendor :STMicroelectronics X-CUBE-TOF1 3.4.2
2025-09-30 20:46:18,040 [INFO] ThirdParty:1030 - CMSIS Pack Vendor :STMicroelectronics X-CUBE-TOF1 3.4.3
2025-09-30 20:46:18,041 [INFO] ThirdParty:1030 - CMSIS Pack Vendor :STMicroelectronics X-CUBE-AI 9.1.0
2025-09-30 20:46:18,041 [INFO] ThirdParty:1030 - CMSIS Pack Vendor :STMicroelectronics X-CUBE-TOF1 3.4.0
2025-09-30 20:46:18,041 [INFO] ThirdParty:1030 - CMSIS Pack Vendor :STMicroelectronics X-CUBE-TOF1 3.4.1
2025-09-30 20:46:18,041 [INFO] ThirdParty:1030 - CMSIS Pack Vendor :STMicroelectronics X-CUBE-AZRTOS-H7 3.2.0
2025-09-30 20:46:18,041 [INFO] ThirdParty:1030 - CMSIS Pack Vendor :Infineon AIROC-Wi-Fi-Bluetooth-STM32 1.6.0
2025-09-30 20:46:18,041 [INFO] ThirdParty:1030 - CMSIS Pack Vendor :wolfSSL I-CUBE-wolfSSH 1.4.17
2025-09-30 20:46:18,041 [INFO] ThirdParty:841 - exiting critical section [change project]
2025-09-30 20:46:18,956 [INFO] PinOutPanel:1589 - setPackage(No Configuration,No Configuration)
2025-09-30 20:46:18,959 [INFO] PinOutPanel:1589 - setPackage(STM32F103C8Tx,LQFP48)
2025-09-30 20:46:19,914 [INFO] UtilMem:75 - Before build in PCC Used Memory: 346621968 Bytes (622854144)
2025-09-30 20:46:21,269 [INFO] UtilMem:75 - After build in PCC Used Memory: 548059808 Bytes (622854144)
2025-09-30 20:46:21,366 [INFO] IPUIPlugin:80 - create IPUIPlugin
2025-09-30 20:46:21,367 [INFO] IPUIPlugin:80 - create IPUIPlugin
2025-09-30 20:46:21,367 [INFO] IPUIPlugin:80 - create IPUIPlugin
2025-09-30 20:46:21,368 [INFO] IPUIPlugin:80 - create IPUIPlugin
2025-09-30 20:46:21,368 [INFO] IPUIPlugin:80 - create IPUIPlugin
2025-09-30 20:46:21,368 [INFO] IPUIPlugin:80 - create IPUIPlugin
2025-09-30 20:46:21,368 [INFO] IPUIPlugin:80 - create IPUIPlugin
2025-09-30 20:46:21,369 [INFO] IPUIPlugin:80 - create IPUIPlugin
2025-09-30 20:46:21,369 [INFO] IPUIPlugin:80 - create IPUIPlugin
2025-09-30 20:46:21,369 [INFO] IPUIPlugin:80 - create IPUIPlugin
2025-09-30 20:46:21,369 [INFO] IPUIPlugin:80 - create IPUIPlugin
2025-09-30 20:46:21,370 [INFO] IPUIPlugin:80 - create IPUIPlugin
2025-09-30 20:46:21,370 [INFO] IPUIPlugin:80 - create IPUIPlugin
2025-09-30 20:46:21,371 [INFO] IPUIPlugin:80 - create IPUIPlugin
2025-09-30 20:46:21,372 [INFO] IPUIPlugin:80 - create IPUIPlugin
2025-09-30 20:46:21,372 [INFO] IPUIPlugin:80 - create IPUIPlugin
2025-09-30 20:46:21,373 [INFO] IPUIPlugin:80 - create IPUIPlugin
2025-09-30 20:46:21,373 [INFO] IPUIPlugin:80 - create IPUIPlugin
2025-09-30 20:46:21,374 [INFO] IPUIPlugin:80 - create IPUIPlugin
2025-09-30 20:46:21,374 [INFO] IPUIPlugin:80 - create IPUIPlugin
2025-09-30 20:46:21,374 [INFO] IPUIPlugin:80 - create IPUIPlugin
2025-09-30 20:46:21,375 [INFO] IPUIPlugin:80 - create IPUIPlugin
2025-09-30 20:46:21,375 [INFO] IPUIPlugin:80 - create IPUIPlugin
2025-09-30 20:46:21,376 [INFO] IPUIPlugin:80 - create IPUIPlugin
2025-09-30 20:46:21,376 [INFO] IPUIPlugin:80 - create IPUIPlugin
2025-09-30 20:46:21,377 [INFO] IPUIPlugin:80 - create IPUIPlugin
2025-09-30 20:46:21,377 [INFO] IPUIPlugin:80 - create IPUIPlugin
2025-09-30 20:46:21,861 [INFO] CADModel:165 - CPN selected for project levelSTM32F103C8T6
2025-09-30 20:46:21,861 [INFO] CADModel:114 - Register for checkConnection events
2025-09-30 20:46:21,956 [INFO] OpenFileManager:385 - Restore cursor
2025-09-30 20:46:52,176 [INFO] WebApp:194 - Connection lost
2025-09-30 20:46:52,784 [INFO] WebApp:191 - Connection restablished
2025-09-30 20:47:46,489 [INFO] MainUpdater:2872 - connection check result : 10
2025-09-30 20:47:46,492 [INFO] McuFinderGlobals:76 - Set McuFinderConnectedMode to true
2025-09-30 20:47:47,668 [INFO] ServerAccessManage:473 - Download File mcusAds.json._tmp_
2025-09-30 20:47:47,799 [INFO] LoadUrlFilesThread:156 - End of LoadUrlFiles Thread
2025-09-30 20:47:49,472 [INFO] ServerAccessManage:473 - Download File cube-finder-db.zip
2025-09-30 20:48:24,179 [INFO] WebApp:194 - Connection lost
2025-09-30 20:48:27,052 [INFO] WebApp:191 - Connection restablished
2025-09-30 20:48:59,485 [INFO] FileExtend:242 - Unzip File : cube-finder-db.zip
2025-09-30 20:48:59,485 [INFO] FileExtend:257 - Standard Zip Deflate
2025-09-30 20:49:00,536 [INFO] LoadUrlFilesThread:156 - End of LoadUrlFiles Thread
2025-09-30 20:49:02,100 [INFO] ServerAccessManage:473 - Download File crdb.zip
2025-09-30 20:49:05,737 [INFO] FileExtend:242 - Unzip File : crdb.zip
2025-09-30 20:49:05,738 [INFO] FileExtend:257 - Standard Zip Deflate
2025-09-30 20:49:05,882 [INFO] LoadUrlFilesThread:156 - End of LoadUrlFiles Thread
2025-09-30 20:49:06,190 [INFO] ServerAccessManage:473 - Download File tutoVideoDB.zip
2025-09-30 20:49:06,249 [INFO] FileExtend:242 - Unzip File : tutoVideoDB.zip
2025-09-30 20:49:06,250 [INFO] FileExtend:257 - Standard Zip Deflate
2025-09-30 20:49:06,378 [INFO] LoadUrlFilesThread:156 - End of LoadUrlFiles Thread
2025-09-30 20:49:06,384 [WARN] DbFile:41 - Overriding database path with different value: C:\Users\User\.stmcufinder\plugins\mcufinder/ => C:\Users\User\.stmcufinder\plugins\mcufinder
2025-09-30 20:49:06,599 [INFO] ServerAccessManage:473 - Download File api_config.json
2025-09-30 20:49:06,724 [INFO] LoadUrlFilesThread:156 - End of LoadUrlFiles Thread
2025-09-30 20:49:06,727 [INFO] DbMcusAds:53 - JSON generation date=Tue Jul 08 05:14:23 BRT 2025 (1751962463541)
2025-09-30 20:49:06,734 [INFO] ApiDb:448 - Save user favorites file C:\Users\User/.stm32cubeide/favorites.mcus.txt: 1 item(s)
2025-09-30 20:49:06,736 [INFO] ApiDb:452 - User favorites MCUs=[STM32F103C8T6]
2025-09-30 20:49:06,738 [INFO] ApiDb:581 - Connected to CubeFinder SQLite database (C:\Users\User\.stmcufinder\plugins\mcufinder\mcu\cube-finder-db.db)
2025-09-30 20:49:06,838 [INFO] ApiDb:668 - CubeFinder database Data Model version=2.1
2025-09-30 20:49:06,838 [INFO] ApiDb:669 - CubeFinder database Configuration version=3.0.39
2025-09-30 20:49:06,838 [INFO] ApiDb:670 - CubeFinder database generation date=2025-08-25 (1756130511)
2025-09-30 20:49:06,838 [INFO] ApiDb:671 - CubeFinder database FW Pack versions=[FP-ATR-ASTRA1_V2.0.0, FP-SNS-FLIGHT1_V5.1.0, FP-SNS-MOTENV1_V5.0.0, FP-SNS-MOTENVWB1_V1.4.0, FP-SNS-SMARTAG2_V1.2.0, FP-SNS-STBOX1_V2.1.0, STM32Cube_FW_C0_V1.4.0, STM32Cube_FW_F4_V1.28.3, STM32Cube_FW_F7_V1.17.4, STM32Cube_FW_G0_V1.6.2, STM32Cube_FW_G4_V1.6.1, STM32Cube_FW_H5_V1.5.0, STM32Cube_FW_H7RS_V1.2.0, STM32Cube_FW_H7_V1.12.1, STM32Cube_FW_L0_V1.12.2, STM32Cube_FW_L4_V1.18.1, STM32Cube_FW_L5_V1.5.1, STM32Cube_FW_N6_V1.2.0, STM32Cube_FW_U0_V1.3.0, STM32Cube_FW_U3_V1.2.0, STM32Cube_FW_U5_V1.8.0, STM32Cube_FW_WB0_V1.3.0, STM32Cube_FW_WBA_V1.7.0, STM32Cube_FW_WB_V1.23.0, STM32Cube_FW_WL3_V1.2.0, STM32Cube_FW_WL_V1.3.1, X-CUBE-ALGOBUILD_V1.4.0, X-CUBE-ALS_V1.0.2, X-CUBE-AZRTOS-F4_V1.1.0, X-CUBE-AZRTOS-F7_V1.1.0, X-CUBE-AZRTOS-G0_V1.1.0, X-CUBE-AZRTOS-G4_V2.0.0, X-CUBE-AZRTOS-H7RS_V1.1.0, X-CUBE-AZRTOS-H7_V3.4.0, X-CUBE-AZRTOS-L4_V2.0.0, X-CUBE-AZRTOS-L5_V2.0.0, X-CUBE-AZRTOS-WB_V2.0.0, X-CUBE-AZRTOS-WL_V2.0.0, X-CUBE-BLE1_V7.1.0, X-CUBE-BLE2_V3.3.0, X-CUBE-BLEMGR_V4.1.0, X-CUBE-EEPRMA1_V5.2.0, X-CUBE-FREERTOS_V1.3.1, X-CUBE-GNSS1_V6.0.0, X-CUBE-MEMS1_V11.3.0, X-CUBE-NFC4_V3.0.0, X-CUBE-NFC7_V2.0.0, X-CUBE-SFXS2LP1_V4.0.0, X-CUBE-ST67W61_V1.0.0, X-CUBE-SUBG2_V5.0.0, X-CUBE-TOF1_V3.4.3]
2025-09-30 20:49:09,148 [INFO] ApiDb:240 - Found 895 in-development CPN: [B-G473E-ZEST1S, B-WB1M-WPAN1, B-WBA5M-WPAN, B-WL5M-SUBG1, NUCLEO-C031C6, NUCLEO-C051C8, NUCLEO-C071RB, NUCLEO-C092RC, NUCLEO-H503RB, NUCLEO-H533RE, NUCLEO-H563ZI, NUCLEO-H7S3L8, NUCLEO-N657X0-Q, NUCLEO-U031R8, NUCLEO-U083RC, NUCLEO-U385RG-Q, NUCLEO-U545RE-Q, NUCLEO-U5A5ZJ-Q, NUCLEO-WB05KZ, NUCLEO-WB07CC, NUCLEO-WB09KE, NUCLEO-WBA52CG, NUCLEO-WBA55CG, NUCLEO-WBA65RI, NUCLEO-WL33CC1, NUCLEO-WL33CC2, STEVAL-PROTEUS1, STEVAL-SMARTAG2, STEVAL-STWINBX1, STM320518-EVAL, STM32C0116-DK, STM32C011D6Y3TR, STM32C011D6Y6TR, STM32C011F4P3, STM32C011F4P6, STM32C011F4U3, STM32C011F4U6TR, STM32C011F6P3, STM32C011F6P6, STM32C011F6U3, STM32C011F6U6TR, STM32C011J4M3, STM32C011J4M6, STM32C011J6M3, STM32C011J6M6, STM32C0316-DK, STM32C031C4T3, STM32C031C4T6, STM32C031C4U3, STM32C031C4U6, STM32C031C6T3, STM32C031C6T6, STM32C031C6U3, STM32C031C6U6, STM32C031F4P3, STM32C031F4P6, STM32C031F6P3, STM32C031F6P6, STM32C031G4U3, STM32C031G4U6, STM32C031G6U3, STM32C031G6U6, STM32C031K4T3, STM32C031K4T6, STM32C031K4U3, STM32C031K4U6, STM32C031K6T3, STM32C031K6T6, STM32C031K6U3, STM32C031K6U6, STM32C051C6T6, STM32C051C6U6, STM32C051C8T6, STM32C051C8U6, STM32C051D8Y6TR, STM32C051F6P6, STM32C051F8P6, STM32C051G6U6, STM32C051G8U6, STM32C051K6T6, STM32C051K6U6, STM32C051K8T6, STM32C071C8T6, STM32C071C8T6N, STM32C071C8U6, STM32C071C8U6N, STM32C071CBT6, STM32C071CBT6N, STM32C071CBU6, STM32C071CBU6N, STM32C071F8P6, STM32C071F8P6N, STM32C071FBP6, STM32C071FBP6N, STM32C071FBY6TR, STM32C071G8U6, STM32C071G8U6N, STM32C071GBU6, STM32C071GBU6N, STM32C071K8T6, STM32C071K8T6N, STM32C071K8U6, STM32C071K8U6N, STM32C071KBT6, STM32C071KBT6N, STM32C071KBU6, STM32C071KBU6N, STM32C071R8T6, STM32C071R8T6N, STM32C071RBI6N, STM32C071RBT6, STM32C071RBT6N, STM32C091CBT6, STM32C091CBU6, STM32C091CCT6, STM32C091CCU6, STM32C091ECY6TR, STM32C091FBP6, STM32C091FCP6, STM32C091GBU6, STM32C091GCU6, STM32C091KBT6, STM32C091KBU6, STM32C091KCT6, STM32C091KCU6, STM32C091RBT6, STM32C091RCI6, STM32C091RCT6, STM32C092CBT6, STM32C092CBU6, STM32C092CCT6, STM32C092CCU6, STM32C092ECY6TR, STM32C092FBP6, STM32C092FCP6, STM32C092GBU6, STM32C092GCU6, STM32C092KBT6, STM32C092KBU6, STM32C092KCT6, STM32C092KCU6, STM32C092RBT6, STM32C092RCI6, STM32C092RCT6, STM32G071K8TXN, STM32G071K8UXN, STM32G081GBU6N, STM32G081KBT6N, STM32G081KBUXN, STM32G0B1CCT6N, STM32G0B1KCT6, STM32G0B1NEY6TR, STM32G0B1RCT6N, STM32G0C1CCT6, STM32G0C1CCT6N, STM32G0C1CCU6N, STM32G0C1CET6N, STM32G0C1CEU6N, STM32G0C1KCT6, STM32G0C1NEY6TR, STM32G0C1RCI6N, STM32G0C1RCT6N, STM32G0C1REI6N, STM32G0C1RET6N, STM32G0C1VCI6, STM32G0C1VEI6, STM32G411C6T3, STM32G411C6T6, STM32G411C6U3, STM32G411C6U6, STM32G411C8T3, STM32G411C8T6, STM32G411C8U3, STM32G411C8U6, STM32G411CBT3, STM32G411CBT6, STM32G411CBU3, STM32G411CBU6, STM32G411CCT3, STM32G411CCT6, STM32G411CCU3, STM32G411CCU6, STM32G411K6T3, STM32G411K6T6, STM32G411K6U3, STM32G411K6U6, STM32G411K8T3, STM32G411K8T6, STM32G411K8U3, STM32G411K8U6, STM32G411KBT3, STM32G411KBT6, STM32G411KBU3, STM32G411KBU6, STM32G411M6T3, STM32G411M6T6, STM32G411M8T3, STM32G411M8T6, STM32G411MBT3, STM32G411MBT6, STM32G411MCT3, STM32G411MCT6, STM32G411R6T3, STM32G411R6T6, STM32G411R8T3, STM32G411R8T6, STM32G411RBT3, STM32G411RBT6, STM32G411RCT3, STM32G411RCT6, STM32G414CBT3, STM32G414CBT6, STM32G414CBU3, STM32G414CBU6, STM32G414CCT3, STM32G414CCT6, STM32G414CCU3, STM32G414CCU6, STM32G414MBT3, STM32G414MBT6, STM32G414MCT3, STM32G414MCT6, STM32G414RBT3, STM32G414RBT6, STM32G414RCT3, STM32G414RCT6, STM32G414VBT3, STM32G414VBT6, STM32G414VCT3, STM32G414VCT6, STM32G431CBT3Z, STM32G431RBT3Z, STM32G471CCT6, STM32G471CCU6, STM32G471CET3, STM32G471CET6, STM32G471CEU3, STM32G471CEU6, STM32G471MCT6, STM32G471MET3, STM32G471MET6, STM32G471MEY6TR, STM32G471QCT6, STM32G471QET3, STM32G471RCT6, STM32G471RET3, STM32G471RET6, STM32G471VCH6, STM32G471VCI6, STM32G471VCT6, STM32G471VEH3, STM32G471VEH6, STM32G471VEI3, STM32G471VEI6, STM32G471VET3, STM32G471VET6, STM32G473QET3Z, STM32G473RET3Z, STM32G474CCT6, STM32G491RET3Z, STM32H503CBT6, STM32H503CBU6, STM32H503EBY6TR, STM32H503KBU6, STM32H503RBT6, STM32H523CCT6, STM32H523CCU6, STM32H523CET6, STM32H523CEU6, STM32H523HEY6TR, STM32H523RCT6, STM32H523RET6, STM32H523VCI6, STM32H523VCT6, STM32H523VEI6, STM32H523VET6, STM32H523ZCJ6, STM32H523ZCT6, STM32H523ZEJ6, STM32H523ZET6, STM32H533CET6, STM32H533CEU6, STM32H533HEY6TR, STM32H533RET6, STM32H533VEI6, STM32H533VET6, STM32H533ZEJ6, STM32H533ZET6, STM32H562AGI6, STM32H562AII6, STM32H562IGK6, STM32H562IGT6, STM32H562IIK6, STM32H562IIT6, STM32H562RGT6, STM32H562RGV6, STM32H562RIT6, STM32H562RIV6, STM32H562VGT6, STM32H562VIT6, STM32H562ZGT6, STM32H562ZIT6, STM32H563AGI6, STM32H563AII3Q, STM32H563AII6, STM32H563IGK6, STM32H563IGT6, STM32H563IIK3Q, STM32H563IIK6, STM32H563IIT3Q, STM32H563IIT6, STM32H563MIY3QTR, STM32H563RGT6, STM32H563RGV6, STM32H563RIT6, STM32H563RIV6, STM32H563VGT6, STM32H563VIT3Q, STM32H563VIT6, STM32H563ZGT6, STM32H563ZIT3Q, STM32H563ZIT6, STM32H573AII3Q, STM32H573AII6, STM32H573I-DK, STM32H573IIK3Q, STM32H573IIK6, STM32H573IIT3Q, STM32H573IIT6, STM32H573MIY3QTR, STM32H573RIT6, STM32H573RIV6, STM32H573VIT3Q, STM32H573VIT6, STM32H573ZIT3Q, STM32H573ZIT6, STM32H7R3A8I6, STM32H7R3I8K6, STM32H7R3I8T6, STM32H7R3L8H6, STM32H7R3L8H6H, STM32H7R3R8V6, STM32H7R3V8H6, STM32H7R3V8T6, STM32H7R3V8Y6TR, STM32H7R3Z8J6, STM32H7R3Z8T6, STM32H7R7A8I6, STM32H7R7I8K6, STM32H7R7I8T6, STM32H7R7L8H6, STM32H7R7L8H6H, STM32H7R7Z8J6, STM32H7S3A8I6, STM32H7S3I8K6, STM32H7S3I8T6, STM32H7S3L8H6, STM32H7S3L8H6H, STM32H7S3R8V6, STM32H7S3V8H6, STM32H7S3V8T6, STM32H7S3V8Y6TR, STM32H7S3Z8J6, STM32H7S3Z8T6, STM32H7S78-DK, STM32H7S7A8I6, STM32H7S7I8K6, STM32H7S7I8T6, STM32H7S7L8H6, STM32H7S7L8H6H, STM32H7S7Z8J6, STM32L4R5QGI6STR, STM32MP131AAE3, STM32MP131AAF3, STM32MP131AAG3, STM32MP131CAE3, STM32MP131CAF3, STM32MP131CAG3, STM32MP131DAE7, STM32MP131DAF7, STM32MP131DAG7, STM32MP131FAE7, STM32MP131FAF7, STM32MP131FAG7, STM32MP133AAE3, STM32MP133AAF3, STM32MP133AAG3, STM32MP133CAE3, STM32MP133CAF3, STM32MP133CAG3, STM32MP133DAE7, STM32MP133DAF7, STM32MP133DAG7, STM32MP133FAE7, STM32MP133FAF7, STM32MP133FAG7, STM32MP135AAE3, STM32MP135AAF3, STM32MP135AAG3, STM32MP135CAE3, STM32MP135CAF3, STM32MP135CAG3, STM32MP135DAE7, STM32MP135DAF7, STM32MP135DAG7, STM32MP135F-DK, STM32MP135FAE7, STM32MP135FAF7, STM32MP135FAF7T, STM32MP135FAF7U, STM32MP135FAG7, STM32MP231AAJ3, STM32MP231AAK3, STM32MP231AAL3, STM32MP231CAJ3, STM32MP231CAK3, STM32MP231CAL3, STM32MP231DAJ3, STM32MP231DAK3, STM32MP231DAL3, STM32MP231FAJ3, STM32MP231FAK3, STM32MP231FAL3, STM32MP233AAJ3, STM32MP233AAK3, STM32MP233AAL3, STM32MP233CAJ3, STM32MP233CAK3, STM32MP233CAL3, STM32MP233DAJ3, STM32MP233DAK3, STM32MP233DAL3, STM32MP233FAJ3, STM32MP233FAK3, STM32MP233FAL3, STM32MP235AAJ3, STM32MP235AAK3, STM32MP235AAL3, STM32MP235CAJ3, STM32MP235CAK3, STM32MP235CAL3, STM32MP235DAJ3, STM32MP235DAK3, STM32MP235DAL3, STM32MP235FAJ3, STM32MP235FAK3, STM32MP235FAL3, STM32MP251AAI3, STM32MP251AAJ3, STM32MP251AAK3, STM32MP251AAL3, STM32MP251CAI3, STM32MP251CAJ3, STM32MP251CAK3, STM32MP251CAL3, STM32MP251DAI3, STM32MP251DAJ3, STM32MP251DAK3, STM32MP251DAL3, STM32MP251FAI3, STM32MP251FAJ3, STM32MP251FAK3, STM32MP251FAL3, STM32MP253AAI3, STM32MP253AAJ3, STM32MP253AAK3, STM32MP253AAL3, STM32MP253CAI3, STM32MP253CAJ3, STM32MP253CAK3, STM32MP253CAL3, STM32MP253DAI3, STM32MP253DAJ3, STM32MP253DAK3, STM32MP253DAL3, STM32MP253FAI3, STM32MP253FAJ3, STM32MP253FAK3, STM32MP253FAL3, STM32MP255AAI3, STM32MP255AAJ3, STM32MP255AAK3, STM32MP255AAL3, STM32MP255CAI3, STM32MP255CAJ3, STM32MP255CAK3, STM32MP255CAL3, STM32MP255DAI3, STM32MP255DAJ3, STM32MP255DAK3, STM32MP255DAL3, STM32MP255FAI3, STM32MP255FAJ3, STM32MP255FAK3, STM32MP255FAL3, STM32MP257AAI3, STM32MP257AAJ3, STM32MP257AAK3, STM32MP257AAL3, STM32MP257CAI3, STM32MP257CAJ3, STM32MP257CAK3, STM32MP257CAL3, STM32MP257DAI3, STM32MP257DAJ3, STM32MP257DAK3, STM32MP257DAL3, STM32MP257F-DK, STM32MP257F-EV1, STM32MP257FAI3, STM32MP257FAJ3, STM32MP257FAK3, STM32MP257FAL3, STM32N645A0H3Q, STM32N645B0H3Q, STM32N645I0H3Q, STM32N645L0H3Q, STM32N645X0H3Q, STM32N645Z0H3Q, STM32N647A0H3Q, STM32N647B0H3Q, STM32N647I0H3Q, STM32N647L0H3Q, STM32N647X0H3Q, STM32N647Z0H3Q, STM32N655A0H3Q, STM32N655B0H3Q, STM32N655I0H3Q, STM32N655L0H3Q, STM32N655X0H3Q, STM32N655Z0H3Q, STM32N6570-DK, STM32N657A0H3Q, STM32N657B0H3Q, STM32N657I0H3Q, STM32N657L0H3Q, STM32N657X0H3Q, STM32N657Z0H3Q, STM32U031C6T6, STM32U031C6U6, STM32U031C8T6, STM32U031C8U6, STM32U031F4P6, STM32U031F6P6, STM32U031F8P6, STM32U031G6Y6TR, STM32U031G8Y6TR, STM32U031K4U6, STM32U031K6U6, STM32U031K8U6, STM32U031R6I6, STM32U031R6T6, STM32U031R8I6, STM32U031R8T6, STM32U073C8T6, STM32U073C8U6, STM32U073CBT6, STM32U073CBU6, STM32U073CCT6, STM32U073CCU6, STM32U073H8Y6TR, STM32U073HBY6TR, STM32U073HCY6TR, STM32U073K8U6, STM32U073KBU6, STM32U073KCU6, STM32U073M8I6, STM32U073M8T6, STM32U073MBI6, STM32U073MBT6, STM32U073MCI6, STM32U073MCT6, STM32U073R8I6, STM32U073R8T6, STM32U073RBI6, STM32U073RBT6, STM32U073RCI6, STM32U073RCT6, STM32U083C-DK, STM32U083CCT6, STM32U083CCU6, STM32U083HCY6TR, STM32U083KCU6, STM32U083MCI6, STM32U083MCT6, STM32U083RCI6, STM32U083RCT6, STM32U375CET6, STM32U375CET6Q, STM32U375CEU6, STM32U375CEU6Q, STM32U375CEY6QTR, STM32U375CGT6, STM32U375CGT6Q, STM32U375CGU6, STM32U375CGU6Q, STM32U375CGY6QTR, STM32U375KEU6, STM32U375KGU6, STM32U375REI6, STM32U375REI6Q, STM32U375RET6, STM32U375RET6Q, STM32U375REY6GTR, STM32U375REY6QTR, STM32U375RGI6, STM32U375RGI6Q, STM32U375RGT6, STM32U375RGT6Q, STM32U375RGY6GTR, STM32U375RGY6QTR, STM32U375VEI6, STM32U375VEI6Q, STM32U375VET6, STM32U375VET6Q, STM32U375VGI6, STM32U375VGI6Q, STM32U375VGT6, STM32U375VGT6Q, STM32U385CGT6, STM32U385CGT6Q, STM32U385CGU6, STM32U385CGU6Q, STM32U385CGY6QTR, STM32U385KGU6, STM32U385RGI6, STM32U385RGI6Q, STM32U385RGT6, STM32U385RGT6Q, STM32U385RGY6GTR, STM32U385RGY6QTR, STM32U385VGI6, STM32U385VGI6Q, STM32U385VGT6, STM32U385VGT6Q, STM32U535CBT6, STM32U535CBT6Q, STM32U535CBU6, STM32U535CBU6Q, STM32U535CCT6, STM32U535CCT6Q, STM32U535CCU6, STM32U535CCU6Q, STM32U535CET6, STM32U535CET6Q, STM32U535CEU6, STM32U535CEU6Q, STM32U535JEY6QTR, STM32U535NCY6QTR, STM32U535NEY6QTR, STM32U535RBI6, STM32U535RBI6Q, STM32U535RBT6, STM32U535RBT6Q, STM32U535RCI6, STM32U535RCI6Q, STM32U535RCT6, STM32U535RCT6Q, STM32U535REI6, STM32U535REI6Q, STM32U535RET6, STM32U535RET6Q, STM32U535VCI6, STM32U535VCI6Q, STM32U535VCT6, STM32U535VCT6Q, STM32U535VEI6, STM32U535VEI6Q, STM32U535VET6, STM32U535VET6Q, STM32U545CET6, STM32U545CET6Q, STM32U545CEU6, STM32U545CEU6Q, STM32U545JEY6QTR, STM32U545NEY6QTR, STM32U545REI6, STM32U545REI6Q, STM32U545RET6, STM32U545RET6Q, STM32U545VEI6, STM32U545VEI6Q, STM32U545VET6, STM32U545VET6Q, STM32U595AIH6, STM32U595AIH6Q, STM32U595AJH6, STM32U595AJH6Q, STM32U595QII6, STM32U595QII6Q, STM32U595QJI6, STM32U595QJI6Q, STM32U595RIT6, STM32U595RIT6Q, STM32U595RJT6, STM32U595RJT6Q, STM32U595VIT6, STM32U595VIT6Q, STM32U595VJT6, STM32U595VJT6Q, STM32U595ZIT6, STM32U595ZIT6Q, STM32U595ZIY6QTR, STM32U595ZJT6, STM32U595ZJT6Q, STM32U595ZJY6QTR, STM32U599BJY6QTR, STM32U599NIH6Q, STM32U599NJH6Q, STM32U599VIT6Q, STM32U599VJT6, STM32U599VJT6Q, STM32U599ZIT6Q, STM32U599ZIY6QTR, STM32U599ZJT6Q, STM32U599ZJY6QTR, STM32U5A5AJH6, STM32U5A5AJH6Q, STM32U5A5QII3Q , STM32U5A5QJI6, STM32U5A5QJI6Q, STM32U5A5RJT6, STM32U5A5RJT6Q, STM32U5A5VJT6, STM32U5A5VJT6Q, STM32U5A5ZJT6, STM32U5A5ZJT6Q, STM32U5A5ZJY6QTR, STM32U5A9BJY6QTR, STM32U5A9J-DK, STM32U5A9NJH6Q, STM32U5A9VJT6Q, STM32U5A9ZJT6Q, STM32U5A9ZJY6QTR, STM32U5F7VIT6, STM32U5F7VIT6Q, STM32U5F7VJT6, STM32U5F7VJT6Q, STM32U5F9BJY6QTR, STM32U5F9NJH6Q, STM32U5F9VIT6Q, STM32U5F9VJT6Q, STM32U5F9ZIJ6QTR, STM32U5F9ZIT6Q, STM32U5F9ZJJ6QTR, STM32U5F9ZJT6Q, STM32U5G7VJT6, STM32U5G7VJT6Q, STM32U5G9BJY6QTR, STM32U5G9J-DK1, STM32U5G9J-DK2, STM32U5G9NJH6Q, STM32U5G9VJT6Q, STM32U5G9ZJJ6QTR, STM32U5G9ZJT6Q, STM32WB05KZV6TR, STM32WB05KZV7TR, STM32WB05TZF6TR, STM32WB05TZF7TR, STM32WB06CCF6TR, STM32WB06CCF7TR, STM32WB06CCV6TR, STM32WB06CCV7TR, STM32WB06KCV6TR, STM32WB06KCV7TR, STM32WB07CCF6TR, STM32WB07CCF7TR, STM32WB07CCV6TR, STM32WB07CCV7TR, STM32WB07KCV6TR, STM32WB07KCV7TR, STM32WB09KEV6TR, STM32WB09KEV7TR, STM32WB09TEF6TR, STM32WB09TEF7TR, STM32WB1MMCH6, STM32WBA50KGU6, STM32WBA50KGU6TR, STM32WBA52CEU6, STM32WBA52CEU6TR, STM32WBA52CEU7, STM32WBA52CEU7TR, STM32WBA52CGU6, STM32WBA52CGU6TR, STM32WBA52CGU6U, STM32WBA52CGU7, STM32WBA52CGU7TR, STM32WBA52KEU6, STM32WBA52KEU6TR, STM32WBA52KGU6, STM32WBA52KGU6TR, STM32WBA54CEU6, STM32WBA54CEU6TR, STM32WBA54CEU7, STM32WBA54CEU7TR, STM32WBA54CGU6, STM32WBA54CGU6TR, STM32WBA54CGU7, STM32WBA54CGU7TR, STM32WBA54KEU6, STM32WBA54KEU6TR, STM32WBA54KEU7, STM32WBA54KEU7TR, STM32WBA54KGU6, STM32WBA54KGU6TR, STM32WBA54KGU7, STM32WBA54KGU7TR, STM32WBA55CEU6, STM32WBA55CEU6TR, STM32WBA55CEU7, STM32WBA55CEU7TR, STM32WBA55CGU6, STM32WBA55CGU6TR, STM32WBA55CGU6U, STM32WBA55CGU7, STM32WBA55CGU7TR, STM32WBA55G-DK1, STM32WBA55HEF6, STM32WBA55HEF7, STM32WBA55HGF6, STM32WBA55HGF7, STM32WBA55UEI6, STM32WBA55UEI6TR, STM32WBA55UEI7, STM32WBA55UEI7TR, STM32WBA55UGI6, STM32WBA55UGI6TR, STM32WBA55UGI7, STM32WBA55UGI7TR, STM32WBA5MJGH6TR, STM32WBA62CGU6, STM32WBA62CIU6, STM32WBA62MGF6, STM32WBA62MIF6, STM32WBA62PGI6, STM32WBA62PII6, STM32WBA63CGU6, STM32WBA63CGU7, STM32WBA63CIU6, STM32WBA63CIU7, STM32WBA64CGU6, STM32WBA64CGU7, STM32WBA64CIU6, STM32WBA64CIU7, STM32WBA65CGU6, STM32WBA65CGU7, STM32WBA65CIU6, STM32WBA65CIU7, STM32WBA65I-DK1, STM32WBA65MGF6, STM32WBA65MGF7, STM32WBA65MIF6, STM32WBA65MIF7, STM32WBA65PGI6, STM32WBA65PGI7, STM32WBA65PII6, STM32WBA65PII7, STM32WBA65RGV6, STM32WBA65RGV7, STM32WBA65RIV6, STM32WBA65RIV7, STM32WL30K8V6, STM32WL30KBV6, STM32WL31C8V6, STM32WL31CBV6, STM32WL31K8V6, STM32WL31KBV6, STM32WL33C8V6, STM32WL33C8V6TR, STM32WL33C8V7, STM32WL33C8V7TR, STM32WL33CBV6, STM32WL33CBV6TR, STM32WL33CBV7, STM32WL33CBV7TR, STM32WL33CCV6, STM32WL33CCV6TR, STM32WL33CCV7, STM32WL33CCV7A, STM32WL33CCV7ATR, STM32WL33CCV7TR, STM32WL33K8V6, STM32WL33K8V6TR, STM32WL33K8V7, STM32WL33K8V7TR, STM32WL33KBV6, STM32WL33KBV6TR, STM32WL33KBV7, STM32WL33KBV7TR, STM32WL33KCV6, STM32WL33KCV6TR, STM32WL33KCV7, STM32WL33KCV7TR, STM32WL5MOCH6, STM32WL5MOCH6TR]
2025-09-30 20:49:09,151 [INFO] DbMcus:218 - Found 4747 MCUs, 4747 are supported
2025-09-30 20:49:09,151 [INFO] ApiDb:423 - Load user favorites file C:\Users\User/.stm32cubeide/favorites.mcus.txt: 1 item(s)
2025-09-30 20:49:09,152 [INFO] ApiDb:427 - User favorites MCUs=[STM32F103C8T6]
2025-09-30 20:49:09,152 [INFO] DbMcus:224 - Set 1 / 1 favorites MCUs
2025-09-30 20:49:09,813 [INFO] ApiDb:448 - Save user favorites file C:\Users\User/.stm32cubeide/favorites.boards.txt: 0 item(s)
2025-09-30 20:49:09,813 [INFO] ApiDb:452 - User favorites Boards=[]
2025-09-30 20:49:09,816 [INFO] ApiDb:581 - Connected to CubeFinder SQLite database (C:\Users\User\.stmcufinder\plugins\mcufinder\mcu\cube-finder-db.db)
2025-09-30 20:49:09,897 [INFO] ApiDb:668 - CubeFinder database Data Model version=2.1
2025-09-30 20:49:09,897 [INFO] ApiDb:669 - CubeFinder database Configuration version=3.0.39
2025-09-30 20:49:09,897 [INFO] ApiDb:670 - CubeFinder database generation date=2025-08-25 (1756130511)
2025-09-30 20:49:09,898 [INFO] ApiDb:671 - CubeFinder database FW Pack versions=[FP-ATR-ASTRA1_V2.0.0, FP-SNS-FLIGHT1_V5.1.0, FP-SNS-MOTENV1_V5.0.0, FP-SNS-MOTENVWB1_V1.4.0, FP-SNS-SMARTAG2_V1.2.0, FP-SNS-STBOX1_V2.1.0, STM32Cube_FW_C0_V1.4.0, STM32Cube_FW_F4_V1.28.3, STM32Cube_FW_F7_V1.17.4, STM32Cube_FW_G0_V1.6.2, STM32Cube_FW_G4_V1.6.1, STM32Cube_FW_H5_V1.5.0, STM32Cube_FW_H7RS_V1.2.0, STM32Cube_FW_H7_V1.12.1, STM32Cube_FW_L0_V1.12.2, STM32Cube_FW_L4_V1.18.1, STM32Cube_FW_L5_V1.5.1, STM32Cube_FW_N6_V1.2.0, STM32Cube_FW_U0_V1.3.0, STM32Cube_FW_U3_V1.2.0, STM32Cube_FW_U5_V1.8.0, STM32Cube_FW_WB0_V1.3.0, STM32Cube_FW_WBA_V1.7.0, STM32Cube_FW_WB_V1.23.0, STM32Cube_FW_WL3_V1.2.0, STM32Cube_FW_WL_V1.3.1, X-CUBE-ALGOBUILD_V1.4.0, X-CUBE-ALS_V1.0.2, X-CUBE-AZRTOS-F4_V1.1.0, X-CUBE-AZRTOS-F7_V1.1.0, X-CUBE-AZRTOS-G0_V1.1.0, X-CUBE-AZRTOS-G4_V2.0.0, X-CUBE-AZRTOS-H7RS_V1.1.0, X-CUBE-AZRTOS-H7_V3.4.0, X-CUBE-AZRTOS-L4_V2.0.0, X-CUBE-AZRTOS-L5_V2.0.0, X-CUBE-AZRTOS-WB_V2.0.0, X-CUBE-AZRTOS-WL_V2.0.0, X-CUBE-BLE1_V7.1.0, X-CUBE-BLE2_V3.3.0, X-CUBE-BLEMGR_V4.1.0, X-CUBE-EEPRMA1_V5.2.0, X-CUBE-FREERTOS_V1.3.1, X-CUBE-GNSS1_V6.0.0, X-CUBE-MEMS1_V11.3.0, X-CUBE-NFC4_V3.0.0, X-CUBE-NFC7_V2.0.0, X-CUBE-SFXS2LP1_V4.0.0, X-CUBE-ST67W61_V1.0.0, X-CUBE-SUBG2_V5.0.0, X-CUBE-TOF1_V3.4.3]
2025-09-30 20:49:09,950 [INFO] DbBoardsSqlite:226 - include board P-NUCLEO-WB55-NUCLEO as a kit item of type 'Nucleo-64'
2025-09-30 20:49:09,951 [INFO] DbBoardsSqlite:226 - include board P-NUCLEO-WB55-USBDONGLE as a kit item of type 'Nucleo USB Dongle'
2025-09-30 20:49:09,951 [INFO] DbBoardsSqlite:226 - include board STEVAL-IDP005V1 as a kit item of type 'Evaluation Board'
2025-09-30 20:49:09,951 [INFO] DbBoardsSqlite:226 - include board STEVAL-IDP005V2 as a kit item of type 'Evaluation Board'
2025-09-30 20:49:10,028 [INFO] ApiDb:240 - Found 895 in-development CPN: [B-G473E-ZEST1S, B-WB1M-WPAN1, B-WBA5M-WPAN, B-WL5M-SUBG1, NUCLEO-C031C6, NUCLEO-C051C8, NUCLEO-C071RB, NUCLEO-C092RC, NUCLEO-H503RB, NUCLEO-H533RE, NUCLEO-H563ZI, NUCLEO-H7S3L8, NUCLEO-N657X0-Q, NUCLEO-U031R8, NUCLEO-U083RC, NUCLEO-U385RG-Q, NUCLEO-U545RE-Q, NUCLEO-U5A5ZJ-Q, NUCLEO-WB05KZ, NUCLEO-WB07CC, NUCLEO-WB09KE, NUCLEO-WBA52CG, NUCLEO-WBA55CG, NUCLEO-WBA65RI, NUCLEO-WL33CC1, NUCLEO-WL33CC2, STEVAL-PROTEUS1, STEVAL-SMARTAG2, STEVAL-STWINBX1, STM320518-EVAL, STM32C0116-DK, STM32C011D6Y3TR, STM32C011D6Y6TR, STM32C011F4P3, STM32C011F4P6, STM32C011F4U3, STM32C011F4U6TR, STM32C011F6P3, STM32C011F6P6, STM32C011F6U3, STM32C011F6U6TR, STM32C011J4M3, STM32C011J4M6, STM32C011J6M3, STM32C011J6M6, STM32C0316-DK, STM32C031C4T3, STM32C031C4T6, STM32C031C4U3, STM32C031C4U6, STM32C031C6T3, STM32C031C6T6, STM32C031C6U3, STM32C031C6U6, STM32C031F4P3, STM32C031F4P6, STM32C031F6P3, STM32C031F6P6, STM32C031G4U3, STM32C031G4U6, STM32C031G6U3, STM32C031G6U6, STM32C031K4T3, STM32C031K4T6, STM32C031K4U3, STM32C031K4U6, STM32C031K6T3, STM32C031K6T6, STM32C031K6U3, STM32C031K6U6, STM32C051C6T6, STM32C051C6U6, STM32C051C8T6, STM32C051C8U6, STM32C051D8Y6TR, STM32C051F6P6, STM32C051F8P6, STM32C051G6U6, STM32C051G8U6, STM32C051K6T6, STM32C051K6U6, STM32C051K8T6, STM32C071C8T6, STM32C071C8T6N, STM32C071C8U6, STM32C071C8U6N, STM32C071CBT6, STM32C071CBT6N, STM32C071CBU6, STM32C071CBU6N, STM32C071F8P6, STM32C071F8P6N, STM32C071FBP6, STM32C071FBP6N, STM32C071FBY6TR, STM32C071G8U6, STM32C071G8U6N, STM32C071GBU6, STM32C071GBU6N, STM32C071K8T6, STM32C071K8T6N, STM32C071K8U6, STM32C071K8U6N, STM32C071KBT6, STM32C071KBT6N, STM32C071KBU6, STM32C071KBU6N, STM32C071R8T6, STM32C071R8T6N, STM32C071RBI6N, STM32C071RBT6, STM32C071RBT6N, STM32C091CBT6, STM32C091CBU6, STM32C091CCT6, STM32C091CCU6, STM32C091ECY6TR, STM32C091FBP6, STM32C091FCP6, STM32C091GBU6, STM32C091GCU6, STM32C091KBT6, STM32C091KBU6, STM32C091KCT6, STM32C091KCU6, STM32C091RBT6, STM32C091RCI6, STM32C091RCT6, STM32C092CBT6, STM32C092CBU6, STM32C092CCT6, STM32C092CCU6, STM32C092ECY6TR, STM32C092FBP6, STM32C092FCP6, STM32C092GBU6, STM32C092GCU6, STM32C092KBT6, STM32C092KBU6, STM32C092KCT6, STM32C092KCU6, STM32C092RBT6, STM32C092RCI6, STM32C092RCT6, STM32G071K8TXN, STM32G071K8UXN, STM32G081GBU6N, STM32G081KBT6N, STM32G081KBUXN, STM32G0B1CCT6N, STM32G0B1KCT6, STM32G0B1NEY6TR, STM32G0B1RCT6N, STM32G0C1CCT6, STM32G0C1CCT6N, STM32G0C1CCU6N, STM32G0C1CET6N, STM32G0C1CEU6N, STM32G0C1KCT6, STM32G0C1NEY6TR, STM32G0C1RCI6N, STM32G0C1RCT6N, STM32G0C1REI6N, STM32G0C1RET6N, STM32G0C1VCI6, STM32G0C1VEI6, STM32G411C6T3, STM32G411C6T6, STM32G411C6U3, STM32G411C6U6, STM32G411C8T3, STM32G411C8T6, STM32G411C8U3, STM32G411C8U6, STM32G411CBT3, STM32G411CBT6, STM32G411CBU3, STM32G411CBU6, STM32G411CCT3, STM32G411CCT6, STM32G411CCU3, STM32G411CCU6, STM32G411K6T3, STM32G411K6T6, STM32G411K6U3, STM32G411K6U6, STM32G411K8T3, STM32G411K8T6, STM32G411K8U3, STM32G411K8U6, STM32G411KBT3, STM32G411KBT6, STM32G411KBU3, STM32G411KBU6, STM32G411M6T3, STM32G411M6T6, STM32G411M8T3, STM32G411M8T6, STM32G411MBT3, STM32G411MBT6, STM32G411MCT3, STM32G411MCT6, STM32G411R6T3, STM32G411R6T6, STM32G411R8T3, STM32G411R8T6, STM32G411RBT3, STM32G411RBT6, STM32G411RCT3, STM32G411RCT6, STM32G414CBT3, STM32G414CBT6, STM32G414CBU3, STM32G414CBU6, STM32G414CCT3, STM32G414CCT6, STM32G414CCU3, STM32G414CCU6, STM32G414MBT3, STM32G414MBT6, STM32G414MCT3, STM32G414MCT6, STM32G414RBT3, STM32G414RBT6, STM32G414RCT3, STM32G414RCT6, STM32G414VBT3, STM32G414VBT6, STM32G414VCT3, STM32G414VCT6, STM32G431CBT3Z, STM32G431RBT3Z, STM32G471CCT6, STM32G471CCU6, STM32G471CET3, STM32G471CET6, STM32G471CEU3, STM32G471CEU6, STM32G471MCT6, STM32G471MET3, STM32G471MET6, STM32G471MEY6TR, STM32G471QCT6, STM32G471QET3, STM32G471RCT6, STM32G471RET3, STM32G471RET6, STM32G471VCH6, STM32G471VCI6, STM32G471VCT6, STM32G471VEH3, STM32G471VEH6, STM32G471VEI3, STM32G471VEI6, STM32G471VET3, STM32G471VET6, STM32G473QET3Z, STM32G473RET3Z, STM32G474CCT6, STM32G491RET3Z, STM32H503CBT6, STM32H503CBU6, STM32H503EBY6TR, STM32H503KBU6, STM32H503RBT6, STM32H523CCT6, STM32H523CCU6, STM32H523CET6, STM32H523CEU6, STM32H523HEY6TR, STM32H523RCT6, STM32H523RET6, STM32H523VCI6, STM32H523VCT6, STM32H523VEI6, STM32H523VET6, STM32H523ZCJ6, STM32H523ZCT6, STM32H523ZEJ6, STM32H523ZET6, STM32H533CET6, STM32H533CEU6, STM32H533HEY6TR, STM32H533RET6, STM32H533VEI6, STM32H533VET6, STM32H533ZEJ6, STM32H533ZET6, STM32H562AGI6, STM32H562AII6, STM32H562IGK6, STM32H562IGT6, STM32H562IIK6, STM32H562IIT6, STM32H562RGT6, STM32H562RGV6, STM32H562RIT6, STM32H562RIV6, STM32H562VGT6, STM32H562VIT6, STM32H562ZGT6, STM32H562ZIT6, STM32H563AGI6, STM32H563AII3Q, STM32H563AII6, STM32H563IGK6, STM32H563IGT6, STM32H563IIK3Q, STM32H563IIK6, STM32H563IIT3Q, STM32H563IIT6, STM32H563MIY3QTR, STM32H563RGT6, STM32H563RGV6, STM32H563RIT6, STM32H563RIV6, STM32H563VGT6, STM32H563VIT3Q, STM32H563VIT6, STM32H563ZGT6, STM32H563ZIT3Q, STM32H563ZIT6, STM32H573AII3Q, STM32H573AII6, STM32H573I-DK, STM32H573IIK3Q, STM32H573IIK6, STM32H573IIT3Q, STM32H573IIT6, STM32H573MIY3QTR, STM32H573RIT6, STM32H573RIV6, STM32H573VIT3Q, STM32H573VIT6, STM32H573ZIT3Q, STM32H573ZIT6, STM32H7R3A8I6, STM32H7R3I8K6, STM32H7R3I8T6, STM32H7R3L8H6, STM32H7R3L8H6H, STM32H7R3R8V6, STM32H7R3V8H6, STM32H7R3V8T6, STM32H7R3V8Y6TR, STM32H7R3Z8J6, STM32H7R3Z8T6, STM32H7R7A8I6, STM32H7R7I8K6, STM32H7R7I8T6, STM32H7R7L8H6, STM32H7R7L8H6H, STM32H7R7Z8J6, STM32H7S3A8I6, STM32H7S3I8K6, STM32H7S3I8T6, STM32H7S3L8H6, STM32H7S3L8H6H, STM32H7S3R8V6, STM32H7S3V8H6, STM32H7S3V8T6, STM32H7S3V8Y6TR, STM32H7S3Z8J6, STM32H7S3Z8T6, STM32H7S78-DK, STM32H7S7A8I6, STM32H7S7I8K6, STM32H7S7I8T6, STM32H7S7L8H6, STM32H7S7L8H6H, STM32H7S7Z8J6, STM32L4R5QGI6STR, STM32MP131AAE3, STM32MP131AAF3, STM32MP131AAG3, STM32MP131CAE3, STM32MP131CAF3, STM32MP131CAG3, STM32MP131DAE7, STM32MP131DAF7, STM32MP131DAG7, STM32MP131FAE7, STM32MP131FAF7, STM32MP131FAG7, STM32MP133AAE3, STM32MP133AAF3, STM32MP133AAG3, STM32MP133CAE3, STM32MP133CAF3, STM32MP133CAG3, STM32MP133DAE7, STM32MP133DAF7, STM32MP133DAG7, STM32MP133FAE7, STM32MP133FAF7, STM32MP133FAG7, STM32MP135AAE3, STM32MP135AAF3, STM32MP135AAG3, STM32MP135CAE3, STM32MP135CAF3, STM32MP135CAG3, STM32MP135DAE7, STM32MP135DAF7, STM32MP135DAG7, STM32MP135F-DK, STM32MP135FAE7, STM32MP135FAF7, STM32MP135FAF7T, STM32MP135FAF7U, STM32MP135FAG7, STM32MP231AAJ3, STM32MP231AAK3, STM32MP231AAL3, STM32MP231CAJ3, STM32MP231CAK3, STM32MP231CAL3, STM32MP231DAJ3, STM32MP231DAK3, STM32MP231DAL3, STM32MP231FAJ3, STM32MP231FAK3, STM32MP231FAL3, STM32MP233AAJ3, STM32MP233AAK3, STM32MP233AAL3, STM32MP233CAJ3, STM32MP233CAK3, STM32MP233CAL3, STM32MP233DAJ3, STM32MP233DAK3, STM32MP233DAL3, STM32MP233FAJ3, STM32MP233FAK3, STM32MP233FAL3, STM32MP235AAJ3, STM32MP235AAK3, STM32MP235AAL3, STM32MP235CAJ3, STM32MP235CAK3, STM32MP235CAL3, STM32MP235DAJ3, STM32MP235DAK3, STM32MP235DAL3, STM32MP235FAJ3, STM32MP235FAK3, STM32MP235FAL3, STM32MP251AAI3, STM32MP251AAJ3, STM32MP251AAK3, STM32MP251AAL3, STM32MP251CAI3, STM32MP251CAJ3, STM32MP251CAK3, STM32MP251CAL3, STM32MP251DAI3, STM32MP251DAJ3, STM32MP251DAK3, STM32MP251DAL3, STM32MP251FAI3, STM32MP251FAJ3, STM32MP251FAK3, STM32MP251FAL3, STM32MP253AAI3, STM32MP253AAJ3, STM32MP253AAK3, STM32MP253AAL3, STM32MP253CAI3, STM32MP253CAJ3, STM32MP253CAK3, STM32MP253CAL3, STM32MP253DAI3, STM32MP253DAJ3, STM32MP253DAK3, STM32MP253DAL3, STM32MP253FAI3, STM32MP253FAJ3, STM32MP253FAK3, STM32MP253FAL3, STM32MP255AAI3, STM32MP255AAJ3, STM32MP255AAK3, STM32MP255AAL3, STM32MP255CAI3, STM32MP255CAJ3, STM32MP255CAK3, STM32MP255CAL3, STM32MP255DAI3, STM32MP255DAJ3, STM32MP255DAK3, STM32MP255DAL3, STM32MP255FAI3, STM32MP255FAJ3, STM32MP255FAK3, STM32MP255FAL3, STM32MP257AAI3, STM32MP257AAJ3, STM32MP257AAK3, STM32MP257AAL3, STM32MP257CAI3, STM32MP257CAJ3, STM32MP257CAK3, STM32MP257CAL3, STM32MP257DAI3, STM32MP257DAJ3, STM32MP257DAK3, STM32MP257DAL3, STM32MP257F-DK, STM32MP257F-EV1, STM32MP257FAI3, STM32MP257FAJ3, STM32MP257FAK3, STM32MP257FAL3, STM32N645A0H3Q, STM32N645B0H3Q, STM32N645I0H3Q, STM32N645L0H3Q, STM32N645X0H3Q, STM32N645Z0H3Q, STM32N647A0H3Q, STM32N647B0H3Q, STM32N647I0H3Q, STM32N647L0H3Q, STM32N647X0H3Q, STM32N647Z0H3Q, STM32N655A0H3Q, STM32N655B0H3Q, STM32N655I0H3Q, STM32N655L0H3Q, STM32N655X0H3Q, STM32N655Z0H3Q, STM32N6570-DK, STM32N657A0H3Q, STM32N657B0H3Q, STM32N657I0H3Q, STM32N657L0H3Q, STM32N657X0H3Q, STM32N657Z0H3Q, STM32U031C6T6, STM32U031C6U6, STM32U031C8T6, STM32U031C8U6, STM32U031F4P6, STM32U031F6P6, STM32U031F8P6, STM32U031G6Y6TR, STM32U031G8Y6TR, STM32U031K4U6, STM32U031K6U6, STM32U031K8U6, STM32U031R6I6, STM32U031R6T6, STM32U031R8I6, STM32U031R8T6, STM32U073C8T6, STM32U073C8U6, STM32U073CBT6, STM32U073CBU6, STM32U073CCT6, STM32U073CCU6, STM32U073H8Y6TR, STM32U073HBY6TR, STM32U073HCY6TR, STM32U073K8U6, STM32U073KBU6, STM32U073KCU6, STM32U073M8I6, STM32U073M8T6, STM32U073MBI6, STM32U073MBT6, STM32U073MCI6, STM32U073MCT6, STM32U073R8I6, STM32U073R8T6, STM32U073RBI6, STM32U073RBT6, STM32U073RCI6, STM32U073RCT6, STM32U083C-DK, STM32U083CCT6, STM32U083CCU6, STM32U083HCY6TR, STM32U083KCU6, STM32U083MCI6, STM32U083MCT6, STM32U083RCI6, STM32U083RCT6, STM32U375CET6, STM32U375CET6Q, STM32U375CEU6, STM32U375CEU6Q, STM32U375CEY6QTR, STM32U375CGT6, STM32U375CGT6Q, STM32U375CGU6, STM32U375CGU6Q, STM32U375CGY6QTR, STM32U375KEU6, STM32U375KGU6, STM32U375REI6, STM32U375REI6Q, STM32U375RET6, STM32U375RET6Q, STM32U375REY6GTR, STM32U375REY6QTR, STM32U375RGI6, STM32U375RGI6Q, STM32U375RGT6, STM32U375RGT6Q, STM32U375RGY6GTR, STM32U375RGY6QTR, STM32U375VEI6, STM32U375VEI6Q, STM32U375VET6, STM32U375VET6Q, STM32U375VGI6, STM32U375VGI6Q, STM32U375VGT6, STM32U375VGT6Q, STM32U385CGT6, STM32U385CGT6Q, STM32U385CGU6, STM32U385CGU6Q, STM32U385CGY6QTR, STM32U385KGU6, STM32U385RGI6, STM32U385RGI6Q, STM32U385RGT6, STM32U385RGT6Q, STM32U385RGY6GTR, STM32U385RGY6QTR, STM32U385VGI6, STM32U385VGI6Q, STM32U385VGT6, STM32U385VGT6Q, STM32U535CBT6, STM32U535CBT6Q, STM32U535CBU6, STM32U535CBU6Q, STM32U535CCT6, STM32U535CCT6Q, STM32U535CCU6, STM32U535CCU6Q, STM32U535CET6, STM32U535CET6Q, STM32U535CEU6, STM32U535CEU6Q, STM32U535JEY6QTR, STM32U535NCY6QTR, STM32U535NEY6QTR, STM32U535RBI6, STM32U535RBI6Q, STM32U535RBT6, STM32U535RBT6Q, STM32U535RCI6, STM32U535RCI6Q, STM32U535RCT6, STM32U535RCT6Q, STM32U535REI6, STM32U535REI6Q, STM32U535RET6, STM32U535RET6Q, STM32U535VCI6, STM32U535VCI6Q, STM32U535VCT6, STM32U535VCT6Q, STM32U535VEI6, STM32U535VEI6Q, STM32U535VET6, STM32U535VET6Q, STM32U545CET6, STM32U545CET6Q, STM32U545CEU6, STM32U545CEU6Q, STM32U545JEY6QTR, STM32U545NEY6QTR, STM32U545REI6, STM32U545REI6Q, STM32U545RET6, STM32U545RET6Q, STM32U545VEI6, STM32U545VEI6Q, STM32U545VET6, STM32U545VET6Q, STM32U595AIH6, STM32U595AIH6Q, STM32U595AJH6, STM32U595AJH6Q, STM32U595QII6, STM32U595QII6Q, STM32U595QJI6, STM32U595QJI6Q, STM32U595RIT6, STM32U595RIT6Q, STM32U595RJT6, STM32U595RJT6Q, STM32U595VIT6, STM32U595VIT6Q, STM32U595VJT6, STM32U595VJT6Q, STM32U595ZIT6, STM32U595ZIT6Q, STM32U595ZIY6QTR, STM32U595ZJT6, STM32U595ZJT6Q, STM32U595ZJY6QTR, STM32U599BJY6QTR, STM32U599NIH6Q, STM32U599NJH6Q, STM32U599VIT6Q, STM32U599VJT6, STM32U599VJT6Q, STM32U599ZIT6Q, STM32U599ZIY6QTR, STM32U599ZJT6Q, STM32U599ZJY6QTR, STM32U5A5AJH6, STM32U5A5AJH6Q, STM32U5A5QII3Q , STM32U5A5QJI6, STM32U5A5QJI6Q, STM32U5A5RJT6, STM32U5A5RJT6Q, STM32U5A5VJT6, STM32U5A5VJT6Q, STM32U5A5ZJT6, STM32U5A5ZJT6Q, STM32U5A5ZJY6QTR, STM32U5A9BJY6QTR, STM32U5A9J-DK, STM32U5A9NJH6Q, STM32U5A9VJT6Q, STM32U5A9ZJT6Q, STM32U5A9ZJY6QTR, STM32U5F7VIT6, STM32U5F7VIT6Q, STM32U5F7VJT6, STM32U5F7VJT6Q, STM32U5F9BJY6QTR, STM32U5F9NJH6Q, STM32U5F9VIT6Q, STM32U5F9VJT6Q, STM32U5F9ZIJ6QTR, STM32U5F9ZIT6Q, STM32U5F9ZJJ6QTR, STM32U5F9ZJT6Q, STM32U5G7VJT6, STM32U5G7VJT6Q, STM32U5G9BJY6QTR, STM32U5G9J-DK1, STM32U5G9J-DK2, STM32U5G9NJH6Q, STM32U5G9VJT6Q, STM32U5G9ZJJ6QTR, STM32U5G9ZJT6Q, STM32WB05KZV6TR, STM32WB05KZV7TR, STM32WB05TZF6TR, STM32WB05TZF7TR, STM32WB06CCF6TR, STM32WB06CCF7TR, STM32WB06CCV6TR, STM32WB06CCV7TR, STM32WB06KCV6TR, STM32WB06KCV7TR, STM32WB07CCF6TR, STM32WB07CCF7TR, STM32WB07CCV6TR, STM32WB07CCV7TR, STM32WB07KCV6TR, STM32WB07KCV7TR, STM32WB09KEV6TR, STM32WB09KEV7TR, STM32WB09TEF6TR, STM32WB09TEF7TR, STM32WB1MMCH6, STM32WBA50KGU6, STM32WBA50KGU6TR, STM32WBA52CEU6, STM32WBA52CEU6TR, STM32WBA52CEU7, STM32WBA52CEU7TR, STM32WBA52CGU6, STM32WBA52CGU6TR, STM32WBA52CGU6U, STM32WBA52CGU7, STM32WBA52CGU7TR, STM32WBA52KEU6, STM32WBA52KEU6TR, STM32WBA52KGU6, STM32WBA52KGU6TR, STM32WBA54CEU6, STM32WBA54CEU6TR, STM32WBA54CEU7, STM32WBA54CEU7TR, STM32WBA54CGU6, STM32WBA54CGU6TR, STM32WBA54CGU7, STM32WBA54CGU7TR, STM32WBA54KEU6, STM32WBA54KEU6TR, STM32WBA54KEU7, STM32WBA54KEU7TR, STM32WBA54KGU6, STM32WBA54KGU6TR, STM32WBA54KGU7, STM32WBA54KGU7TR, STM32WBA55CEU6, STM32WBA55CEU6TR, STM32WBA55CEU7, STM32WBA55CEU7TR, STM32WBA55CGU6, STM32WBA55CGU6TR, STM32WBA55CGU6U, STM32WBA55CGU7, STM32WBA55CGU7TR, STM32WBA55G-DK1, STM32WBA55HEF6, STM32WBA55HEF7, STM32WBA55HGF6, STM32WBA55HGF7, STM32WBA55UEI6, STM32WBA55UEI6TR, STM32WBA55UEI7, STM32WBA55UEI7TR, STM32WBA55UGI6, STM32WBA55UGI6TR, STM32WBA55UGI7, STM32WBA55UGI7TR, STM32WBA5MJGH6TR, STM32WBA62CGU6, STM32WBA62CIU6, STM32WBA62MGF6, STM32WBA62MIF6, STM32WBA62PGI6, STM32WBA62PII6, STM32WBA63CGU6, STM32WBA63CGU7, STM32WBA63CIU6, STM32WBA63CIU7, STM32WBA64CGU6, STM32WBA64CGU7, STM32WBA64CIU6, STM32WBA64CIU7, STM32WBA65CGU6, STM32WBA65CGU7, STM32WBA65CIU6, STM32WBA65CIU7, STM32WBA65I-DK1, STM32WBA65MGF6, STM32WBA65MGF7, STM32WBA65MIF6, STM32WBA65MIF7, STM32WBA65PGI6, STM32WBA65PGI7, STM32WBA65PII6, STM32WBA65PII7, STM32WBA65RGV6, STM32WBA65RGV7, STM32WBA65RIV6, STM32WBA65RIV7, STM32WL30K8V6, STM32WL30KBV6, STM32WL31C8V6, STM32WL31CBV6, STM32WL31K8V6, STM32WL31KBV6, STM32WL33C8V6, STM32WL33C8V6TR, STM32WL33C8V7, STM32WL33C8V7TR, STM32WL33CBV6, STM32WL33CBV6TR, STM32WL33CBV7, STM32WL33CBV7TR, STM32WL33CCV6, STM32WL33CCV6TR, STM32WL33CCV7, STM32WL33CCV7A, STM32WL33CCV7ATR, STM32WL33CCV7TR, STM32WL33K8V6, STM32WL33K8V6TR, STM32WL33K8V7, STM32WL33K8V7TR, STM32WL33KBV6, STM32WL33KBV6TR, STM32WL33KBV7, STM32WL33KBV7TR, STM32WL33KCV6, STM32WL33KCV6TR, STM32WL33KCV7, STM32WL33KCV7TR, STM32WL5MOCH6, STM32WL5MOCH6TR]
2025-09-30 20:49:10,376 [INFO] BoardInfo:889 - No configuration file found for board P-NUCLEO-WB55
2025-09-30 20:49:10,379 [INFO] DbBoards:161 - Kit is not supported: P-NUCLEO-WB55
2025-09-30 20:49:10,390 [INFO] BoardInfo:889 - No configuration file found for board STEVAL-BFA001V1B
2025-09-30 20:49:10,393 [INFO] DbBoards:161 - Kit is not supported: STEVAL-BFA001V1B
2025-09-30 20:49:10,395 [INFO] BoardInfo:889 - No configuration file found for board STEVAL-BFA001V2B
2025-09-30 20:49:10,397 [INFO] DbBoards:161 - Kit is not supported: STEVAL-BFA001V2B
2025-09-30 20:49:10,770 [INFO] DbBoards:168 - Found 211 boards, 208 are supported
2025-09-30 20:49:10,770 [INFO] DbBoards:169 - Found 211 boards, 43 of them is supported for  Bsp
2025-09-30 20:49:10,774 [INFO] ApiDb:423 - Load user favorites file C:\Users\User/.stm32cubeide/favorites.boards.txt: 0 item(s)
2025-09-30 20:49:10,774 [INFO] ApiDb:427 - User favorites Boards=[]
2025-09-30 20:49:10,774 [INFO] DbBoards:198 - Set 0 / 0 favorites Boards
2025-09-30 20:49:10,796 [INFO] LoadUrlFilesThread:185 - End of LoadServerUrlFiles without Thread
2025-09-30 20:49:10,796 [INFO] TargetSelectorAdapter:259 - Refresh data is successful
2025-09-30 20:49:10,800 [INFO] ApiDb:668 - CubeFinder database Data Model version=2.1
2025-09-30 20:49:10,800 [INFO] ApiDb:669 - CubeFinder database Configuration version=3.0.39
2025-09-30 20:49:10,800 [INFO] ApiDb:670 - CubeFinder database generation date=2025-08-25 (1756130511)
2025-09-30 20:49:10,800 [INFO] ApiDb:671 - CubeFinder database FW Pack versions=[FP-ATR-ASTRA1_V2.0.0, FP-SNS-FLIGHT1_V5.1.0, FP-SNS-MOTENV1_V5.0.0, FP-SNS-MOTENVWB1_V1.4.0, FP-SNS-SMARTAG2_V1.2.0, FP-SNS-STBOX1_V2.1.0, STM32Cube_FW_C0_V1.4.0, STM32Cube_FW_F4_V1.28.3, STM32Cube_FW_F7_V1.17.4, STM32Cube_FW_G0_V1.6.2, STM32Cube_FW_G4_V1.6.1, STM32Cube_FW_H5_V1.5.0, STM32Cube_FW_H7RS_V1.2.0, STM32Cube_FW_H7_V1.12.1, STM32Cube_FW_L0_V1.12.2, STM32Cube_FW_L4_V1.18.1, STM32Cube_FW_L5_V1.5.1, STM32Cube_FW_N6_V1.2.0, STM32Cube_FW_U0_V1.3.0, STM32Cube_FW_U3_V1.2.0, STM32Cube_FW_U5_V1.8.0, STM32Cube_FW_WB0_V1.3.0, STM32Cube_FW_WBA_V1.7.0, STM32Cube_FW_WB_V1.23.0, STM32Cube_FW_WL3_V1.2.0, STM32Cube_FW_WL_V1.3.1, X-CUBE-ALGOBUILD_V1.4.0, X-CUBE-ALS_V1.0.2, X-CUBE-AZRTOS-F4_V1.1.0, X-CUBE-AZRTOS-F7_V1.1.0, X-CUBE-AZRTOS-G0_V1.1.0, X-CUBE-AZRTOS-G4_V2.0.0, X-CUBE-AZRTOS-H7RS_V1.1.0, X-CUBE-AZRTOS-H7_V3.4.0, X-CUBE-AZRTOS-L4_V2.0.0, X-CUBE-AZRTOS-L5_V2.0.0, X-CUBE-AZRTOS-WB_V2.0.0, X-CUBE-AZRTOS-WL_V2.0.0, X-CUBE-BLE1_V7.1.0, X-CUBE-BLE2_V3.3.0, X-CUBE-BLEMGR_V4.1.0, X-CUBE-EEPRMA1_V5.2.0, X-CUBE-FREERTOS_V1.3.1, X-CUBE-GNSS1_V6.0.0, X-CUBE-MEMS1_V11.3.0, X-CUBE-NFC4_V3.0.0, X-CUBE-NFC7_V2.0.0, X-CUBE-SFXS2LP1_V4.0.0, X-CUBE-ST67W61_V1.0.0, X-CUBE-SUBG2_V5.0.0, X-CUBE-TOF1_V3.4.3]
2025-09-30 20:49:11,531 [ERROR] DbExamplesSqlite:437 - Missing JSON key: board_cpn
2025-09-30 20:49:11,532 [ERROR] DbExamplesSqlite:437 - Missing JSON key: board_cpn
2025-09-30 20:49:11,532 [ERROR] DbExamplesSqlite:437 - Missing JSON key: board_cpn
2025-09-30 20:49:11,532 [ERROR] DbExamplesSqlite:437 - Missing JSON key: board_cpn
2025-09-30 20:49:11,888 [ERROR] DbExamplesSqlite:437 - Missing JSON key: board_cpn
2025-09-30 20:49:11,888 [ERROR] DbExamplesSqlite:437 - Missing JSON key: board_cpn
2025-09-30 20:49:11,892 [INFO] DbExamplesSqlite:395 - Ignored 33 examples not supported by CubeIDE
2025-09-30 20:49:11,892 [INFO] DbExamplesSqlite:396 - Found 10871 examples active
2025-09-30 20:49:11,893 [INFO] DbExamplesSqlite:397 - Found 0 examples obsolete
2025-09-30 20:49:11,893 [INFO] DbExamplesSqlite:398 - Found 0 examples under development
2025-09-30 20:49:11,894 [INFO] DbExamplesSqlite:399 - Found 65 examples not building
2025-09-30 20:49:11,896 [INFO] DbExamples:125 - Found 10903 examples
2025-09-30 20:49:11,913 [INFO] DbExamples:222 - Found 134 boards with related examples
2025-09-30 20:49:11,914 [INFO] DbExamples:235 - Found 111 MCUs with related examples
2025-09-30 20:49:11,940 [INFO] ApiDb:423 - Load user favorites file C:\Users\User/.stm32cubeide/favorites.examples.txt: 0 item(s)
2025-09-30 20:49:11,941 [INFO] ApiDb:427 - User favorites Examples=[]
2025-09-30 20:49:11,941 [INFO] DbExamples:250 - Set 0 / 0 favorites Examples
2025-09-30 20:49:12,173 [INFO] McuFinderGlobals:76 - Set McuFinderConnectedMode to true
2025-09-30 20:49:12,190 [INFO] MultiScanPanel:200 - Auto-refresh data requested => check proxy status ongoing
2025-09-30 20:49:12,195 [INFO] FinderPluginLoader:95 - Searching for filters in installed packs
2025-09-30 20:49:14,764 [INFO] LoadUrlFilesThread:185 - End of LoadServerUrlFiles without Thread
2025-09-30 20:49:14,959 [INFO] DetailPanel:341 - Set advertising image to C:/Users/User/STM32Cube/Repository/\en.2400x1350px.jpeg
2025-09-30 20:49:55,172 [INFO] WebApp:194 - Connection lost
2025-09-30 20:49:55,753 [INFO] WebApp:191 - Connection restablished
2025-09-30 20:50:29,348 [INFO] UtilMem:75 - End SaveConfig() Used Memory: 1036870320 Bytes (1073741824)
2025-09-30 20:50:33,644 [INFO] UtilMem:75 - End SaveConfig() Used Memory: 1053196848 Bytes (1073741824)
2025-09-30 20:50:34,880 [INFO] UtilMem:75 - End SaveConfig() Used Memory: 898208072 Bytes (1073741824)
2025-09-30 20:50:36,238 [INFO] BlockDiagram:2775 - set Specific Code input for plugin: NVIC
2025-09-30 20:50:36,239 [INFO] BlockDiagram:2775 - set Specific Code input for plugin: USART
2025-09-30 20:50:36,239 [INFO] BlockDiagram:2775 - set Specific Code input for plugin: SYS
2025-09-30 20:50:36,240 [INFO] BlockDiagram:2775 - set Specific Code input for plugin: GPIO
2025-09-30 20:50:36,240 [INFO] BlockDiagram:2775 - set Specific Code input for plugin: ADC
2025-09-30 20:50:36,241 [INFO] BlockDiagram:2775 - set Specific Code input for plugin: RCC
2025-09-30 20:50:36,243 [INFO] CodeGenerator:882 - code generatio: config db path: C:\ST\STM32CubeIDE_1.18.0\STM32CubeIDE\plugins\com.st.stm32cube.common.mx_6.14.1.202504091515\\db\
2025-09-30 20:50:36,770 [INFO] CodeEngine:263 - oldGeneratedFile, C:\GIT\AULASFATEC_2025_1\Codigo_das_aulas\BP_LER_ADC\MXTmpFiles\license.tmp_save
2025-09-30 20:50:37,783 [INFO] CodeEngine:287 - Generated code: C:\GIT\AULASFATEC_2025_1\Codigo_das_aulas\BP_LER_ADC\MXTmpFiles\license.tmp
2025-09-30 20:50:38,014 [INFO] CodeEngine:263 - oldGeneratedFile, C:\GIT\AULASFATEC_2025_1\Codigo_das_aulas\BP_LER_ADC\MXTmpFiles\gpio.tmp_save
2025-09-30 20:50:38,366 [INFO] CodeEngine:287 - Generated code: C:\GIT\AULASFATEC_2025_1\Codigo_das_aulas\BP_LER_ADC\MXTmpFiles\gpio.tmp
2025-09-30 20:50:38,639 [INFO] CodeEngine:263 - oldGeneratedFile, C:\GIT\AULASFATEC_2025_1\Codigo_das_aulas\BP_LER_ADC\Core\Src\stm32f1xx_it.c_save
2025-09-30 20:50:38,932 [INFO] CodeEngine:287 - Generated code: C:\GIT\AULASFATEC_2025_1\Codigo_das_aulas\BP_LER_ADC\Core\Src\stm32f1xx_it.c
2025-09-30 20:50:38,953 [INFO] CodeEngine:263 - oldGeneratedFile, C:\GIT\AULASFATEC_2025_1\Codigo_das_aulas\BP_LER_ADC\Core\Inc\stm32f1xx_it.h_save
2025-09-30 20:50:39,166 [INFO] CodeEngine:287 - Generated code: C:\GIT\AULASFATEC_2025_1\Codigo_das_aulas\BP_LER_ADC\Core\Inc\stm32f1xx_it.h
2025-09-30 20:50:39,221 [INFO] CodeEngine:263 - oldGeneratedFile, C:\GIT\AULASFATEC_2025_1\Codigo_das_aulas\BP_LER_ADC\Core\Src\stm32f1xx_hal_msp.c_save
2025-09-30 20:50:39,560 [INFO] CodeEngine:287 - Generated code: C:\GIT\AULASFATEC_2025_1\Codigo_das_aulas\BP_LER_ADC\Core\Src\stm32f1xx_hal_msp.c
2025-09-30 20:50:39,574 [INFO] CodeEngine:263 - oldGeneratedFile, C:\GIT\AULASFATEC_2025_1\Codigo_das_aulas\BP_LER_ADC\MXTmpFiles\system.tmp_save
2025-09-30 20:50:39,705 [INFO] CodeEngine:287 - Generated code: C:\GIT\AULASFATEC_2025_1\Codigo_das_aulas\BP_LER_ADC\MXTmpFiles\system.tmp
2025-09-30 20:50:39,742 [INFO] CodeEngine:319 - oldGeneratedFile, C:\GIT\AULASFATEC_2025_1\Codigo_das_aulas\BP_LER_ADC\Core\Inc\stm32f1xx_hal_conf.h_save
2025-09-30 20:50:39,875 [INFO] CodeEngine:343 - Generated code: C:\GIT\AULASFATEC_2025_1\Codigo_das_aulas\BP_LER_ADC\Core\Inc\stm32f1xx_hal_conf.h
2025-09-30 20:50:39,949 [INFO] ApiDbMcu:508 - Load IP Config File for ADC1
2025-09-30 20:50:39,956 [INFO] ApiDbMcu:508 - Load IP Config File for USART1
2025-09-30 20:50:39,962 [INFO] ApiDbMcu:508 - Load IP Config File for RCC
2025-09-30 20:50:39,995 [INFO] CodeEngine:263 - oldGeneratedFile, C:\GIT\AULASFATEC_2025_1\Codigo_das_aulas\BP_LER_ADC\Core\Inc\main.h_save
2025-09-30 20:50:40,217 [INFO] CodeEngine:287 - Generated code: C:\GIT\AULASFATEC_2025_1\Codigo_das_aulas\BP_LER_ADC\Core\Inc\main.h
2025-09-30 20:50:40,238 [INFO] CodeEngine:263 - oldGeneratedFile, C:\GIT\AULASFATEC_2025_1\Codigo_das_aulas\BP_LER_ADC\Core\Src\main.c_save
2025-09-30 20:50:40,560 [INFO] CodeEngine:287 - Generated code: C:\GIT\AULASFATEC_2025_1\Codigo_das_aulas\BP_LER_ADC\Core\Src\main.c
2025-09-30 20:50:41,482 [INFO] ProjectBuilder:3324 - Time for Copy HAL[1] : 507mS.
2025-09-30 20:50:41,493 [INFO] ProjectBuilder:4912 - Project Generator version: 4.6.0.1-B1
2025-09-30 20:50:41,673 [INFO] ConfigFileManager:1590 - The Die is : DIE410
2025-09-30 20:50:42,027 [INFO] ApiDbMcu:508 - Load IP Config File for FATFS
2025-09-30 20:50:42,054 [INFO] ApiDbMcu:508 - Load IP Config File for FREERTOS
2025-09-30 20:50:42,086 [INFO] ApiDbMcu:508 - Load IP Config File for USB_DEVICE
2025-09-30 20:50:42,950 [INFO] LogOutputStream:77 - [STDOUT_REDIRECT] 
2025-09-30 20:50:45,676 [INFO] ProjectBuilder:5191 - Time for Generating toolchain IDE Files: 4182mS.
2025-09-30 20:50:45,679 [INFO] ProjectBuilder:3181 - Time for Copy CMSIS : 1mS.
2025-09-30 20:50:45,689 [INFO] ProjectBuilder:3181 - Time for Copy CMSIS : 0mS.
2025-09-30 20:50:46,824 [INFO] MainUpdater:2872 - connection check result : 10
2025-09-30 20:50:46,824 [INFO] MainUpdater:2872 - connection check result : 10
2025-09-30 20:50:46,920 [INFO] MicroXplorer:468 - Change Database Path : 
2025-09-30 20:50:46,920 [INFO] MicroXplorer:498 - Change Database Version : DB.6.0.141
2025-09-30 20:50:47,048 [ERROR] ProjectManagerView:395 - 
java.lang.NullPointerException: Cannot invoke "javax.swing.JTextField.getText()" because the return value of "java.util.List.get(int)" is null
	at com.st.microxplorer.plugins.projectmanager.gui.ProjectChoiceTab$9.caretUpdate(ProjectChoiceTab.java:2678) ~[filemanager.jar:?]
	at javax.swing.text.JTextComponent.fireCaretUpdate(JTextComponent.java:408) ~[?:?]
	at javax.swing.text.JTextComponent$MutableCaretEvent.fire(JTextComponent.java:4484) ~[?:?]
	at javax.swing.text.JTextComponent$MutableCaretEvent.stateChanged(JTextComponent.java:4506) ~[?:?]
	at javax.swing.text.DefaultCaret.fireStateChanged(DefaultCaret.java:857) ~[?:?]
	at javax.swing.text.DefaultCaret.changeCaretPosition(DefaultCaret.java:1343) ~[?:?]
	at javax.swing.text.DefaultCaret.handleSetDot(DefaultCaret.java:1242) ~[?:?]
	at javax.swing.text.DefaultCaret.setDot(DefaultCaret.java:1223) ~[?:?]
	at javax.swing.text.DefaultCaret$Handler.insertUpdate(DefaultCaret.java:1819) ~[?:?]
	at javax.swing.text.AbstractDocument.fireInsertUpdate(AbstractDocument.java:227) ~[?:?]
	at javax.swing.text.AbstractDocument.handleInsertString(AbstractDocument.java:781) ~[?:?]
	at javax.swing.text.AbstractDocument.insertString(AbstractDocument.java:740) ~[?:?]
	at javax.swing.text.PlainDocument.insertString(PlainDocument.java:131) ~[?:?]
	at javax.swing.text.AbstractDocument.replace(AbstractDocument.java:699) ~[?:?]
	at javax.swing.text.JTextComponent.setText(JTextComponent.java:1725) ~[?:?]
	at com.st.microxplorer.plugins.projectmanager.gui.ProjectChoiceTab.createHeapStackFields(ProjectChoiceTab.java:979) ~[filemanager.jar:?]
	at com.st.microxplorer.plugins.projectmanager.gui.ProjectChoiceTab.buildLinkSettingsPanel(ProjectChoiceTab.java:3766) ~[filemanager.jar:?]
	at com.st.microxplorer.plugins.projectmanager.gui.ProjectChoiceTab.defineWindowsFields(ProjectChoiceTab.java:1962) ~[filemanager.jar:?]
	at com.st.microxplorer.plugins.projectmanager.gui.ProjectChoiceTab.updateSettings(ProjectChoiceTab.java:555) ~[filemanager.jar:?]
	at com.st.microxplorer.plugins.projectmanager.gui.ProjectSettingsPanel.UpdateDialog(ProjectSettingsPanel.java:245) ~[filemanager.jar:?]
	at com.st.microxplorer.plugins.projectmanager.ProjectManagerView.propertyChange(ProjectManagerView.java:392) ~[filemanager.jar:?]
	at java.beans.PropertyChangeSupport.fire(PropertyChangeSupport.java:343) ~[?:?]
	at java.beans.PropertyChangeSupport.firePropertyChange(PropertyChangeSupport.java:335) ~[?:?]
	at java.beans.PropertyChangeSupport.firePropertyChange(PropertyChangeSupport.java:268) ~[?:?]
	at com.st.microxplorer.util.MXPropertyChangeSupport.firePropertyChange(MXPropertyChangeSupport.java:54) ~[STM32CubeMX.jar:?]
	at com.st.microxplorer.mxsystem.MxSystem.closeConfig(MxSystem.java:899) ~[STM32CubeMX.jar:?]
	at com.st.microxplorer.maingui.MainPanel.closeConfig(MainPanel.java:789) ~[STM32CubeMX.jar:?]
	at com.st.microxplorer.plugins.filemanager.engine.OpenFileManager.loadConfigurationFile(OpenFileManager.java:287) ~[filemanager.jar:?]
	at com.st.microxplorer.plugins.filemanager.engine.MainFileManager.userLoadConfig(MainFileManager.java:341) ~[filemanager.jar:?]
	at com.st.microxplorer.plugins.filemanager.engine.MainFileManager.userLoadConfig(MainFileManager.java:319) ~[filemanager.jar:?]
	at com.st.microxplorer.plugins.filemanager.FileManagerView.getSpecificTask(FileManagerView.java:246) ~[filemanager.jar:?]
	at com.st.stm32cube.common.mx.editor.CubeMxEditor.getMxTabbedPaneInstance(CubeMxEditor.java:1198) ~[com.st.stm32cube.common.mx_6.14.1.202504091515/:?]
	at com.st.stm32cube.common.mx.editor.CubeMxEditor$12$1.createSwingComponent(CubeMxEditor.java:1068) ~[com.st.stm32cube.common.mx_6.14.1.202504091515/:?]
	at com.st.stm32cube.common.mx.oss.core.awtswtbridge.EmbeddedSwingComposite.doComponentCreation(EmbeddedSwingComposite.java:492) ~[com.st.stm32cube.common.mx.oss_6.14.1.202504091515/:?]
	at com.st.stm32cube.common.mx.oss.core.awtswtbridge.EmbeddedSwingComposite$4.run(EmbeddedSwingComposite.java:291) ~[com.st.stm32cube.common.mx.oss_6.14.1.202504091515/:?]
	at com.st.stm32cube.common.mx.oss.core.awtswtbridge.AwtEnvironment$2.run(AwtEnvironment.java:166) ~[com.st.stm32cube.common.mx.oss_6.14.1.202504091515/:?]
	at java.awt.event.InvocationEvent.dispatch(InvocationEvent.java:318) ~[?:?]
	at java.awt.EventQueue.dispatchEventImpl(EventQueue.java:773) ~[?:?]
	at java.awt.EventQueue$4.run(EventQueue.java:720) ~[?:?]
	at java.awt.EventQueue$4.run(EventQueue.java:714) ~[?:?]
	at java.security.AccessController.doPrivileged(AccessController.java:400) ~[?:?]
	at java.security.ProtectionDomain$JavaSecurityAccessImpl.doIntersectionPrivilege(ProtectionDomain.java:87) ~[?:?]
	at java.awt.EventQueue.dispatchEvent(EventQueue.java:742) ~[?:?]
	at java.awt.EventDispatchThread.pumpOneEventForFilters(EventDispatchThread.java:203) ~[?:?]
	at java.awt.EventDispatchThread.pumpEventsForFilter(EventDispatchThread.java:124) ~[?:?]
	at java.awt.EventDispatchThread.pumpEventsForHierarchy(EventDispatchThread.java:113) ~[?:?]
	at java.awt.EventDispatchThread.pumpEvents(EventDispatchThread.java:109) ~[?:?]
	at java.awt.EventDispatchThread.pumpEvents(EventDispatchThread.java:101) ~[?:?]
	at java.awt.EventDispatchThread.run(EventDispatchThread.java:90) ~[?:?]
2025-09-30 20:50:47,132 [WARN] ThirdParty:871 - waiting for thirdparty lock release [close project]
2025-09-30 20:50:47,133 [INFO] ThirdParty:873 - entering critical section [close project]
2025-09-30 20:50:47,133 [INFO] ThirdParty:883 - exiting critical section [close project]
2025-09-30 20:50:47,139 [INFO] PinOutPanel:1589 - setPackage(No Configuration,No Configuration)
2025-09-30 20:50:47,181 [INFO] UtilMem:75 - Begin LoadConfig() Used Memory: 744631832 Bytes (1073741824)
2025-09-30 20:50:47,184 [INFO] MicroXplorer:468 - Change Database Path : 
2025-09-30 20:50:47,185 [INFO] MicroXplorer:498 - Change Database Version : DB.6.0.141
2025-09-30 20:50:47,185 [INFO] OpenFileManager:354 - Change cursor
2025-09-30 20:50:47,260 [INFO] RulesReader:64 - Compatibility file has been processed (302 Rules)
2025-09-30 20:50:47,773 [INFO] Mcu:2011 - Initializing MCU STM32F103C8Tx STM32F103C8Tx STM32F103C8T6
2025-09-30 20:50:49,382 [INFO] Context:756 - Trying to add GPIOservice into a context  which must be forbidden
2025-09-30 20:50:49,769 [INFO] ImportTextPane:218 - (OptionalMessage_ERROR) Unable to find key (Mcu.ThirdPartyNb) in loaded IOC file
2025-09-30 20:50:49,769 [INFO] ImportTextPane:218 - (OptionalMessage_ERROR) Unable to find key (Mcu.PinsNb) in loaded IOC file
2025-09-30 20:50:49,770 [INFO] ImportTextPane:218 - (OptionalMessage_ERROR) Pin0 (VP_RIF_VS_RIF1) cannot be retrieved for this MCU
2025-09-30 20:50:49,770 [INFO] ImportTextPane:218 - (OptionalMessage_ERROR) Unable to find key (Mcu.IPNb) in loaded IOC file
2025-09-30 20:50:50,091 [INFO] RtosManager:558 - Registered RTOS mode: class=CMSIS, group=RTOS, mode=CMSIS_V1, owner=FREERTOS
2025-09-30 20:50:50,096 [INFO] RtosManager:558 - Registered RTOS mode: class=CMSIS, group=RTOS2, mode=CMSIS_V2, owner=FREERTOS
2025-09-30 20:50:50,097 [INFO] RtosManager:558 - Registered RTOS mode: class=RTOS, group=Core, mode=CMSIS_V1, owner=FREERTOS
2025-09-30 20:50:50,097 [INFO] RtosManager:558 - Registered RTOS mode: class=RTOS, group=Core, mode=CMSIS_V2, owner=FREERTOS
2025-09-30 20:50:50,097 [WARN] ModelIntegratedComponent:184 - Missing modes for component STMicroelectronics:FreeRTOS:0.0.1:STMicroelectronics:RTOS:FreeRTOS:Core:::10.2.0:
2025-09-30 20:50:50,117 [WARN] ModelIntegratedComponent:63 - No mode defined for component null
2025-09-30 20:50:50,118 [WARN] ModelIntegratedComponent:63 - No mode defined for component null
2025-09-30 20:50:50,118 [WARN] ModelIntegratedComponent:63 - No mode defined for component null
2025-09-30 20:50:50,118 [WARN] ModelIntegratedComponent:63 - No mode defined for component null
2025-09-30 20:50:50,118 [WARN] ModelIntegratedComponent:63 - No mode defined for component null
2025-09-30 20:50:50,118 [WARN] ModelIntegratedComponent:63 - No mode defined for component null
2025-09-30 20:50:50,119 [WARN] ModelIntegratedComponent:63 - No mode defined for component null
2025-09-30 20:50:50,119 [WARN] ModelIntegratedComponent:63 - No mode defined for component null
2025-09-30 20:50:50,119 [WARN] ModelIntegratedComponent:63 - No mode defined for component null
2025-09-30 20:50:50,119 [WARN] ModelIntegratedComponent:63 - No mode defined for component null
2025-09-30 20:50:50,120 [WARN] ModelIntegratedComponent:63 - No mode defined for component null
2025-09-30 20:50:50,120 [WARN] ModelIntegratedComponent:63 - No mode defined for component null
2025-09-30 20:50:50,120 [WARN] ModelIntegratedComponent:63 - No mode defined for component null
2025-09-30 20:50:50,120 [WARN] ModelIntegratedComponent:63 - No mode defined for component null
2025-09-30 20:50:50,120 [WARN] ModelIntegratedComponent:63 - No mode defined for component null
2025-09-30 20:50:50,120 [WARN] ModelIntegratedComponent:63 - No mode defined for component null
2025-09-30 20:50:50,120 [WARN] ModelIntegratedComponent:63 - No mode defined for component null
2025-09-30 20:50:50,120 [WARN] ModelIntegratedComponent:63 - No mode defined for component null
2025-09-30 20:50:50,120 [WARN] ModelIntegratedComponent:63 - No mode defined for component null
2025-09-30 20:50:50,121 [WARN] ModelIntegratedComponent:63 - No mode defined for component null
2025-09-30 20:50:50,121 [WARN] ModelIntegratedComponent:63 - No mode defined for component null
2025-09-30 20:50:50,121 [WARN] ModelIntegratedComponent:63 - No mode defined for component null
2025-09-30 20:50:50,121 [WARN] ModelIntegratedComponent:63 - No mode defined for component null
2025-09-30 20:50:50,121 [WARN] ModelIntegratedComponent:63 - No mode defined for component null
2025-09-30 20:50:50,121 [WARN] ModelIntegratedComponent:63 - No mode defined for component null
2025-09-30 20:50:50,121 [WARN] ModelIntegratedComponent:63 - No mode defined for component null
2025-09-30 20:50:50,121 [WARN] ModelIntegratedComponent:63 - No mode defined for component null
2025-09-30 20:50:50,122 [WARN] ModelIntegratedComponent:63 - No mode defined for component null
2025-09-30 20:50:50,122 [WARN] ModelIntegratedComponent:63 - No mode defined for component null
2025-09-30 20:50:50,122 [WARN] ModelIntegratedComponent:63 - No mode defined for component null
2025-09-30 20:50:50,122 [WARN] ModelIntegratedComponent:63 - No mode defined for component null
2025-09-30 20:50:50,122 [WARN] ModelIntegratedComponent:63 - No mode defined for component null
2025-09-30 20:50:50,122 [WARN] ModelIntegratedComponent:63 - No mode defined for component null
2025-09-30 20:50:50,122 [WARN] ModelIntegratedComponent:63 - No mode defined for component null
2025-09-30 20:50:50,122 [WARN] ModelIntegratedComponent:63 - No mode defined for component null
2025-09-30 20:50:50,123 [WARN] ModelPack:524 - Component already loaded: STMicroelectronics:HAL Drivers:0.0.0:STMicroelectronics:Device:STMicro_Driver:XSPI:HAL::0.0.1:HAL_XSPI
2025-09-30 20:50:51,107 [INFO] ThirdPartyModel:298 - Start build external matchings
2025-09-30 20:50:58,426 [INFO] ThirdPartyModel:316 - End build external matchings
2025-09-30 20:50:58,810 [INFO] UtilMem:75 - End LoadConfig() Used Memory: 997233832 Bytes (1073741824)
2025-09-30 20:50:58,845 [WARN] ThirdParty:833 - waiting for thirdparty lock release [change project]
2025-09-30 20:50:58,846 [INFO] ThirdParty:835 - entering critical section [change project]
2025-09-30 20:50:58,846 [INFO] ThirdParty:1030 - CMSIS Pack Vendor :STMicroelectronics X-CUBE-PM33A1 1.0.0
2025-09-30 20:50:58,846 [INFO] ThirdParty:1030 - CMSIS Pack Vendor :STMicroelectronics USBPD 4.1
2025-09-30 20:50:58,846 [INFO] ThirdParty:1030 - CMSIS Pack Vendor :STMicroelectronics X-CUBE-GNSS1 6.0.0
2025-09-30 20:50:58,846 [INFO] ThirdParty:1030 - CMSIS Pack Vendor :STMicroelectronics USB_HOST 2.0.0
2025-09-30 20:50:58,846 [INFO] ThirdParty:1030 - CMSIS Pack Vendor :STMicroelectronics FP-SNS-MOTENVWB1 1.4.0
2025-09-30 20:50:58,846 [INFO] ThirdParty:1030 - CMSIS Pack Vendor :STMicroelectronics X-CUBE-AZRTOS-F4 1.1.0
2025-09-30 20:50:58,847 [INFO] ThirdParty:1030 - CMSIS Pack Vendor :STMicroelectronics LIBJPEG 8.0.0
2025-09-30 20:50:58,847 [INFO] ThirdParty:1030 - CMSIS Pack Vendor :STMicroelectronics FP-ATR-ASTRA1 2.0.2
2025-09-30 20:50:58,847 [INFO] ThirdParty:1030 - CMSIS Pack Vendor :STMicroelectronics FP-ATR-ASTRA1 2.0.1
2025-09-30 20:50:58,847 [INFO] ThirdParty:1030 - CMSIS Pack Vendor :Avnet-IotConnect X-CUBE-IoTC-DA16k-PMOD 1.0.0
2025-09-30 20:50:58,847 [INFO] ThirdParty:1030 - CMSIS Pack Vendor :STMicroelectronics X-CUBE-SMBUS 2.1.0
2025-09-30 20:50:58,847 [INFO] ThirdParty:1030 - CMSIS Pack Vendor :STMicroelectronics X-CUBE-WB05N 1.1.0
2025-09-30 20:50:58,847 [INFO] ThirdParty:1030 - CMSIS Pack Vendor :STMicroelectronics X-CUBE-ISPU 2.1.0
2025-09-30 20:50:58,847 [INFO] ThirdParty:1030 - CMSIS Pack Vendor :STMicroelectronics X-CUBE-FREERTOS 1.2.0
2025-09-30 20:50:58,847 [INFO] ThirdParty:1030 - CMSIS Pack Vendor :STMicroelectronics X-CUBE-ST60 1.0.0
2025-09-30 20:50:58,847 [INFO] ThirdParty:1030 - CMSIS Pack Vendor :STMicroelectronics X-CUBE-TOUCHGFX 4.23.0
2025-09-30 20:50:58,847 [INFO] ThirdParty:1030 - CMSIS Pack Vendor :STMicroelectronics X-CUBE-NFC12 1.0.0
2025-09-30 20:50:58,847 [INFO] ThirdParty:1030 - CMSIS Pack Vendor :STMicroelectronics X-CUBE-TOUCHGFX 4.23.2
2025-09-30 20:50:58,848 [INFO] ThirdParty:1030 - CMSIS Pack Vendor :STMicroelectronics X-CUBE-AZRTOS-F7 1.1.0
2025-09-30 20:50:58,848 [INFO] ThirdParty:1030 - CMSIS Pack Vendor :STMicroelectronics X-CUBE-AZRTOS-L5 2.0.0
2025-09-30 20:50:58,848 [INFO] ThirdParty:1030 - CMSIS Pack Vendor :STMicroelectronics USB_DEVICE 2.0.0
2025-09-30 20:50:58,848 [INFO] ThirdParty:1030 - CMSIS Pack Vendor :STMicroelectronics X-CUBE-EEPRMA1 4.2.0
2025-09-30 20:50:58,848 [INFO] ThirdParty:1030 - CMSIS Pack Vendor :STMicroelectronics X-CUBE-NFC6 3.1.0
2025-09-30 20:50:58,848 [INFO] ThirdParty:1030 - CMSIS Pack Vendor :STMicroelectronics FP-SNS-MOTENV1 4.3.2
2025-09-30 20:50:58,848 [INFO] ThirdParty:1030 - CMSIS Pack Vendor :STMicroelectronics X-CUBE-MEMS1 11.0.0
2025-09-30 20:50:58,848 [INFO] ThirdParty:1030 - CMSIS Pack Vendor :STMicroelectronics FreeRTOS 0.0.1
2025-09-30 20:50:58,848 [INFO] ThirdParty:1030 - CMSIS Pack Vendor :STMicroelectronics X-CUBE-DPower 1.2.0
2025-09-30 20:50:58,848 [INFO] ThirdParty:1030 - CMSIS Pack Vendor :STMicroelectronics FP-SNS-FLIGHT1 5.0.2
2025-09-30 20:50:58,848 [INFO] ThirdParty:1030 - CMSIS Pack Vendor :STMicroelectronics X-CUBE-AI 9.0.0
2025-09-30 20:50:58,848 [INFO] ThirdParty:1030 - CMSIS Pack Vendor :STMicroelectronics PDM2PCM 3.3.0
2025-09-30 20:50:58,849 [INFO] ThirdParty:1030 - CMSIS Pack Vendor :STMicroelectronics X-CUBE-AZRTOS-H7 3.4.0
2025-09-30 20:50:58,849 [INFO] ThirdParty:1030 - CMSIS Pack Vendor :STMicroelectronics X-CUBE-DISPLAY 3.0.0
2025-09-30 20:50:58,849 [INFO] ThirdParty:1030 - CMSIS Pack Vendor :STMicroelectronics X-CUBE-BLE1 7.0.0
2025-09-30 20:50:58,849 [INFO] ThirdParty:1030 - CMSIS Pack Vendor :STMicroelectronics X-CUBE-NFC10 1.0.0
2025-09-30 20:50:58,849 [INFO] ThirdParty:1030 - CMSIS Pack Vendor :STMicroelectronics X-CUBE-BLEMGR 4.0.0
2025-09-30 20:50:58,849 [INFO] ThirdParty:1030 - CMSIS Pack Vendor :STMicroelectronics X-CUBE-FREERTOS 1.3.1
2025-09-30 20:50:58,849 [INFO] ThirdParty:1030 - CMSIS Pack Vendor :STMicroelectronics HAL Drivers 0.0.0
2025-09-30 20:50:58,849 [INFO] ThirdParty:1030 - CMSIS Pack Vendor :emotas I-CUBE-CANOPEN 1.3.0
2025-09-30 20:50:58,849 [INFO] ThirdParty:1030 - CMSIS Pack Vendor :STMicroelectronics X-CUBE-FREERTOS 1.3.0
2025-09-30 20:50:58,849 [INFO] ThirdParty:1030 - CMSIS Pack Vendor :STMicroelectronics X-CUBE-NFC7 1.0.1
2025-09-30 20:50:58,849 [INFO] ThirdParty:1030 - CMSIS Pack Vendor :STMicroelectronics MBEDTLS 2.14.1
2025-09-30 20:50:58,849 [INFO] ThirdParty:1030 - CMSIS Pack Vendor :STMicroelectronics X-CUBE-NFC6 3.0.0
2025-09-30 20:50:58,850 [INFO] ThirdParty:1030 - CMSIS Pack Vendor :STMicroelectronics X-CUBE-BLEMGR 3.1.0
2025-09-30 20:50:58,850 [INFO] ThirdParty:1030 - CMSIS Pack Vendor :STMicroelectronics X-CUBE-AI 10.0.0
2025-09-30 20:50:58,850 [INFO] ThirdParty:1030 - CMSIS Pack Vendor :STMicroelectronics FP-SNS-SMARTAG2 1.2.0
2025-09-30 20:50:58,850 [INFO] ThirdParty:1030 - CMSIS Pack Vendor :STMicroelectronics FP-SNS-FLIGHT1 5.1.0
2025-09-30 20:50:58,850 [INFO] ThirdParty:1030 - CMSIS Pack Vendor :STMicroelectronics X-CUBE-MEMS1 11.1.0
2025-09-30 20:50:58,850 [INFO] ThirdParty:1030 - CMSIS Pack Vendor :STMicroelectronics X-CUBE-AZRTOS-WL 2.0.0
2025-09-30 20:50:58,850 [INFO] ThirdParty:1030 - CMSIS Pack Vendor :STMicroelectronics X-CUBE-DPower 1.3.0
2025-09-30 20:50:58,850 [INFO] ThirdParty:1030 - CMSIS Pack Vendor :STMicroelectronics FP-SNS-MOTENV1 5.0.0
2025-09-30 20:50:58,851 [INFO] ThirdParty:1030 - CMSIS Pack Vendor :STMicroelectronics USB_DEVICE 1.0.0
2025-09-30 20:50:58,851 [INFO] ThirdParty:1030 - CMSIS Pack Vendor :STMicroelectronics X-CUBE-AI 8.1.0
2025-09-30 20:50:58,851 [INFO] ThirdParty:1030 - CMSIS Pack Vendor :wolfSSL I-CUBE-wolfMQTT 1.19.0
2025-09-30 20:50:58,851 [INFO] ThirdParty:1030 - CMSIS Pack Vendor :STMicroelectronics X-CUBE-AZRTOS-L4 2.0.0
2025-09-30 20:50:58,851 [INFO] ThirdParty:1030 - CMSIS Pack Vendor :STMicroelectronics ThreadX 0.0.2
2025-09-30 20:50:58,851 [INFO] ThirdParty:1030 - CMSIS Pack Vendor :WES I-CUBE-Cesium 1.3.0
2025-09-30 20:50:58,851 [INFO] ThirdParty:1030 - CMSIS Pack Vendor :STMicroelectronics lwIP 2.1.2
2025-09-30 20:50:58,851 [INFO] ThirdParty:1030 - CMSIS Pack Vendor :STMicroelectronics X-CUBE-SFXS2LP1 4.0.0
2025-09-30 20:50:58,852 [INFO] ThirdParty:1030 - CMSIS Pack Vendor :STMicroelectronics X-CUBE-BLE2 3.3.0
2025-09-30 20:50:58,852 [INFO] ThirdParty:1030 - CMSIS Pack Vendor :STMicroelectronics PDM2PCM 3.2.0
2025-09-30 20:50:58,852 [INFO] ThirdParty:1030 - CMSIS Pack Vendor :STMicroelectronics X-CUBE-AZRTOS-H7 3.3.0
2025-09-30 20:50:58,852 [INFO] ThirdParty:1030 - CMSIS Pack Vendor :STMicroelectronics X-CUBE-NFC9 1.0.0
2025-09-30 20:50:58,852 [INFO] ThirdParty:1030 - CMSIS Pack Vendor :STMicroelectronics X-CUBE-BLE1 7.1.0
2025-09-30 20:50:58,852 [INFO] ThirdParty:1030 - CMSIS Pack Vendor :STMicroelectronics USB_DEVICE 3.0.0
2025-09-30 20:50:58,852 [INFO] ThirdParty:1030 - CMSIS Pack Vendor :STMicroelectronics X-CUBE-TCPP 4.1.0
2025-09-30 20:50:58,852 [INFO] ThirdParty:1030 - CMSIS Pack Vendor :STMicroelectronics X-CUBE-EEPRMA1 5.2.0
2025-09-30 20:50:58,852 [INFO] ThirdParty:1030 - CMSIS Pack Vendor :STMicroelectronics X-CUBE-BLEMGR 4.1.0
2025-09-30 20:50:58,853 [INFO] ThirdParty:1030 - CMSIS Pack Vendor :STMicroelectronics X-CUBE-IPS 3.0.0
2025-09-30 20:50:58,853 [INFO] ThirdParty:1030 - CMSIS Pack Vendor :STMicroelectronics X-CUBE-AZRTOS-WB 2.0.0
2025-09-30 20:50:58,854 [INFO] ThirdParty:1030 - CMSIS Pack Vendor :STMicroelectronics X-CUBE-GNSS1 7.0.0
2025-09-30 20:50:58,854 [INFO] ThirdParty:1030 - CMSIS Pack Vendor :STMicroelectronics X-CUBE-GNSS1 7.0.1
2025-09-30 20:50:58,854 [INFO] ThirdParty:1030 - CMSIS Pack Vendor :STMicroelectronics X-CUBE-TOUCHGFX 4.25.0
2025-09-30 20:50:58,855 [INFO] ThirdParty:1030 - CMSIS Pack Vendor :STMicroelectronics X-CUBE-AI 10.1.0
2025-09-30 20:50:58,855 [INFO] ThirdParty:1030 - CMSIS Pack Vendor :STMicroelectronics FP-SNS-STBOX1 2.0.0
2025-09-30 20:50:58,855 [INFO] ThirdParty:1030 - CMSIS Pack Vendor :STMicroelectronics X-CUBE-ALGOBUILD 1.3.0
2025-09-30 20:50:58,855 [INFO] ThirdParty:1030 - CMSIS Pack Vendor :STMicroelectronics X-CUBE-MEMS1 11.2.0
2025-09-30 20:50:58,856 [INFO] ThirdParty:1030 - CMSIS Pack Vendor :STMicroelectronics X-CUBE-AZRTOS-G0 1.1.0
2025-09-30 20:50:58,856 [INFO] ThirdParty:1030 - CMSIS Pack Vendor :STMicroelectronics X-CUBE-SAFEA1 1.2.2
2025-09-30 20:50:58,856 [INFO] ThirdParty:1030 - CMSIS Pack Vendor :STMicroelectronics X-CUBE-NFC4 3.0.0
2025-09-30 20:50:58,856 [INFO] ThirdParty:1030 - CMSIS Pack Vendor :STMicroelectronics X-CUBE-SUBG2 5.0.0
2025-09-30 20:50:58,856 [INFO] ThirdParty:1030 - CMSIS Pack Vendor :STMicroelectronics X-CUBE-AZRTOS-H7RS 1.1.0
2025-09-30 20:50:58,856 [INFO] ThirdParty:1030 - CMSIS Pack Vendor :STMicroelectronics STM32_WPAN 1.0.0
2025-09-30 20:50:58,856 [INFO] ThirdParty:1030 - CMSIS Pack Vendor :EmbeddedOffice I-CUBE-FS-RTOS 1.0.1
2025-09-30 20:50:58,857 [INFO] ThirdParty:1030 - CMSIS Pack Vendor :STMicroelectronics lwIP 2.0.3
2025-09-30 20:50:58,857 [INFO] ThirdParty:1030 - CMSIS Pack Vendor :Cesanta I-CUBE-Mongoose 7.13.0
2025-09-30 20:50:58,857 [INFO] ThirdParty:1030 - CMSIS Pack Vendor :STMicroelectronics USB_HOST 1.0.0
2025-09-30 20:50:58,857 [INFO] ThirdParty:1030 - CMSIS Pack Vendor :STMicroelectronics X-CUBE-AZRTOS-G4 2.0.0
2025-09-30 20:50:58,857 [INFO] ThirdParty:1030 - CMSIS Pack Vendor :STMicroelectronics X-CUBE-WB05N 2.0.0
2025-09-30 20:50:58,857 [INFO] ThirdParty:1030 - CMSIS Pack Vendor :STMicroelectronics PDM2PCM 3.1.0
2025-09-30 20:50:58,857 [INFO] ThirdParty:1030 - CMSIS Pack Vendor :STMicroelectronics X-CUBE-BLEMGR 3.0.0
2025-09-30 20:50:58,857 [INFO] ThirdParty:1030 - CMSIS Pack Vendor :STMicroelectronics X-CUBE-NFC7 2.0.0
2025-09-30 20:50:58,857 [INFO] ThirdParty:1030 - CMSIS Pack Vendor :STMicroelectronics X-CUBE-TCPP 4.2.0
2025-09-30 20:50:58,857 [INFO] ThirdParty:1030 - CMSIS Pack Vendor :RealThread X-CUBE-RT-Thread_Nano 4.1.1
2025-09-30 20:50:58,857 [INFO] ThirdParty:1030 - CMSIS Pack Vendor :wolfSSL I-CUBE-wolfSSL 5.7.0
2025-09-30 20:50:58,857 [INFO] ThirdParty:1030 - CMSIS Pack Vendor :STMicroelectronics FP-SNS-MOTENVWB1 1.3.1
2025-09-30 20:50:58,858 [INFO] ThirdParty:1030 - CMSIS Pack Vendor :STMicroelectronics FP-ATR-SIGFOX1 3.2.0
2025-09-30 20:50:58,858 [INFO] ThirdParty:1030 - CMSIS Pack Vendor :quantropi X-CUBE-qispace-sdk-base 1.9.3
2025-09-30 20:50:58,858 [INFO] ThirdParty:1030 - CMSIS Pack Vendor :STMicroelectronics X-CUBE-ISPU 2.0.0
2025-09-30 20:50:58,858 [INFO] ThirdParty:1030 - CMSIS Pack Vendor :STMicroelectronics X-CUBE-EEPRMA1 5.1.0
2025-09-30 20:50:58,858 [INFO] ThirdParty:1030 - CMSIS Pack Vendor :STMicroelectronics MBEDTLS 2.16.2
2025-09-30 20:50:58,858 [INFO] ThirdParty:1030 - CMSIS Pack Vendor :STMicroelectronics X-CUBE-IPS 3.1.0
2025-09-30 20:50:58,858 [INFO] ThirdParty:1030 - CMSIS Pack Vendor :STMicroelectronics X-CUBE-ALS 1.0.2
2025-09-30 20:50:58,858 [INFO] ThirdParty:1030 - CMSIS Pack Vendor :STMicroelectronics X-CUBE-MEMS1 10.0.0
2025-09-30 20:50:58,858 [INFO] ThirdParty:1030 - CMSIS Pack Vendor :STMicroelectronics X-CUBE-FREERTOS 1.1.0
2025-09-30 20:50:58,858 [INFO] ThirdParty:1030 - CMSIS Pack Vendor :STMicroelectronics X-CUBE-TOUCHGFX 4.24.0
2025-09-30 20:50:58,858 [INFO] ThirdParty:1030 - CMSIS Pack Vendor :ITTIA_DB I-CUBE-ITTIADB 8.9.0
2025-09-30 20:50:58,858 [INFO] ThirdParty:1030 - CMSIS Pack Vendor :STMicroelectronics X-CUBE-TOUCHGFX 4.24.2
2025-09-30 20:50:58,859 [INFO] ThirdParty:1030 - CMSIS Pack Vendor :STMicroelectronics X-CUBE-TOUCHGFX 4.24.1
2025-09-30 20:50:58,859 [INFO] ThirdParty:1030 - CMSIS Pack Vendor :STMicroelectronics X-CUBE-STSE01 1.0.0
2025-09-30 20:50:58,859 [INFO] ThirdParty:1030 - CMSIS Pack Vendor :wolfSSL I-CUBE-wolfTPM 3.4.0
2025-09-30 20:50:58,859 [INFO] ThirdParty:1030 - CMSIS Pack Vendor :portGmbH I-Cube-SoM-uGOAL 1.1.0
2025-09-30 20:50:58,859 [INFO] ThirdParty:1030 - CMSIS Pack Vendor :STMicroelectronics X-CUBE-ALS 1.0.1
2025-09-30 20:50:58,859 [INFO] ThirdParty:1030 - CMSIS Pack Vendor :STMicroelectronics X-CUBE-ST67W61 1.0.0
2025-09-30 20:50:58,859 [INFO] ThirdParty:1030 - CMSIS Pack Vendor :STMicroelectronics X-CUBE-AI 10.2.0
2025-09-30 20:50:58,859 [INFO] ThirdParty:1030 - CMSIS Pack Vendor :STMicroelectronics ThreadX 1.0.0
2025-09-30 20:50:58,859 [INFO] ThirdParty:1030 - CMSIS Pack Vendor :SEGGER I-CUBE-embOS 1.3.1
2025-09-30 20:50:58,859 [INFO] ThirdParty:1030 - CMSIS Pack Vendor :STMicroelectronics X-CUBE-ALGOBUILD 1.4.0
2025-09-30 20:50:58,859 [INFO] ThirdParty:1030 - CMSIS Pack Vendor :STMicroelectronics X-CUBE-MEMS1 11.3.0
2025-09-30 20:50:58,859 [INFO] ThirdParty:1030 - CMSIS Pack Vendor :STMicroelectronics X-CUBE-AZRTOS-H7RS 1.0.0
2025-09-30 20:50:58,860 [INFO] ThirdParty:1030 - CMSIS Pack Vendor :STMicroelectronics FP-ATR-ASTRA1 2.0.0
2025-09-30 20:50:58,860 [INFO] ThirdParty:1030 - CMSIS Pack Vendor :STMicroelectronics X-CUBE-TOF1 3.4.2
2025-09-30 20:50:58,860 [INFO] ThirdParty:1030 - CMSIS Pack Vendor :STMicroelectronics X-CUBE-TOF1 3.4.3
2025-09-30 20:50:58,860 [INFO] ThirdParty:1030 - CMSIS Pack Vendor :STMicroelectronics X-CUBE-AI 9.1.0
2025-09-30 20:50:58,860 [INFO] ThirdParty:1030 - CMSIS Pack Vendor :STMicroelectronics X-CUBE-TOF1 3.4.0
2025-09-30 20:50:58,860 [INFO] ThirdParty:1030 - CMSIS Pack Vendor :STMicroelectronics X-CUBE-TOF1 3.4.1
2025-09-30 20:50:58,860 [INFO] ThirdParty:1030 - CMSIS Pack Vendor :STMicroelectronics X-CUBE-AZRTOS-H7 3.2.0
2025-09-30 20:50:58,860 [INFO] ThirdParty:1030 - CMSIS Pack Vendor :Infineon AIROC-Wi-Fi-Bluetooth-STM32 1.6.0
2025-09-30 20:50:58,860 [INFO] ThirdParty:1030 - CMSIS Pack Vendor :wolfSSL I-CUBE-wolfSSH 1.4.17
2025-09-30 20:50:58,861 [INFO] ThirdParty:841 - exiting critical section [change project]
2025-09-30 20:50:59,318 [INFO] PinOutPanel:1589 - setPackage(No Configuration,No Configuration)
2025-09-30 20:50:59,319 [INFO] PinOutPanel:1589 - setPackage(STM32F103C8Tx,LQFP48)
2025-09-30 20:50:59,862 [INFO] UtilMem:75 - Before build in PCC Used Memory: 769654784 Bytes (1073741824)
2025-09-30 20:51:00,438 [INFO] UtilMem:75 - After build in PCC Used Memory: 812512560 Bytes (1073741824)
2025-09-30 20:51:00,480 [INFO] IPUIPlugin:80 - create IPUIPlugin
2025-09-30 20:51:00,480 [INFO] IPUIPlugin:80 - create IPUIPlugin
2025-09-30 20:51:00,481 [INFO] IPUIPlugin:80 - create IPUIPlugin
2025-09-30 20:51:00,481 [INFO] IPUIPlugin:80 - create IPUIPlugin
2025-09-30 20:51:00,481 [INFO] IPUIPlugin:80 - create IPUIPlugin
2025-09-30 20:51:00,481 [INFO] IPUIPlugin:80 - create IPUIPlugin
2025-09-30 20:51:00,482 [INFO] IPUIPlugin:80 - create IPUIPlugin
2025-09-30 20:51:00,482 [INFO] IPUIPlugin:80 - create IPUIPlugin
2025-09-30 20:51:00,482 [INFO] IPUIPlugin:80 - create IPUIPlugin
2025-09-30 20:51:00,482 [INFO] IPUIPlugin:80 - create IPUIPlugin
2025-09-30 20:51:00,482 [INFO] IPUIPlugin:80 - create IPUIPlugin
2025-09-30 20:51:00,483 [INFO] IPUIPlugin:80 - create IPUIPlugin
2025-09-30 20:51:00,483 [INFO] IPUIPlugin:80 - create IPUIPlugin
2025-09-30 20:51:00,484 [INFO] IPUIPlugin:80 - create IPUIPlugin
2025-09-30 20:51:00,484 [INFO] IPUIPlugin:80 - create IPUIPlugin
2025-09-30 20:51:00,484 [INFO] IPUIPlugin:80 - create IPUIPlugin
2025-09-30 20:51:00,485 [INFO] IPUIPlugin:80 - create IPUIPlugin
2025-09-30 20:51:00,485 [INFO] IPUIPlugin:80 - create IPUIPlugin
2025-09-30 20:51:00,486 [INFO] IPUIPlugin:80 - create IPUIPlugin
2025-09-30 20:51:00,486 [INFO] IPUIPlugin:80 - create IPUIPlugin
2025-09-30 20:51:00,486 [INFO] IPUIPlugin:80 - create IPUIPlugin
2025-09-30 20:51:00,487 [INFO] IPUIPlugin:80 - create IPUIPlugin
2025-09-30 20:51:00,487 [INFO] IPUIPlugin:80 - create IPUIPlugin
2025-09-30 20:51:00,487 [INFO] IPUIPlugin:80 - create IPUIPlugin
2025-09-30 20:51:00,488 [INFO] IPUIPlugin:80 - create IPUIPlugin
2025-09-30 20:51:00,488 [INFO] IPUIPlugin:80 - create IPUIPlugin
2025-09-30 20:51:00,488 [INFO] IPUIPlugin:80 - create IPUIPlugin
2025-09-30 20:51:00,547 [INFO] CADModel:165 - CPN selected for project levelSTM32F103C8T6
2025-09-30 20:51:00,547 [INFO] CADModel:114 - Register for checkConnection events
2025-09-30 20:51:00,601 [INFO] OpenFileManager:385 - Restore cursor
2025-09-30 20:51:01,377 [INFO] UtilMem:75 - End SaveConfig() Used Memory: 870510640 Bytes (1073741824)
2025-09-30 20:51:01,530 [INFO] UtilMem:75 - End SaveConfig() Used Memory: 884511184 Bytes (1073741824)
2025-09-30 20:51:01,771 [INFO] BlockDiagram:2775 - set Specific Code input for plugin: NVIC
2025-09-30 20:51:01,772 [INFO] BlockDiagram:2775 - set Specific Code input for plugin: RCC
2025-09-30 20:51:01,776 [INFO] CodeGenerator:882 - code generatio: config db path: C:\ST\STM32CubeIDE_1.18.0\STM32CubeIDE\plugins\com.st.stm32cube.common.mx_6.14.1.202504091515\\db\
2025-09-30 20:51:01,928 [INFO] CodeEngine:263 - oldGeneratedFile, C:\GIT\GIT_AULAS_FATEC\Exemplos_Codigo_STM32\Teste_ADC_1\MXTmpFiles\license.tmp_save
2025-09-30 20:51:02,059 [INFO] CodeEngine:287 - Generated code: C:\GIT\GIT_AULAS_FATEC\Exemplos_Codigo_STM32\Teste_ADC_1\MXTmpFiles\license.tmp
2025-09-30 20:51:02,096 [INFO] CodeEngine:263 - oldGeneratedFile, C:\GIT\GIT_AULAS_FATEC\Exemplos_Codigo_STM32\Teste_ADC_1\Core\Src\stm32f1xx_it.c_save
2025-09-30 20:51:02,263 [INFO] CodeEngine:287 - Generated code: C:\GIT\GIT_AULAS_FATEC\Exemplos_Codigo_STM32\Teste_ADC_1\Core\Src\stm32f1xx_it.c
2025-09-30 20:51:02,271 [INFO] CodeEngine:263 - oldGeneratedFile, C:\GIT\GIT_AULAS_FATEC\Exemplos_Codigo_STM32\Teste_ADC_1\Core\Inc\stm32f1xx_it.h_save
2025-09-30 20:51:02,387 [INFO] CodeEngine:287 - Generated code: C:\GIT\GIT_AULAS_FATEC\Exemplos_Codigo_STM32\Teste_ADC_1\Core\Inc\stm32f1xx_it.h
2025-09-30 20:51:02,431 [INFO] CodeEngine:263 - oldGeneratedFile, C:\GIT\GIT_AULAS_FATEC\Exemplos_Codigo_STM32\Teste_ADC_1\Core\Src\stm32f1xx_hal_msp.c_save
2025-09-30 20:51:02,554 [INFO] CodeEngine:287 - Generated code: C:\GIT\GIT_AULAS_FATEC\Exemplos_Codigo_STM32\Teste_ADC_1\Core\Src\stm32f1xx_hal_msp.c
2025-09-30 20:51:02,562 [INFO] CodeEngine:263 - oldGeneratedFile, C:\GIT\GIT_AULAS_FATEC\Exemplos_Codigo_STM32\Teste_ADC_1\MXTmpFiles\system.tmp_save
2025-09-30 20:51:02,710 [INFO] CodeEngine:287 - Generated code: C:\GIT\GIT_AULAS_FATEC\Exemplos_Codigo_STM32\Teste_ADC_1\MXTmpFiles\system.tmp
2025-09-30 20:51:02,733 [INFO] CodeEngine:319 - oldGeneratedFile, C:\GIT\GIT_AULAS_FATEC\Exemplos_Codigo_STM32\Teste_ADC_1\Core\Inc\stm32f1xx_hal_conf.h_save
2025-09-30 20:51:02,843 [INFO] CodeEngine:343 - Generated code: C:\GIT\GIT_AULAS_FATEC\Exemplos_Codigo_STM32\Teste_ADC_1\Core\Inc\stm32f1xx_hal_conf.h
2025-09-30 20:51:02,879 [INFO] ApiDbMcu:508 - Load IP Config File for RCC
2025-09-30 20:51:02,895 [INFO] CodeEngine:263 - oldGeneratedFile, C:\GIT\GIT_AULAS_FATEC\Exemplos_Codigo_STM32\Teste_ADC_1\Core\Inc\main.h_save
2025-09-30 20:51:02,997 [INFO] CodeEngine:287 - Generated code: C:\GIT\GIT_AULAS_FATEC\Exemplos_Codigo_STM32\Teste_ADC_1\Core\Inc\main.h
2025-09-30 20:51:03,007 [INFO] CodeEngine:263 - oldGeneratedFile, C:\GIT\GIT_AULAS_FATEC\Exemplos_Codigo_STM32\Teste_ADC_1\Core\Src\main.c_save
2025-09-30 20:51:03,151 [INFO] CodeEngine:287 - Generated code: C:\GIT\GIT_AULAS_FATEC\Exemplos_Codigo_STM32\Teste_ADC_1\Core\Src\main.c
2025-09-30 20:51:03,774 [INFO] ProjectBuilder:3324 - Time for Copy HAL[1] : 266mS.
2025-09-30 20:51:03,873 [INFO] ProjectBuilder:4912 - Project Generator version: 4.6.0.1-B1
2025-09-30 20:51:04,058 [INFO] ConfigFileManager:1590 - The Die is : DIE410
2025-09-30 20:51:04,064 [INFO] ApiDbMcu:508 - Load IP Config File for FATFS
2025-09-30 20:51:04,073 [INFO] ApiDbMcu:508 - Load IP Config File for FREERTOS
2025-09-30 20:51:04,084 [INFO] ApiDbMcu:508 - Load IP Config File for USB_DEVICE
2025-09-30 20:51:09,085 [INFO] ProjectBuilder:5191 - Time for Generating toolchain IDE Files: 5211mS.
2025-09-30 20:51:09,088 [INFO] ProjectBuilder:3181 - Time for Copy CMSIS : 2mS.
2025-09-30 20:51:09,100 [INFO] ProjectBuilder:3181 - Time for Copy CMSIS : 0mS.
2025-09-30 20:51:10,022 [INFO] McuFinderGlobals:76 - Set McuFinderConnectedMode to true
2025-09-30 20:51:10,031 [INFO] ApiDb:448 - Save user favorites file C:\Users\User/.stm32cubeide/favorites.mcus.txt: 1 item(s)
2025-09-30 20:51:10,032 [INFO] ApiDb:452 - User favorites MCUs=[STM32F103C8T6]
2025-09-30 20:51:26,685 [INFO] WebApp:194 - Connection lost
2025-09-30 20:51:27,245 [INFO] WebApp:191 - Connection restablished
2025-09-30 20:52:57,679 [INFO] WebApp:194 - Connection lost
2025-09-30 20:52:57,942 [INFO] WebApp:191 - Connection restablished
2025-09-30 20:54:28,201 [INFO] WebApp:194 - Connection lost
2025-09-30 20:54:28,581 [INFO] WebApp:191 - Connection restablished
2025-09-30 20:55:59,673 [INFO] WebApp:194 - Connection lost
2025-09-30 20:56:00,316 [INFO] WebApp:191 - Connection restablished
2025-09-30 20:57:31,685 [INFO] WebApp:194 - Connection lost
2025-09-30 20:57:32,071 [INFO] WebApp:191 - Connection restablished
2025-09-30 20:59:02,177 [INFO] WebApp:194 - Connection lost
2025-09-30 20:59:02,556 [INFO] WebApp:191 - Connection restablished
2025-09-30 21:00:32,699 [INFO] WebApp:194 - Connection lost
2025-09-30 21:00:33,316 [INFO] WebApp:191 - Connection restablished
2025-09-30 21:02:03,671 [INFO] WebApp:194 - Connection lost
2025-09-30 21:02:03,968 [INFO] WebApp:191 - Connection restablished
2025-09-30 21:03:35,173 [INFO] WebApp:194 - Connection lost
2025-09-30 21:03:35,599 [INFO] WebApp:191 - Connection restablished
2025-09-30 21:05:06,538 [INFO] WebApp:194 - Connection lost
2025-09-30 21:05:07,277 [INFO] WebApp:191 - Connection restablished
2025-09-30 21:06:36,675 [INFO] WebApp:194 - Connection lost
2025-09-30 21:06:37,096 [INFO] WebApp:191 - Connection restablished
2025-09-30 21:07:15,317 [INFO] ADCParametersView:116 -                Rank 1 : false
2025-09-30 21:07:15,367 [INFO] ADCParametersView:116 -                Rank 1 : false
2025-09-30 21:07:15,368 [INFO] ADCParametersView:116 -                Rank 1 : false
2025-09-30 21:07:15,368 [INFO] ADCParametersView:116 -                Rank 1 : false
2025-09-30 21:07:15,368 [INFO] ADCParametersView:116 -                Rank 1 : false
2025-09-30 21:07:15,368 [INFO] ADCParametersView:116 -                Rank 1 : false
2025-09-30 21:07:15,368 [INFO] ADCParametersView:116 -                Rank 1 : false
2025-09-30 21:07:15,369 [INFO] ADCParametersView:116 -                Rank 1 : false
2025-09-30 21:07:15,369 [INFO] ADCParametersView:116 -                Rank 1 : false
2025-09-30 21:07:15,369 [INFO] ADCParametersView:116 -                Rank 1 : false
2025-09-30 21:07:15,369 [INFO] ADCParametersView:116 -                Rank 1 : false
2025-09-30 21:07:15,378 [INFO] ADCParametersView:116 -                Rank 1 : false
2025-09-30 21:07:23,407 [INFO] ADCParametersView:116 -                Rank 1 : false
2025-09-30 21:07:23,408 [INFO] ADCParametersView:116 -                Rank 1 : false
2025-09-30 21:07:23,408 [INFO] ADCParametersView:116 -                Rank 1 : false
2025-09-30 21:07:23,408 [INFO] ADCParametersView:116 -                Rank 1 : false
2025-09-30 21:07:23,408 [INFO] ADCParametersView:116 -                Rank 1 : false
2025-09-30 21:07:23,408 [INFO] ADCParametersView:116 -                Rank 1 : false
2025-09-30 21:07:23,409 [INFO] ADCParametersView:116 -                Rank 1 : false
2025-09-30 21:07:23,409 [INFO] ADCParametersView:116 -                Rank 1 : false
2025-09-30 21:07:23,409 [INFO] ADCParametersView:116 -                Rank 1 : false
2025-09-30 21:07:23,409 [INFO] ADCParametersView:116 -                Rank 1 : false
2025-09-30 21:07:23,415 [INFO] ADCParametersView:116 -                Rank 1 : false
2025-09-30 21:07:26,350 [INFO] NvicIntPanel:101 - NVIC parent = com.st.microxplorer.plugins.ip.nvic.MultiNvicIntPanel[,0,0,555x274,layout=javax.swing.BoxLayout,alignmentX=0.0,alignmentY=0.0,border=,flags=9,maximumSize=,minimumSize=,preferredSize=]
2025-09-30 21:07:29,110 [INFO] ADCParametersView:116 -                Rank 1 : false
2025-09-30 21:07:29,110 [INFO] ADCParametersView:116 -                Rank 1 : false
2025-09-30 21:07:29,110 [INFO] ADCParametersView:116 -                Rank 1 : false
2025-09-30 21:07:29,110 [INFO] ADCParametersView:116 -                Rank 1 : false
2025-09-30 21:07:29,110 [INFO] ADCParametersView:116 -                Rank 1 : false
2025-09-30 21:07:29,110 [INFO] ADCParametersView:116 -                Rank 1 : false
2025-09-30 21:07:29,110 [INFO] ADCParametersView:116 -                Rank 1 : false
2025-09-30 21:07:29,110 [INFO] ADCParametersView:116 -                Rank 1 : false
2025-09-30 21:07:29,111 [INFO] ADCParametersView:116 -                Rank 1 : false
2025-09-30 21:07:29,111 [INFO] ADCParametersView:116 -                Rank 1 : false
2025-09-30 21:07:29,115 [INFO] ADCParametersView:116 -                Rank 1 : false
2025-09-30 21:07:36,504 [INFO] ADCParametersView:116 -                Rank 1 : false
2025-09-30 21:07:36,504 [INFO] ADCParametersView:116 -                Rank 1 : false
2025-09-30 21:07:36,504 [INFO] ADCParametersView:116 -                Rank 1 : false
2025-09-30 21:07:36,504 [INFO] ADCParametersView:116 -                Rank 1 : false
2025-09-30 21:07:36,504 [INFO] ADCParametersView:116 -                Rank 1 : false
2025-09-30 21:07:36,505 [INFO] ADCParametersView:116 -                Rank 1 : false
2025-09-30 21:07:36,505 [INFO] ADCParametersView:116 -                Rank 1 : false
2025-09-30 21:07:36,505 [INFO] ADCParametersView:116 -                Rank 1 : false
2025-09-30 21:07:36,505 [INFO] ADCParametersView:116 -                Rank 1 : false
2025-09-30 21:07:36,505 [INFO] ADCParametersView:116 -                Rank 1 : false
2025-09-30 21:07:36,510 [INFO] ADCParametersView:116 -                Rank 1 : false
2025-09-30 21:08:07,168 [INFO] WebApp:194 - Connection lost
2025-09-30 21:08:07,663 [INFO] WebApp:191 - Connection restablished
2025-09-30 21:09:00,982 [INFO] ADCParametersView:116 -                Rank 1 : true
2025-09-30 21:09:04,867 [INFO] NvicIntPanel:101 - NVIC parent = com.st.microxplorer.plugins.ip.nvic.MultiNvicIntPanel[,0,0,0x0,invalid,layout=javax.swing.BoxLayout,alignmentX=0.0,alignmentY=0.0,border=,flags=9,maximumSize=,minimumSize=,preferredSize=]
2025-09-30 21:09:04,916 [INFO] ADCParametersView:116 -                Rank 1 : true
2025-09-30 21:09:04,919 [INFO] ADCParametersView:116 -                Rank 1 : true
2025-09-30 21:09:04,919 [INFO] ADCParametersView:116 -                Rank 1 : true
2025-09-30 21:09:04,921 [INFO] ADCParametersView:116 -                Rank 1 : true
2025-09-30 21:09:04,921 [INFO] ADCParametersView:116 -                Rank 1 : true
2025-09-30 21:09:04,921 [INFO] ADCParametersView:116 -                Rank 1 : true
2025-09-30 21:09:04,921 [INFO] ADCParametersView:116 -                Rank 1 : true
2025-09-30 21:09:04,921 [INFO] ADCParametersView:116 -                Rank 1 : true
2025-09-30 21:09:04,921 [INFO] ADCParametersView:116 -                Rank 1 : true
2025-09-30 21:09:04,921 [INFO] ADCParametersView:116 -                Rank 1 : true
2025-09-30 21:09:04,930 [INFO] ADCParametersView:116 -                Rank 1 : true
2025-09-30 21:09:38,172 [INFO] WebApp:194 - Connection lost
2025-09-30 21:09:38,421 [INFO] WebApp:191 - Connection restablished
2025-09-30 21:11:05,414 [INFO] UtilMem:75 - End SaveConfig() Used Memory: 930158552 Bytes (1073741824)
2025-09-30 21:11:07,079 [INFO] UtilMem:75 - End SaveConfig() Used Memory: 995411072 Bytes (1073741824)
2025-09-30 21:11:07,542 [INFO] BlockDiagram:2775 - set Specific Code input for plugin: NVIC
2025-09-30 21:11:07,543 [INFO] BlockDiagram:2775 - set Specific Code input for plugin: USART
2025-09-30 21:11:07,545 [INFO] BlockDiagram:2775 - set Specific Code input for plugin: SYS
2025-09-30 21:11:07,546 [INFO] BlockDiagram:2775 - set Specific Code input for plugin: GPIO
2025-09-30 21:11:07,546 [INFO] BlockDiagram:2775 - set Specific Code input for plugin: ADC
2025-09-30 21:11:07,547 [INFO] BlockDiagram:2775 - set Specific Code input for plugin: RCC
2025-09-30 21:11:07,550 [INFO] CodeGenerator:882 - code generatio: config db path: C:\ST\STM32CubeIDE_1.18.0\STM32CubeIDE\plugins\com.st.stm32cube.common.mx_6.14.1.202504091515\\db\
2025-09-30 21:11:07,780 [INFO] CodeEngine:263 - oldGeneratedFile, C:\GIT\GIT_AULAS_FATEC\Exemplos_Codigo_STM32\Teste_ADC_1\MXTmpFiles\license.tmp_save
2025-09-30 21:11:08,275 [INFO] CodeEngine:287 - Generated code: C:\GIT\GIT_AULAS_FATEC\Exemplos_Codigo_STM32\Teste_ADC_1\MXTmpFiles\license.tmp
2025-09-30 21:11:08,378 [INFO] CodeEngine:263 - oldGeneratedFile, C:\GIT\GIT_AULAS_FATEC\Exemplos_Codigo_STM32\Teste_ADC_1\MXTmpFiles\gpio.tmp_save
2025-09-30 21:11:08,611 [INFO] CodeEngine:287 - Generated code: C:\GIT\GIT_AULAS_FATEC\Exemplos_Codigo_STM32\Teste_ADC_1\MXTmpFiles\gpio.tmp
2025-09-30 21:11:08,822 [INFO] CodeEngine:263 - oldGeneratedFile, C:\GIT\GIT_AULAS_FATEC\Exemplos_Codigo_STM32\Teste_ADC_1\Core\Src\stm32f1xx_it.c_save
2025-09-30 21:11:09,353 [INFO] CodeEngine:287 - Generated code: C:\GIT\GIT_AULAS_FATEC\Exemplos_Codigo_STM32\Teste_ADC_1\Core\Src\stm32f1xx_it.c
2025-09-30 21:11:09,367 [INFO] CodeEngine:263 - oldGeneratedFile, C:\GIT\GIT_AULAS_FATEC\Exemplos_Codigo_STM32\Teste_ADC_1\Core\Inc\stm32f1xx_it.h_save
2025-09-30 21:11:09,471 [INFO] CodeEngine:287 - Generated code: C:\GIT\GIT_AULAS_FATEC\Exemplos_Codigo_STM32\Teste_ADC_1\Core\Inc\stm32f1xx_it.h
2025-09-30 21:11:09,500 [INFO] CodeEngine:263 - oldGeneratedFile, C:\GIT\GIT_AULAS_FATEC\Exemplos_Codigo_STM32\Teste_ADC_1\Core\Src\stm32f1xx_hal_msp.c_save
2025-09-30 21:11:09,719 [INFO] WebApp:194 - Connection lost
2025-09-30 21:11:09,751 [INFO] CodeEngine:287 - Generated code: C:\GIT\GIT_AULAS_FATEC\Exemplos_Codigo_STM32\Teste_ADC_1\Core\Src\stm32f1xx_hal_msp.c
2025-09-30 21:11:09,761 [INFO] CodeEngine:263 - oldGeneratedFile, C:\GIT\GIT_AULAS_FATEC\Exemplos_Codigo_STM32\Teste_ADC_1\MXTmpFiles\system.tmp_save
2025-09-30 21:11:09,900 [INFO] CodeEngine:287 - Generated code: C:\GIT\GIT_AULAS_FATEC\Exemplos_Codigo_STM32\Teste_ADC_1\MXTmpFiles\system.tmp
2025-09-30 21:11:09,937 [INFO] CodeEngine:319 - oldGeneratedFile, C:\GIT\GIT_AULAS_FATEC\Exemplos_Codigo_STM32\Teste_ADC_1\Core\Inc\stm32f1xx_hal_conf.h_save
2025-09-30 21:11:10,061 [INFO] CodeEngine:343 - Generated code: C:\GIT\GIT_AULAS_FATEC\Exemplos_Codigo_STM32\Teste_ADC_1\Core\Inc\stm32f1xx_hal_conf.h
2025-09-30 21:11:10,099 [INFO] ApiDbMcu:508 - Load IP Config File for ADC1
2025-09-30 21:11:10,106 [INFO] ApiDbMcu:508 - Load IP Config File for USART1
2025-09-30 21:11:10,137 [INFO] CodeEngine:263 - oldGeneratedFile, C:\GIT\GIT_AULAS_FATEC\Exemplos_Codigo_STM32\Teste_ADC_1\Core\Inc\main.h_save
2025-09-30 21:11:10,138 [INFO] WebApp:191 - Connection restablished
2025-09-30 21:11:10,322 [INFO] CodeEngine:287 - Generated code: C:\GIT\GIT_AULAS_FATEC\Exemplos_Codigo_STM32\Teste_ADC_1\Core\Inc\main.h
2025-09-30 21:11:10,342 [INFO] CodeEngine:263 - oldGeneratedFile, C:\GIT\GIT_AULAS_FATEC\Exemplos_Codigo_STM32\Teste_ADC_1\Core\Src\main.c_save
2025-09-30 21:11:10,587 [INFO] CodeEngine:287 - Generated code: C:\GIT\GIT_AULAS_FATEC\Exemplos_Codigo_STM32\Teste_ADC_1\Core\Src\main.c
2025-09-30 21:11:11,262 [INFO] ProjectBuilder:3324 - Time for Copy HAL[1] : 365mS.
2025-09-30 21:11:11,270 [INFO] ProjectBuilder:4912 - Project Generator version: 4.6.0.1-B1
2025-09-30 21:11:11,402 [INFO] ConfigFileManager:1590 - The Die is : DIE410
2025-09-30 21:11:13,263 [INFO] ProjectBuilder:5191 - Time for Generating toolchain IDE Files: 1993mS.
2025-09-30 21:11:13,266 [INFO] ProjectBuilder:3181 - Time for Copy CMSIS : 0mS.
2025-09-30 21:11:13,272 [INFO] ProjectBuilder:3181 - Time for Copy CMSIS : 0mS.
2025-09-30 21:11:46,792 [INFO] IPUIPlugin:80 - create IPUIPlugin
2025-09-30 21:11:46,792 [INFO] IPUIPlugin:80 - create IPUIPlugin
2025-09-30 21:11:46,793 [INFO] IPUIPlugin:80 - create IPUIPlugin
2025-09-30 21:11:46,793 [INFO] IPUIPlugin:80 - create IPUIPlugin
2025-09-30 21:11:46,825 [INFO] IPUIPlugin:80 - create IPUIPlugin
2025-09-30 21:11:52,549 [INFO] UtilMem:75 - End SaveConfig() Used Memory: 909403608 Bytes (1073741824)
2025-09-30 21:11:52,890 [INFO] BlockDiagram:2775 - set Specific Code input for plugin: NVIC
2025-09-30 21:11:52,890 [INFO] BlockDiagram:2775 - set Specific Code input for plugin: USART
2025-09-30 21:11:52,891 [INFO] BlockDiagram:2775 - set Specific Code input for plugin: SYS
2025-09-30 21:11:52,891 [INFO] BlockDiagram:2775 - set Specific Code input for plugin: GPIO
2025-09-30 21:11:52,891 [INFO] BlockDiagram:2775 - set Specific Code input for plugin: ADC
2025-09-30 21:11:52,891 [INFO] BlockDiagram:2775 - set Specific Code input for plugin: RCC
2025-09-30 21:11:52,894 [INFO] CodeGenerator:882 - code generatio: config db path: C:\ST\STM32CubeIDE_1.18.0\STM32CubeIDE\plugins\com.st.stm32cube.common.mx_6.14.1.202504091515\\db\
2025-09-30 21:11:53,037 [INFO] CodeEngine:263 - oldGeneratedFile, C:\GIT\GIT_AULAS_FATEC\Exemplos_Codigo_STM32\Teste_ADC_1\MXTmpFiles\license.tmp_save
2025-09-30 21:11:53,106 [INFO] CodeEngine:287 - Generated code: C:\GIT\GIT_AULAS_FATEC\Exemplos_Codigo_STM32\Teste_ADC_1\MXTmpFiles\license.tmp
2025-09-30 21:11:53,130 [INFO] CodeEngine:263 - oldGeneratedFile, C:\GIT\GIT_AULAS_FATEC\Exemplos_Codigo_STM32\Teste_ADC_1\MXTmpFiles\gpio.tmp_save
2025-09-30 21:11:53,205 [INFO] CodeEngine:287 - Generated code: C:\GIT\GIT_AULAS_FATEC\Exemplos_Codigo_STM32\Teste_ADC_1\MXTmpFiles\gpio.tmp
2025-09-30 21:11:53,296 [INFO] CodeEngine:263 - oldGeneratedFile, C:\GIT\GIT_AULAS_FATEC\Exemplos_Codigo_STM32\Teste_ADC_1\Core\Src\stm32f1xx_it.c_save
2025-09-30 21:11:53,370 [INFO] CodeEngine:287 - Generated code: C:\GIT\GIT_AULAS_FATEC\Exemplos_Codigo_STM32\Teste_ADC_1\Core\Src\stm32f1xx_it.c
2025-09-30 21:11:53,376 [INFO] CodeEngine:263 - oldGeneratedFile, C:\GIT\GIT_AULAS_FATEC\Exemplos_Codigo_STM32\Teste_ADC_1\Core\Inc\stm32f1xx_it.h_save
2025-09-30 21:11:53,439 [INFO] CodeEngine:287 - Generated code: C:\GIT\GIT_AULAS_FATEC\Exemplos_Codigo_STM32\Teste_ADC_1\Core\Inc\stm32f1xx_it.h
2025-09-30 21:11:53,457 [INFO] CodeEngine:263 - oldGeneratedFile, C:\GIT\GIT_AULAS_FATEC\Exemplos_Codigo_STM32\Teste_ADC_1\Core\Src\stm32f1xx_hal_msp.c_save
2025-09-30 21:11:53,554 [INFO] CodeEngine:287 - Generated code: C:\GIT\GIT_AULAS_FATEC\Exemplos_Codigo_STM32\Teste_ADC_1\Core\Src\stm32f1xx_hal_msp.c
2025-09-30 21:11:53,560 [INFO] CodeEngine:263 - oldGeneratedFile, C:\GIT\GIT_AULAS_FATEC\Exemplos_Codigo_STM32\Teste_ADC_1\MXTmpFiles\system.tmp_save
2025-09-30 21:11:53,623 [INFO] CodeEngine:287 - Generated code: C:\GIT\GIT_AULAS_FATEC\Exemplos_Codigo_STM32\Teste_ADC_1\MXTmpFiles\system.tmp
2025-09-30 21:11:53,637 [INFO] CodeEngine:319 - oldGeneratedFile, C:\GIT\GIT_AULAS_FATEC\Exemplos_Codigo_STM32\Teste_ADC_1\Core\Inc\stm32f1xx_hal_conf.h_save
2025-09-30 21:11:53,705 [INFO] CodeEngine:343 - Generated code: C:\GIT\GIT_AULAS_FATEC\Exemplos_Codigo_STM32\Teste_ADC_1\Core\Inc\stm32f1xx_hal_conf.h
2025-09-30 21:11:53,730 [INFO] CodeEngine:263 - oldGeneratedFile, C:\GIT\GIT_AULAS_FATEC\Exemplos_Codigo_STM32\Teste_ADC_1\Core\Inc\main.h_save
2025-09-30 21:11:53,794 [INFO] CodeEngine:287 - Generated code: C:\GIT\GIT_AULAS_FATEC\Exemplos_Codigo_STM32\Teste_ADC_1\Core\Inc\main.h
2025-09-30 21:11:53,802 [INFO] CodeEngine:263 - oldGeneratedFile, C:\GIT\GIT_AULAS_FATEC\Exemplos_Codigo_STM32\Teste_ADC_1\Core\Src\main.c_save
2025-09-30 21:11:53,924 [INFO] CodeEngine:287 - Generated code: C:\GIT\GIT_AULAS_FATEC\Exemplos_Codigo_STM32\Teste_ADC_1\Core\Src\main.c
2025-09-30 21:11:54,288 [INFO] ProjectBuilder:3324 - Time for Copy HAL[1] : 180mS.
2025-09-30 21:11:54,291 [INFO] ProjectBuilder:4912 - Project Generator version: 4.6.0.1-B1
2025-09-30 21:11:54,383 [INFO] ConfigFileManager:1590 - The Die is : DIE410
2025-09-30 21:11:55,574 [INFO] ProjectBuilder:5191 - Time for Generating toolchain IDE Files: 1283mS.
2025-09-30 21:11:55,576 [INFO] ProjectBuilder:3181 - Time for Copy CMSIS : 1mS.
2025-09-30 21:11:55,580 [INFO] ProjectBuilder:3181 - Time for Copy CMSIS : 0mS.
2025-09-30 21:12:40,172 [INFO] WebApp:194 - Connection lost
2025-09-30 21:12:40,628 [INFO] WebApp:191 - Connection restablished
2025-09-30 21:14:14,677 [INFO] WebApp:194 - Connection lost
2025-09-30 21:14:14,956 [INFO] WebApp:191 - Connection restablished
2025-09-30 21:17:31,165 [INFO] WebApp:194 - Connection lost
2025-09-30 21:17:31,395 [INFO] WebApp:191 - Connection restablished
2025-09-30 21:23:12,175 [INFO] WebApp:194 - Connection lost
2025-09-30 21:23:12,413 [INFO] WebApp:191 - Connection restablished
2025-09-30 21:34:34,016 [ERROR] LogOutputStream:75 - [STDERR_REDIRECT] 
