2025-10-26 18:02:01,046 [INFO] Activator:176 - 


2025-10-26 18:02:01,054 [INFO] Activator:177 - !SESSION log4j initialized
2025-10-26 18:02:09,426 [INFO] LogOutputStream:77 - [STDOUT_REDIRECT] 
2025-10-26 18:02:12,128 [INFO] ApplicationProperties:184 - Using Application install path: C:\ST\STM32CubeIDE_1.18.0\STM32CubeIDE\plugins\com.st.stm32cube.common.mx_6.14.1.202504091515
2025-10-26 18:02:12,152 [INFO] DbMcusXml:78 - Set database path to: C:\ST\STM32CubeIDE_1.18.0\STM32CubeIDE\plugins\com.st.stm32cube.common.mx_6.14.1.202504091515\\db\/mcu/
2025-10-26 18:02:12,152 [INFO] ApiDb:274 - Set plugin database path to: C:\ST\STM32CubeIDE_1.18.0\STM32CubeIDE\plugins\com.st.stm32cube.common.mx_6.14.1.202504091515\\db\/plugins/boardmanager/
2025-10-26 18:02:12,153 [WARN] ApiDb:259 - Overriding images path with different value:  => C:\ST\STM32CubeIDE_1.18.0\STM32CubeIDE\plugins\com.st.stm32cube.common.mx_6.14.1.202504091515\\db\/plugins/mcufinder/images/
2025-10-26 18:02:12,175 [INFO] ApiDb:250 - Set database path to: C:\Users\User\.stmcufinder\plugins\mcufinder//mcu/
2025-10-26 18:02:12,177 [INFO] DbMcusAds:125 - Set database path to: C:\Users\User\.stmcufinder\plugins\mcufinder//mcu/
2025-10-26 18:02:12,180 [INFO] CrossReferenceDbSqlite:203 - Set database path to: C:\Users\User\.stmcufinder\plugins\mcufinder//mcu/cs/
2025-10-26 18:02:12,362 [INFO] RulesReader:64 - Compatibility file has been processed (302 Rules)
2025-10-26 18:02:12,832 [INFO] DbMcusXml:78 - Set database path to: C:\ST\STM32CubeIDE_1.18.0\STM32CubeIDE\plugins\com.st.stm32cube.common.mx_6.14.1.202504091515\\db\/mcu/
2025-10-26 18:02:12,832 [INFO] ApiDb:274 - Set plugin database path to: C:\ST\STM32CubeIDE_1.18.0\STM32CubeIDE\plugins\com.st.stm32cube.common.mx_6.14.1.202504091515\\db\/plugins/boardmanager/
2025-10-26 18:02:12,832 [INFO] ApiDb:261 - Set plugin images path to: C:\ST\STM32CubeIDE_1.18.0\STM32CubeIDE\plugins\com.st.stm32cube.common.mx_6.14.1.202504091515\\db\/plugins/mcufinder/images/
2025-10-26 18:02:12,832 [WARN] DbFile:41 - Overriding database path with different value: C:\Users\User\.stmcufinder\plugins\mcufinder/ => C:\Users\User\.stmcufinder\plugins\mcufinder
2025-10-26 18:02:12,833 [INFO] ApiDb:250 - Set database path to: C:\Users\User\.stmcufinder\plugins\mcufinder//mcu/
2025-10-26 18:02:12,833 [WARN] DbFile:41 - Overriding database path with different value: C:\Users\User\.stmcufinder\plugins\mcufinder/ => C:\Users\User\.stmcufinder\plugins\mcufinder
2025-10-26 18:02:12,833 [INFO] DbMcusAds:125 - Set database path to: C:\Users\User\.stmcufinder\plugins\mcufinder//mcu/
2025-10-26 18:02:12,833 [WARN] DbFile:41 - Overriding database path with different value: C:\Users\User\.stmcufinder\plugins\mcufinder/ => C:\Users\User\.stmcufinder\plugins\mcufinder
2025-10-26 18:02:12,833 [WARN] DbFile:41 - Overriding database path with different value: C:\Users\User\.stmcufinder\plugins\mcufinder/ => C:\Users\User\.stmcufinder\plugins\mcufinder
2025-10-26 18:02:12,833 [INFO] CrossReferenceDbSqlite:203 - Set database path to: C:\Users\User\.stmcufinder\plugins\mcufinder//mcu/cs/
2025-10-26 18:02:13,027 [INFO] MainPanel:272 - HeapMemory: 268435456
2025-10-26 18:02:13,237 [INFO] DbMcusXml:78 - Set database path to: C:\ST\STM32CubeIDE_1.18.0\STM32CubeIDE\plugins\com.st.stm32cube.common.mx_6.14.1.202504091515\\db\/mcu/
2025-10-26 18:02:13,237 [INFO] ApiDb:274 - Set plugin database path to: C:\ST\STM32CubeIDE_1.18.0\STM32CubeIDE\plugins\com.st.stm32cube.common.mx_6.14.1.202504091515\\db\/plugins/boardmanager/
2025-10-26 18:02:13,237 [INFO] ApiDb:261 - Set plugin images path to: C:\ST\STM32CubeIDE_1.18.0\STM32CubeIDE\plugins\com.st.stm32cube.common.mx_6.14.1.202504091515\\db\/plugins/mcufinder/images/
2025-10-26 18:02:13,238 [WARN] DbFile:41 - Overriding database path with different value: C:\Users\User\.stmcufinder\plugins\mcufinder/ => C:\Users\User\.stmcufinder\plugins\mcufinder
2025-10-26 18:02:13,238 [INFO] ApiDb:250 - Set database path to: C:\Users\User\.stmcufinder\plugins\mcufinder//mcu/
2025-10-26 18:02:13,238 [WARN] DbFile:41 - Overriding database path with different value: C:\Users\User\.stmcufinder\plugins\mcufinder/ => C:\Users\User\.stmcufinder\plugins\mcufinder
2025-10-26 18:02:13,238 [INFO] DbMcusAds:125 - Set database path to: C:\Users\User\.stmcufinder\plugins\mcufinder//mcu/
2025-10-26 18:02:13,238 [WARN] DbFile:41 - Overriding database path with different value: C:\Users\User\.stmcufinder\plugins\mcufinder/ => C:\Users\User\.stmcufinder\plugins\mcufinder
2025-10-26 18:02:13,238 [WARN] DbFile:41 - Overriding database path with different value: C:\Users\User\.stmcufinder\plugins\mcufinder/ => C:\Users\User\.stmcufinder\plugins\mcufinder
2025-10-26 18:02:13,238 [INFO] CrossReferenceDbSqlite:203 - Set database path to: C:\Users\User\.stmcufinder\plugins\mcufinder//mcu/cs/
2025-10-26 18:02:13,275 [INFO] ApplicationProperties:184 - Using Application install path: C:\ST\STM32CubeIDE_1.18.0\STM32CubeIDE\plugins\com.st.stm32cube.common.mx_6.14.1.202504091515
2025-10-26 18:02:13,277 [INFO] PluginManage:196 - Search for loadable plugins [exclusion list=, ]
2025-10-26 18:02:13,279 [INFO] PluginManage:310 - Check plugin analytics
2025-10-26 18:02:13,775 [INFO] AnalyticsPlugin:253 - Accepted Software Licenses: 
2025-10-26 18:02:13,776 [INFO] AnalyticsPlugin:255 - Accepted CMSIS Pack Licenses: 
2025-10-26 18:02:13,776 [INFO] AnalyticsPlugin:257 - Accepted Firmware Licenses: FW.C0.1.1.0
2025-10-26 18:02:13,780 [INFO] PluginManage:359 - Loaded plugin analytics (category:tool,tabindex:-1)
2025-10-26 18:02:13,780 [INFO] PluginManage:310 - Check plugin cadmodel
2025-10-26 18:02:13,790 [INFO] CADModel:105 - Init CAD model plugin
2025-10-26 18:02:13,790 [INFO] PluginManage:359 - Loaded plugin cadmodel (category:power,tabindex:5)
2025-10-26 18:02:13,790 [INFO] PluginManage:310 - Check plugin clock
2025-10-26 18:02:13,805 [INFO] PluginManage:359 - Loaded plugin clock (category:base,tabindex:2)
2025-10-26 18:02:13,805 [INFO] PluginManage:310 - Check plugin ddr
2025-10-26 18:02:13,808 [INFO] PluginManage:359 - Loaded plugin ddr (category:tool,tabindex:6)
2025-10-26 18:02:13,809 [INFO] PluginManage:310 - Check plugin filemanager
2025-10-26 18:02:14,005 [INFO] PluginManage:359 - Loaded plugin filemanager (category:base,tabindex:10)
2025-10-26 18:02:14,005 [INFO] PluginManage:310 - Check plugin ipmanager
2025-10-26 18:02:14,014 [INFO] PluginManage:359 - Loaded plugin ipmanager (category:base,tabindex:5)
2025-10-26 18:02:14,015 [INFO] PluginManage:310 - Check plugin lpbam
2025-10-26 18:02:14,025 [INFO] PluginManage:359 - Loaded plugin lpbam (category:base,tabindex:0)
2025-10-26 18:02:14,025 [INFO] PluginManage:310 - Check plugin memorymap
2025-10-26 18:02:14,044 [INFO] PluginManage:359 - Loaded plugin memorymap (category:base,tabindex:4)
2025-10-26 18:02:14,045 [INFO] PluginManage:310 - Check plugin pinoutandconfiguration
2025-10-26 18:02:14,057 [INFO] PluginManage:359 - Loaded plugin pinoutandconfiguration (category:base,tabindex:1)
2025-10-26 18:02:14,057 [INFO] PluginManage:310 - Check plugin pinoutconfig
2025-10-26 18:02:14,186 [WARN] SupportedApi:132 - Cannot load RTOS API schema: s4s-elt-must-match.1: The content of 'definitions' must match (annotation?, (simpleType | complexType)?, (unique | key | keyref)*)). A problem was found starting at: attribute.
2025-10-26 18:02:14,388 [INFO] PluginManage:359 - Loaded plugin pinoutconfig (category:base,tabindex:0)
2025-10-26 18:02:14,389 [INFO] PluginManage:310 - Check plugin power
2025-10-26 18:02:14,448 [INFO] PluginManage:359 - Loaded plugin power (category:power,tabindex:4)
2025-10-26 18:02:14,449 [INFO] PluginManage:310 - Check plugin projectmanager
2025-10-26 18:02:14,496 [INFO] PluginManage:359 - Loaded plugin projectmanager (category:projectmanager,tabindex:4)
2025-10-26 18:02:14,496 [INFO] PluginManage:310 - Check plugin rif
2025-10-26 18:02:14,670 [INFO] PluginManage:359 - Loaded plugin rif (category:base,tabindex:3)
2025-10-26 18:02:14,670 [INFO] PluginManage:310 - Check plugin thirdparty
2025-10-26 18:02:14,890 [INFO] PluginManage:359 - Loaded plugin thirdparty (category:base,tabindex:-1)
2025-10-26 18:02:14,890 [WARN] IntegrityCheckThread:84 - waiting for thirdparty lock release [integrity check]
2025-10-26 18:02:14,891 [INFO] PluginManage:310 - Check plugin tools
2025-10-26 18:02:14,891 [INFO] IntegrityCheckThread:86 - entering critical section [integrity check]
2025-10-26 18:02:14,891 [INFO] ThirdPartyUpdaterWithRetryManager:70 - Updater plugin not ready yet. [1/15]
2025-10-26 18:02:14,895 [INFO] PluginManage:359 - Loaded plugin tools (category:base,tabindex:7)
2025-10-26 18:02:14,895 [INFO] PluginManage:310 - Check plugin tutovideos
2025-10-26 18:02:15,123 [INFO] PluginManage:359 - Loaded plugin tutovideos (category:base,tabindex:-1)
2025-10-26 18:02:15,124 [INFO] PluginManage:310 - Check plugin updater
2025-10-26 18:02:15,155 [INFO] PluginManage:359 - Loaded plugin updater (category:base,tabindex:12)
2025-10-26 18:02:15,156 [INFO] PluginManage:310 - Check plugin userauth
2025-10-26 18:02:15,162 [INFO] UserAuth:118 - Init User Auth plugin
2025-10-26 18:02:15,162 [INFO] PluginManage:359 - Loaded plugin userauth (category:base,tabindex:14)
2025-10-26 18:02:15,163 [INFO] PluginManage:283 - PluginManage : Loaded plugins [18]
2025-10-26 18:02:15,753 [INFO] PinOutPanel:1589 - setPackage(No Configuration,No Configuration)
2025-10-26 18:02:15,951 [INFO] CADModel:165 - CPN selected for project level
2025-10-26 18:02:15,952 [INFO] CADModel:114 - Register for checkConnection events
2025-10-26 18:02:15,994 [INFO] IPUIPlugin:80 - create IPUIPlugin
2025-10-26 18:02:15,995 [INFO] PluginManager:220 - loadIPPluginJar : add adc
2025-10-26 18:02:16,001 [INFO] IPUIPlugin:80 - create IPUIPlugin
2025-10-26 18:02:16,001 [INFO] PluginManager:220 - loadIPPluginJar : add aes
2025-10-26 18:02:16,009 [INFO] IPUIPlugin:80 - create IPUIPlugin
2025-10-26 18:02:16,009 [INFO] PluginManager:220 - loadIPPluginJar : add can
2025-10-26 18:02:16,014 [INFO] IPUIPlugin:80 - create IPUIPlugin
2025-10-26 18:02:16,014 [INFO] PluginManager:220 - loadIPPluginJar : add comp
2025-10-26 18:02:16,021 [INFO] IPUIPlugin:80 - create IPUIPlugin
2025-10-26 18:02:16,021 [INFO] PluginManager:220 - loadIPPluginJar : add cryp
2025-10-26 18:02:16,027 [INFO] IPUIPlugin:80 - create IPUIPlugin
2025-10-26 18:02:16,027 [INFO] PluginManager:220 - loadIPPluginJar : add ddr_ctrl_phy
2025-10-26 18:02:16,033 [INFO] IPUIPlugin:80 - create IPUIPlugin
2025-10-26 18:02:16,034 [INFO] PluginManager:220 - loadIPPluginJar : add dfsdm
2025-10-26 18:02:16,092 [INFO] IPUIPlugin:80 - create IPUIPlugin
2025-10-26 18:02:16,094 [INFO] PluginManager:220 - loadIPPluginJar : add dma
2025-10-26 18:02:16,125 [INFO] IPUIPlugin:80 - create IPUIPlugin
2025-10-26 18:02:16,126 [INFO] PluginManager:220 - loadIPPluginJar : add dma3
2025-10-26 18:02:16,142 [INFO] IPUIPlugin:80 - create IPUIPlugin
2025-10-26 18:02:16,143 [INFO] PluginManager:220 - loadIPPluginJar : add extmemmanager
2025-10-26 18:02:16,158 [INFO] IPUIPlugin:80 - create IPUIPlugin
2025-10-26 18:02:16,158 [INFO] PluginManager:220 - loadIPPluginJar : add fatfs
2025-10-26 18:02:16,189 [INFO] IPUIPlugin:80 - create IPUIPlugin
2025-10-26 18:02:16,189 [INFO] PluginManager:220 - loadIPPluginJar : add fmc
2025-10-26 18:02:16,211 [INFO] IPUIPlugin:80 - create IPUIPlugin
2025-10-26 18:02:16,212 [INFO] PluginManager:220 - loadIPPluginJar : add freertos
2025-10-26 18:02:16,216 [INFO] IPUIPlugin:80 - create IPUIPlugin
2025-10-26 18:02:16,216 [INFO] PluginManager:220 - loadIPPluginJar : add genericplugin
2025-10-26 18:02:16,222 [INFO] IPUIPlugin:80 - create IPUIPlugin
2025-10-26 18:02:16,223 [INFO] PluginManager:220 - loadIPPluginJar : add gfxmmu
2025-10-26 18:02:16,233 [INFO] IPUIPlugin:80 - create IPUIPlugin
2025-10-26 18:02:16,233 [INFO] PluginManager:220 - loadIPPluginJar : add gic
2025-10-26 18:02:16,241 [INFO] IPUIPlugin:80 - create IPUIPlugin
2025-10-26 18:02:16,241 [INFO] PluginManager:220 - loadIPPluginJar : add gpio
2025-10-26 18:02:16,247 [INFO] IPUIPlugin:80 - create IPUIPlugin
2025-10-26 18:02:16,247 [INFO] PluginManager:220 - loadIPPluginJar : add gtzc
2025-10-26 18:02:16,252 [INFO] IPUIPlugin:80 - create IPUIPlugin
2025-10-26 18:02:16,252 [INFO] PluginManager:220 - loadIPPluginJar : add hash
2025-10-26 18:02:16,259 [INFO] IPUIPlugin:80 - create IPUIPlugin
2025-10-26 18:02:16,259 [INFO] PluginManager:220 - loadIPPluginJar : add i2c
2025-10-26 18:02:16,264 [INFO] IPUIPlugin:80 - create IPUIPlugin
2025-10-26 18:02:16,265 [INFO] PluginManager:220 - loadIPPluginJar : add i2s
2025-10-26 18:02:16,273 [INFO] IPUIPlugin:80 - create IPUIPlugin
2025-10-26 18:02:16,273 [INFO] PluginManager:220 - loadIPPluginJar : add i3c
2025-10-26 18:02:16,278 [INFO] IPUIPlugin:80 - create IPUIPlugin
2025-10-26 18:02:16,279 [INFO] PluginManager:220 - loadIPPluginJar : add ipddr
2025-10-26 18:02:16,295 [INFO] IPUIPlugin:80 - create IPUIPlugin
2025-10-26 18:02:16,295 [INFO] PluginManager:220 - loadIPPluginJar : add linkedlist
2025-10-26 18:02:16,304 [INFO] IPUIPlugin:80 - create IPUIPlugin
2025-10-26 18:02:16,305 [INFO] PluginManager:220 - loadIPPluginJar : add lorawan
2025-10-26 18:02:16,308 [INFO] IPUIPlugin:80 - create IPUIPlugin
2025-10-26 18:02:16,308 [INFO] PluginManager:220 - loadIPPluginJar : add ltdc
2025-10-26 18:02:16,321 [INFO] IPUIPlugin:80 - create IPUIPlugin
2025-10-26 18:02:16,321 [INFO] PluginManager:220 - loadIPPluginJar : add mdma
2025-10-26 18:02:16,329 [INFO] IPUIPlugin:80 - create IPUIPlugin
2025-10-26 18:02:16,329 [INFO] PluginManager:220 - loadIPPluginJar : add nvic
2025-10-26 18:02:16,336 [INFO] IPUIPlugin:80 - create IPUIPlugin
2025-10-26 18:02:16,337 [INFO] PluginManager:220 - loadIPPluginJar : add opamp
2025-10-26 18:02:16,344 [INFO] IPUIPlugin:80 - create IPUIPlugin
2025-10-26 18:02:16,344 [INFO] PluginManager:220 - loadIPPluginJar : add openamp
2025-10-26 18:02:16,351 [INFO] IPUIPlugin:80 - create IPUIPlugin
2025-10-26 18:02:16,351 [INFO] PluginManager:220 - loadIPPluginJar : add pdm2pcm
2025-10-26 18:02:16,364 [INFO] IPUIPlugin:80 - create IPUIPlugin
2025-10-26 18:02:16,370 [INFO] PluginManager:220 - loadIPPluginJar : add plateformsettings
2025-10-26 18:02:16,374 [INFO] IPUIPlugin:80 - create IPUIPlugin
2025-10-26 18:02:16,374 [INFO] PluginManager:220 - loadIPPluginJar : add quadspi
2025-10-26 18:02:16,379 [INFO] IPUIPlugin:80 - create IPUIPlugin
2025-10-26 18:02:16,383 [INFO] PluginManager:220 - loadIPPluginJar : add radio
2025-10-26 18:02:16,392 [INFO] IPUIPlugin:80 - create IPUIPlugin
2025-10-26 18:02:16,392 [INFO] PluginManager:220 - loadIPPluginJar : add resmgrutility
2025-10-26 18:02:16,398 [INFO] IPUIPlugin:80 - create IPUIPlugin
2025-10-26 18:02:16,399 [INFO] PluginManager:220 - loadIPPluginJar : add sai
2025-10-26 18:02:16,405 [INFO] IPUIPlugin:80 - create IPUIPlugin
2025-10-26 18:02:16,405 [INFO] PluginManager:220 - loadIPPluginJar : add spi
2025-10-26 18:02:16,468 [INFO] IPUIPlugin:80 - create IPUIPlugin
2025-10-26 18:02:16,469 [INFO] PluginManager:220 - loadIPPluginJar : add stm32_wpan
2025-10-26 18:02:16,509 [INFO] IPUIPlugin:80 - create IPUIPlugin
2025-10-26 18:02:16,509 [INFO] PluginManager:220 - loadIPPluginJar : add tim
2025-10-26 18:02:16,559 [INFO] IPUIPlugin:80 - create IPUIPlugin
2025-10-26 18:02:16,560 [INFO] PluginManager:220 - loadIPPluginJar : add touchsensing
2025-10-26 18:02:16,596 [INFO] IPUIPlugin:80 - create IPUIPlugin
2025-10-26 18:02:16,597 [INFO] PluginManager:220 - loadIPPluginJar : add tracer_emb
2025-10-26 18:02:16,625 [INFO] IPUIPlugin:80 - create IPUIPlugin
2025-10-26 18:02:16,625 [INFO] PluginManager:220 - loadIPPluginJar : add ts
2025-10-26 18:02:16,636 [INFO] IPUIPlugin:80 - create IPUIPlugin
2025-10-26 18:02:16,636 [INFO] PluginManager:220 - loadIPPluginJar : add tsc
2025-10-26 18:02:16,647 [INFO] IPUIPlugin:80 - create IPUIPlugin
2025-10-26 18:02:16,647 [INFO] PluginManager:220 - loadIPPluginJar : add ucpd
2025-10-26 18:02:16,652 [INFO] IPUIPlugin:80 - create IPUIPlugin
2025-10-26 18:02:16,652 [INFO] PluginManager:220 - loadIPPluginJar : add usart
2025-10-26 18:02:16,657 [INFO] IPUIPlugin:80 - create IPUIPlugin
2025-10-26 18:02:16,657 [INFO] PluginManager:220 - loadIPPluginJar : add usbx
2025-10-26 18:02:16,849 [FATAL] Updater:351 - Updater called before beeing initialized
2025-10-26 18:02:16,887 [INFO] RulesReader:64 - Compatibility file has been processed (302 Rules)
2025-10-26 18:02:16,904 [INFO] RulesReader:64 - Compatibility file has been processed (302 Rules)
2025-10-26 18:02:16,913 [INFO] CADModel:165 - CPN selected for project level
2025-10-26 18:02:16,913 [INFO] CADModel:114 - Register for checkConnection events
2025-10-26 18:02:16,914 [FATAL] Updater:351 - Updater called before beeing initialized
2025-10-26 18:02:16,914 [ERROR] CADModel:125 - Updater not yet initialized, retry later 
2025-10-26 18:02:17,153 [FATAL] Updater:351 - Updater called before beeing initialized
2025-10-26 18:02:17,156 [INFO] CADModel:165 - CPN selected for project level
2025-10-26 18:02:17,157 [INFO] CADModel:114 - Register for checkConnection events
2025-10-26 18:02:17,157 [FATAL] Updater:351 - Updater called before beeing initialized
2025-10-26 18:02:17,157 [ERROR] CADModel:125 - Updater not yet initialized, retry later 
2025-10-26 18:02:17,164 [FATAL] Updater:351 - Updater called before beeing initialized
2025-10-26 18:02:17,449 [FATAL] Updater:351 - Updater called before beeing initialized
2025-10-26 18:02:17,507 [INFO] DbMcusAds:53 - JSON generation date=Thu Oct 02 06:36:05 BRT 2025 (1759397765645)
2025-10-26 18:02:17,507 [FATAL] Updater:351 - Updater called before beeing initialized
2025-10-26 18:02:17,786 [WARN] DetailPanel:346 - Failed to get advertising image, set to default
2025-10-26 18:02:17,893 [INFO] ThirdPartyUpdaterWithRetryManager:70 - Updater plugin not ready yet. [2/15]
2025-10-26 18:02:18,084 [FATAL] Updater:351 - Updater called before beeing initialized
2025-10-26 18:02:18,087 [FATAL] Updater:351 - Updater called before beeing initialized
2025-10-26 18:02:18,087 [FATAL] Updater:351 - Updater called before beeing initialized
2025-10-26 18:02:18,087 [WARN] DetailPanel:346 - Failed to get advertising image, set to default
2025-10-26 18:02:18,088 [FATAL] Updater:351 - Updater called before beeing initialized
2025-10-26 18:02:18,145 [ERROR] Updater:1198 - MainUpdater not yet initialized. External WinMGr cannot be set.
2025-10-26 18:02:18,148 [INFO] Updater:1134 - Updater Version found : 6.14.1
2025-10-26 18:02:18,183 [INFO] ApplicationProperties:184 - Using Application install path: C:\ST\STM32CubeIDE_1.18.0\STM32CubeIDE\plugins\com.st.stm32cube.common.mx_6.14.1.202504091515
2025-10-26 18:02:18,800 [INFO] MainUpdater:2872 - connection check result : 10
2025-10-26 18:02:18,801 [INFO] MainUpdater:289 - Updater Check For Update Now.
2025-10-26 18:02:18,801 [INFO] MicroXplorer:498 - Change Database Version : DB.6.0.141
2025-10-26 18:02:18,815 [INFO] McuFinderGlobals:63 - Set McuFinder mode to 2 (CubeIDE integrated)
2025-10-26 18:02:18,816 [INFO] UserAuth:484 - Internet connection configuration mode: 1
2025-10-26 18:02:18,851 [INFO] JxBrowserEngine:152 - Initiate JxBrowser Engine with user profile folder
2025-10-26 18:02:19,044 [INFO] CheckServerUpdateThread:120 - End of CheckServer Thread
2025-10-26 18:02:21,811 [INFO] WebApp:169 - Instantiating new browser for Auth
2025-10-26 18:02:22,506 [WARN] PackLoader:240 - Cannot read IP mode file for STMicroelectronics.FP-SNS-MOTENVWB1.1.4.0
2025-10-26 18:02:22,550 [WARN] PackLoader:240 - Cannot read IP mode file for STMicroelectronics.FP-ATR-ASTRA1.2.0.2
2025-10-26 18:02:22,570 [WARN] PackLoader:240 - Cannot read IP mode file for STMicroelectronics.FP-ATR-ASTRA1.2.0.1
2025-10-26 18:02:22,588 [WARN] PackLoader:240 - Cannot read IP mode file for STMicroelectronics.X-CUBE-SMBUS.2.1.0
2025-10-26 18:02:22,604 [WARN] PackLoader:240 - Cannot read IP mode file for STMicroelectronics.X-CUBE-WB05N.1.1.0
2025-10-26 18:02:22,615 [WARN] PackLoader:240 - Cannot read IP mode file for STMicroelectronics.X-CUBE-ST60.1.0.0
2025-10-26 18:02:22,627 [WARN] PackLoader:240 - Cannot read IP mode file for STMicroelectronics.X-CUBE-TOUCHGFX.4.23.0
2025-10-26 18:02:22,633 [WARN] PackLoader:240 - Cannot read IP mode file for STMicroelectronics.X-CUBE-TOUCHGFX.4.23.2
2025-10-26 18:02:22,698 [WARN] PackLoader:240 - Cannot read IP mode file for STMicroelectronics.X-CUBE-AZRTOS-F7.1.1.0
2025-10-26 18:02:22,713 [WARN] PackLoader:240 - Cannot read IP mode file for STMicroelectronics.FP-SNS-MOTENV1.4.3.2
2025-10-26 18:02:22,814 [WARN] PackLoader:240 - Cannot read IP mode file for STMicroelectronics.X-CUBE-MEMS1.11.0.0
2025-10-26 18:02:23,124 [WARN] PackLoader:240 - Cannot read IP mode file for STMicroelectronics.FP-SNS-FLIGHT1.5.0.2
2025-10-26 18:02:23,201 [WARN] PackLoader:240 - Cannot read IP mode file for STMicroelectronics.X-CUBE-AZRTOS-H7.3.4.0
2025-10-26 18:02:23,224 [WARN] PackLoader:240 - Cannot read IP mode file for STMicroelectronics.X-CUBE-DISPLAY.3.0.0
2025-10-26 18:02:23,242 [WARN] PackLoader:240 - Cannot read IP mode file for STMicroelectronics.X-CUBE-BLE1.7.0.0
2025-10-26 18:02:23,259 [WARN] PackLoader:240 - Cannot read IP mode file for STMicroelectronics.X-CUBE-NFC10.1.0.0
2025-10-26 18:02:23,284 [WARN] PackLoader:240 - Cannot read IP mode file for STMicroelectronics.X-CUBE-BLEMGR.4.0.0
2025-10-26 18:02:23,303 [WARN] PackLoader:240 - Cannot read IP mode file for STMicroelectronics.X-CUBE-ST60.1.1.0
2025-10-26 18:02:23,314 [WARN] PackLoader:240 - Cannot read IP mode file for emotas.I-CUBE-CANOPEN.1.3.0
2025-10-26 18:02:23,331 [WARN] PackLoader:240 - Cannot read IP mode file for STMicroelectronics.X-CUBE-BLEMGR.3.1.0
2025-10-26 18:02:23,357 [WARN] PackLoader:240 - Cannot read IP mode file for STMicroelectronics.X-CUBE-AI.10.0.0
2025-10-26 18:02:23,369 [ERROR] Engine:466 - C:\Users\User\.stm32cubemx\thirdparties\pdsc\STMicroelectronics.FP-SNS-STBOX1.2.1.0.pdsc: PDSC version is not supported
2025-10-26 18:02:23,382 [WARN] PackLoader:240 - Cannot read IP mode file for STMicroelectronics.FP-SNS-SMARTAG2.1.2.0
2025-10-26 18:02:23,389 [WARN] PackLoader:240 - Cannot read IP mode file for STMicroelectronics.FP-SNS-FLIGHT1.5.1.0
2025-10-26 18:02:23,499 [WARN] PackLoader:240 - Cannot read IP mode file for STMicroelectronics.X-CUBE-MEMS1.11.1.0
2025-10-26 18:02:23,742 [INFO] LogOutputStream:77 - [STDOUT_REDIRECT] 1 : Invalid condition id : UX_CORESTACK_Condition cause : null
2025-10-26 18:02:23,744 [INFO] LogOutputStream:77 - [STDOUT_REDIRECT] 1 : Invalid condition id : UX_CORESTACK_Condition cause : null
2025-10-26 18:02:23,746 [INFO] LogOutputStream:77 - [STDOUT_REDIRECT] 1 : Invalid condition id : UX_CORESTACK_Condition cause : null
2025-10-26 18:02:23,749 [INFO] LogOutputStream:77 - [STDOUT_REDIRECT] 1 : Invalid condition id : UX_CORESTACK_Condition cause : null
2025-10-26 18:02:23,752 [INFO] LogOutputStream:77 - [STDOUT_REDIRECT] 1 : Invalid condition id : UX_CORESTACK_Condition cause : null
2025-10-26 18:02:23,756 [WARN] PackLoader:240 - Cannot read IP mode file for STMicroelectronics.X-CUBE-AZRTOS-WL.2.0.0
2025-10-26 18:02:23,765 [WARN] PackLoader:240 - Cannot read IP mode file for STMicroelectronics.FP-SNS-MOTENV1.5.0.0
2025-10-26 18:02:23,774 [WARN] PackLoader:240 - Cannot read IP mode file for wolfSSL.I-CUBE-wolfMQTT.1.19.0
2025-10-26 18:02:23,785 [WARN] PackLoader:240 - Cannot read IP mode file for WES.I-CUBE-Cesium.1.3.0
2025-10-26 18:02:23,792 [WARN] PackLoader:240 - Cannot read IP mode file for STMicroelectronics.X-CUBE-BLE2.3.3.0
2025-10-26 18:02:23,808 [WARN] PackLoader:240 - Cannot read IP mode file for STMicroelectronics.X-CUBE-NFC9.1.0.0
2025-10-26 18:02:23,815 [WARN] PackLoader:240 - Cannot read IP mode file for STMicroelectronics.X-CUBE-BLE1.7.1.0
2025-10-26 18:02:23,825 [WARN] PackLoader:240 - Cannot read IP mode file for STMicroelectronics.X-CUBE-TCPP.4.1.0
2025-10-26 18:02:23,837 [WARN] PackLoader:240 - Cannot read IP mode file for STMicroelectronics.X-CUBE-EEPRMA1.5.2.0
2025-10-26 18:02:23,845 [ERROR] Engine:466 - C:\Users\User\.stm32cubemx\thirdparties\pdsc\STMicroelectronics.X-CUBE-ST67W61.1.1.0.pdsc: PDSC version is not supported
2025-10-26 18:02:23,850 [WARN] PackLoader:240 - Cannot read IP mode file for STMicroelectronics.X-CUBE-AI.10.1.0
2025-10-26 18:02:23,858 [WARN] PackLoader:240 - Cannot read IP mode file for STMicroelectronics.X-CUBE-ALGOBUILD.1.3.0
2025-10-26 18:02:23,938 [WARN] PackLoader:240 - Cannot read IP mode file for STMicroelectronics.X-CUBE-MEMS1.11.2.0
2025-10-26 18:02:24,241 [WARN] PackLoader:240 - Cannot read IP mode file for STMicroelectronics.X-CUBE-AZRTOS-G0.1.1.0
2025-10-26 18:02:24,273 [WARN] PackLoader:240 - Cannot read IP mode file for STMicroelectronics.X-CUBE-SAFEA1.1.2.2
2025-10-26 18:02:24,291 [WARN] PackLoader:240 - Cannot read IP mode file for STMicroelectronics.X-CUBE-NFC4.3.0.0
2025-10-26 18:02:24,347 [WARN] PackLoader:240 - Cannot read IP mode file for EmbeddedOffice.I-CUBE-FS-RTOS.1.0.1
2025-10-26 18:02:24,366 [WARN] PackLoader:240 - Cannot read IP mode file for STMicroelectronics.X-CUBE-WB05N.2.0.0
2025-10-26 18:02:24,390 [WARN] PackLoader:240 - Cannot read IP mode file for STMicroelectronics.X-CUBE-BLEMGR.3.0.0
2025-10-26 18:02:24,409 [WARN] PackLoader:240 - Cannot read IP mode file for STMicroelectronics.X-CUBE-TCPP.4.2.0
2025-10-26 18:02:24,415 [INFO] WebApp:463 - Apply proxy settings
2025-10-26 18:02:24,416 [INFO] WebApp:548 - Chromium requires no authentication
2025-10-26 18:02:24,442 [WARN] PackLoader:240 - Cannot read IP mode file for RealThread.X-CUBE-RT-Thread_Nano.4.1.1
2025-10-26 18:02:24,474 [WARN] PackLoader:240 - Cannot read IP mode file for wolfSSL.I-CUBE-wolfSSL.5.7.0
2025-10-26 18:02:24,488 [INFO] WebApp:491 - Direct internet connection detected
2025-10-26 18:02:24,495 [WARN] PackLoader:240 - Cannot read IP mode file for STMicroelectronics.FP-ATR-SIGFOX1.3.2.0
2025-10-26 18:02:24,522 [WARN] ConditionMgr:438 - getConditionDescription Invalid condition id : Cortex-A Device cause : null
2025-10-26 18:02:24,558 [WARN] ConditionMgr:1044 - genDependencies : Invalid condition id : Cortex-A Device cause : null
2025-10-26 18:02:24,558 [WARN] ConditionMgr:1044 - genDependencies : Invalid condition id : Cortex-A Device cause : null
2025-10-26 18:02:24,559 [WARN] ConditionMgr:1044 - genDependencies : Invalid condition id : Cortex-A Device cause : null
2025-10-26 18:02:24,572 [WARN] PackLoader:240 - Cannot read IP mode file for STMicroelectronics.X-CUBE-EEPRMA1.5.1.0
2025-10-26 18:02:24,592 [INFO] WebApp:894 - Register for checkConnection events
2025-10-26 18:02:24,593 [INFO] WebApp:463 - Apply proxy settings
2025-10-26 18:02:24,593 [INFO] WebApp:548 - Chromium requires no authentication
2025-10-26 18:02:24,594 [WARN] PackLoader:240 - Cannot read IP mode file for ITTIA_DB.I-CUBE-ITTIADB.8.9.0
2025-10-26 18:02:24,594 [INFO] WebApp:491 - Direct internet connection detected
2025-10-26 18:02:24,614 [WARN] PackLoader:240 - Cannot read IP mode file for STMicroelectronics.X-CUBE-ST67W61.1.0.0
2025-10-26 18:02:24,636 [WARN] PackLoader:240 - Cannot read IP mode file for STMicroelectronics.X-CUBE-AI.10.2.0
2025-10-26 18:02:24,685 [WARN] PackLoader:240 - Cannot read IP mode file for SEGGER.I-CUBE-embOS.1.3.1
2025-10-26 18:02:24,747 [WARN] PackLoader:240 - Cannot read IP mode file for STMicroelectronics.X-CUBE-ALGOBUILD.1.4.0
2025-10-26 18:02:24,834 [WARN] PackLoader:240 - Cannot read IP mode file for STMicroelectronics.X-CUBE-MEMS1.11.3.0
2025-10-26 18:02:25,085 [WARN] PackLoader:240 - Cannot read IP mode file for STMicroelectronics.X-CUBE-AI.9.1.0
2025-10-26 18:02:25,086 [INFO] WebApp:191 - Connection restablished
2025-10-26 18:02:25,129 [WARN] PackLoader:240 - Cannot read IP mode file for STMicroelectronics.X-CUBE-PM33A1.1.0.0
2025-10-26 18:02:25,155 [WARN] PackLoader:240 - Cannot read IP mode file for STMicroelectronics.X-CUBE-GNSS1.6.0.0
2025-10-26 18:02:25,187 [WARN] PackLoader:240 - Cannot read IP mode file for STMicroelectronics.X-CUBE-AZRTOS-F4.1.1.0
2025-10-26 18:02:25,209 [WARN] PackLoader:240 - Cannot read IP mode file for Avnet-IotConnect.X-CUBE-IoTC-DA16k-PMOD.1.0.0
2025-10-26 18:02:25,228 [WARN] PackLoader:240 - Cannot read IP mode file for STMicroelectronics.X-CUBE-ISPU.2.1.0
2025-10-26 18:02:25,237 [ERROR] Engine:466 - C:\Users\User\.stm32cubemx\thirdparties\pdsc\STMicroelectronics.X-CUBE-IPS.3.2.0.pdsc: PDSC version is not supported
2025-10-26 18:02:25,247 [WARN] PackLoader:240 - Cannot read IP mode file for STMicroelectronics.X-CUBE-FREERTOS.1.2.0
2025-10-26 18:02:25,258 [WARN] PackLoader:240 - Cannot read IP mode file for STMicroelectronics.X-CUBE-NFC12.1.0.0
2025-10-26 18:02:25,300 [WARN] PackLoader:240 - Cannot read IP mode file for STMicroelectronics.X-CUBE-AZRTOS-L5.2.0.0
2025-10-26 18:02:25,316 [WARN] PackLoader:240 - Cannot read IP mode file for STMicroelectronics.X-CUBE-EEPRMA1.4.2.0
2025-10-26 18:02:25,353 [WARN] PackLoader:240 - Cannot read IP mode file for STMicroelectronics.X-CUBE-NFC6.3.1.0
2025-10-26 18:02:25,366 [WARN] PackLoader:240 - Cannot read IP mode file for STMicroelectronics.X-CUBE-DPower.1.2.0
2025-10-26 18:02:25,373 [WARN] PackLoader:240 - Cannot read IP mode file for STMicroelectronics.X-CUBE-AI.9.0.0
2025-10-26 18:02:25,385 [WARN] PackLoader:240 - Cannot read IP mode file for STMicroelectronics.X-CUBE-FREERTOS.1.3.1
2025-10-26 18:02:25,412 [WARN] PackLoader:240 - Cannot read IP mode file for STMicroelectronics.X-CUBE-FREERTOS.1.3.0
2025-10-26 18:02:25,432 [WARN] PackLoader:240 - Cannot read IP mode file for STMicroelectronics.X-CUBE-NFC7.1.0.1
2025-10-26 18:02:25,452 [WARN] PackLoader:240 - Cannot read IP mode file for STMicroelectronics.X-CUBE-TOUCHGFX.4.26.0
2025-10-26 18:02:25,478 [WARN] PackLoader:240 - Cannot read IP mode file for STMicroelectronics.X-CUBE-NFC6.3.0.0
2025-10-26 18:02:25,493 [WARN] PackLoader:240 - Cannot read IP mode file for STMicroelectronics.X-CUBE-DPower.1.3.0
2025-10-26 18:02:25,501 [WARN] PackLoader:240 - Cannot read IP mode file for STMicroelectronics.X-CUBE-AI.8.1.0
2025-10-26 18:02:25,538 [WARN] ConditionMgr:438 - getConditionDescription Invalid condition id : LAN8742 Phy interface Condition cause : null
2025-10-26 18:02:25,539 [WARN] PackLoader:240 - Cannot read IP mode file for STMicroelectronics.X-CUBE-AZRTOS-L4.2.0.0
2025-10-26 18:02:25,542 [WARN] ConditionMgr:1044 - genDependencies : Invalid condition id : LAN8742 Phy interface Condition cause : null
2025-10-26 18:02:25,542 [WARN] ConditionMgr:1044 - genDependencies : Invalid condition id : LAN8742 Phy interface Condition cause : null
2025-10-26 18:02:25,543 [WARN] ConditionMgr:1044 - genDependencies : Invalid condition id : LAN8742 Phy interface Condition cause : null
2025-10-26 18:02:25,558 [WARN] PackLoader:240 - Cannot read IP mode file for STMicroelectronics.X-CUBE-SFXS2LP1.4.0.0
2025-10-26 18:02:25,608 [WARN] PackLoader:240 - Cannot read IP mode file for STMicroelectronics.X-CUBE-AZRTOS-H7.3.3.0
2025-10-26 18:02:25,643 [WARN] PackLoader:240 - Cannot read IP mode file for STMicroelectronics.X-CUBE-BLEMGR.4.1.0
2025-10-26 18:02:25,673 [WARN] PackLoader:240 - Cannot read IP mode file for STMicroelectronics.X-CUBE-IPS.3.0.0
2025-10-26 18:02:25,700 [WARN] ConditionMgr:438 - getConditionDescription Invalid condition id : UX DEVICE CLASS RTOS Condition cause : null
2025-10-26 18:02:25,701 [WARN] ConditionMgr:438 - getConditionDescription Invalid condition id : UX DEVICE CLASS RTOS Condition cause : null
2025-10-26 18:02:25,704 [WARN] PackLoader:240 - Cannot read IP mode file for STMicroelectronics.X-CUBE-AZRTOS-WB.2.0.0
2025-10-26 18:02:25,706 [WARN] ConditionMgr:1044 - genDependencies : Invalid condition id : UX DEVICE CLASS RTOS Condition cause : null
2025-10-26 18:02:25,706 [WARN] ConditionMgr:1044 - genDependencies : Invalid condition id : UX DEVICE CLASS RTOS Condition cause : null
2025-10-26 18:02:25,707 [WARN] ConditionMgr:1044 - genDependencies : Invalid condition id : UX DEVICE CLASS RTOS Condition cause : null
2025-10-26 18:02:25,707 [WARN] ConditionMgr:1044 - genDependencies : Invalid condition id : UX DEVICE CLASS RTOS Condition cause : null
2025-10-26 18:02:25,708 [WARN] ConditionMgr:1044 - genDependencies : Invalid condition id : UX DEVICE CLASS RTOS Condition cause : null
2025-10-26 18:02:25,728 [WARN] PackLoader:240 - Cannot read IP mode file for STMicroelectronics.X-CUBE-GNSS1.7.0.0
2025-10-26 18:02:25,746 [WARN] PackLoader:240 - Cannot read IP mode file for STMicroelectronics.X-CUBE-GNSS1.7.0.1
2025-10-26 18:02:25,760 [WARN] PackLoader:240 - Cannot read IP mode file for STMicroelectronics.X-CUBE-TOUCHGFX.4.25.0
2025-10-26 18:02:25,779 [WARN] PackLoader:240 - Cannot read IP mode file for STMicroelectronics.FP-SNS-STBOX1.2.0.0
2025-10-26 18:02:25,803 [WARN] PackLoader:240 - Cannot read IP mode file for STMicroelectronics.X-CUBE-SUBG2.5.0.0
2025-10-26 18:02:25,848 [WARN] PackLoader:240 - Cannot read IP mode file for STMicroelectronics.X-CUBE-AZRTOS-H7RS.1.1.0
2025-10-26 18:02:25,865 [WARN] PackLoader:240 - Cannot read IP mode file for Cesanta.I-CUBE-Mongoose.7.13.0
2025-10-26 18:02:25,881 [INFO] McuFinderGlobals:63 - Set McuFinder mode to 2 (CubeIDE integrated)
2025-10-26 18:02:25,892 [INFO] MainUpdater:2872 - connection check result : 10
2025-10-26 18:02:25,896 [WARN] PackLoader:240 - Cannot read IP mode file for STMicroelectronics.X-CUBE-AZRTOS-G4.2.0.0
2025-10-26 18:02:25,917 [WARN] PackLoader:240 - Cannot read IP mode file for STMicroelectronics.X-CUBE-NFC7.2.0.0
2025-10-26 18:02:25,939 [WARN] PackLoader:240 - Cannot read IP mode file for STMicroelectronics.FP-SNS-MOTENVWB1.1.3.1
2025-10-26 18:02:25,952 [WARN] PackLoader:240 - Cannot read IP mode file for STMicroelectronics.X-CUBE-ISPU.2.0.0
2025-10-26 18:02:25,970 [WARN] PackLoader:240 - Cannot read IP mode file for STMicroelectronics.X-CUBE-IPS.3.1.0
2025-10-26 18:02:25,994 [WARN] PackLoader:240 - Cannot read IP mode file for STMicroelectronics.X-CUBE-ALS.1.0.2
2025-10-26 18:02:26,059 [WARN] PackLoader:240 - Cannot read IP mode file for STMicroelectronics.X-CUBE-MEMS1.10.0.0
2025-10-26 18:02:26,124 [INFO] McuFinderGlobals:76 - Set McuFinderConnectedMode to true
2025-10-26 18:02:26,130 [INFO] WebApp:225 - Starting web application
2025-10-26 18:02:26,130 [INFO] WebApp:593 - Web application path used C:\ST\STM32CubeIDE_1.18.0\STM32CubeIDE\plugins\com.st.stm32cube.common.mx_6.14.1.202504091515\db\plugins\mcufinder\reactClient1\index.html
2025-10-26 18:02:26,425 [WARN] PackLoader:240 - Cannot read IP mode file for STMicroelectronics.X-CUBE-FREERTOS.1.1.0
2025-10-26 18:02:26,439 [WARN] PackLoader:240 - Cannot read IP mode file for STMicroelectronics.X-CUBE-TOUCHGFX.4.24.0
2025-10-26 18:02:26,461 [WARN] PackLoader:240 - Cannot read IP mode file for STMicroelectronics.X-CUBE-TOUCHGFX.4.24.2
2025-10-26 18:02:26,474 [WARN] PackLoader:240 - Cannot read IP mode file for STMicroelectronics.X-CUBE-TOUCHGFX.4.24.1
2025-10-26 18:02:26,501 [WARN] PackLoader:240 - Cannot read IP mode file for STMicroelectronics.X-CUBE-STSE01.1.0.0
2025-10-26 18:02:26,523 [WARN] PackLoader:240 - Cannot read IP mode file for wolfSSL.I-CUBE-wolfTPM.3.4.0
2025-10-26 18:02:26,545 [WARN] PackLoader:240 - Cannot read IP mode file for portGmbH.I-Cube-SoM-uGOAL.1.1.0
2025-10-26 18:02:26,571 [WARN] PackLoader:240 - Cannot read IP mode file for STMicroelectronics.X-CUBE-ALS.1.0.1
2025-10-26 18:02:26,577 [INFO] ServerAccessManage:473 - Download File mcusAds.json._tmp_
2025-10-26 18:02:26,630 [WARN] PackLoader:240 - Cannot read IP mode file for STMicroelectronics.X-CUBE-AZRTOS-H7RS.1.0.0
2025-10-26 18:02:26,644 [WARN] PackLoader:240 - Cannot read IP mode file for STMicroelectronics.FP-ATR-ASTRA1.2.0.0
2025-10-26 18:02:26,682 [WARN] PackLoader:240 - Cannot read IP mode file for STMicroelectronics.X-CUBE-TOF1.3.4.2
2025-10-26 18:02:26,720 [WARN] PackLoader:240 - Cannot read IP mode file for STMicroelectronics.X-CUBE-TOF1.3.4.3
2025-10-26 18:02:26,728 [INFO] LoadUrlFilesThread:156 - End of LoadUrlFiles Thread
2025-10-26 18:02:26,763 [WARN] PackLoader:240 - Cannot read IP mode file for STMicroelectronics.X-CUBE-TOF1.3.4.0
2025-10-26 18:02:26,802 [WARN] PackLoader:240 - Cannot read IP mode file for STMicroelectronics.X-CUBE-TOF1.3.4.1
2025-10-26 18:02:26,865 [WARN] PackLoader:240 - Cannot read IP mode file for STMicroelectronics.X-CUBE-AZRTOS-H7.3.2.0
2025-10-26 18:02:26,886 [INFO] UserAuth:484 - Internet connection configuration mode: 1
2025-10-26 18:02:26,947 [WARN] PackLoader:240 - Cannot read IP mode file for Infineon.AIROC-Wi-Fi-Bluetooth-STM32.1.6.0
2025-10-26 18:02:26,986 [INFO] ServerAccessManage:473 - Download File cube-finder-db.zip
2025-10-26 18:02:26,987 [WARN] PackLoader:240 - Cannot read IP mode file for wolfSSL.I-CUBE-wolfSSH.1.4.17
2025-10-26 18:02:26,988 [INFO] ThirdParty:978 - Integrity check success = true
2025-10-26 18:02:26,991 [INFO] IntegrityCheckThread:100 - exiting critical section [integrity check]
2025-10-26 18:02:26,991 [INFO] IntegrityCheckThread:103 - End integrity checks thread
2025-10-26 18:02:30,752 [INFO] FileExtend:242 - Unzip File : cube-finder-db.zip
2025-10-26 18:02:30,752 [INFO] FileExtend:257 - Standard Zip Deflate
2025-10-26 18:02:32,078 [INFO] LoadUrlFilesThread:156 - End of LoadUrlFiles Thread
2025-10-26 18:02:33,463 [INFO] ServerAccessManage:473 - Download File crdb.zip
2025-10-26 18:02:34,587 [INFO] FileExtend:242 - Unzip File : crdb.zip
2025-10-26 18:02:34,587 [INFO] FileExtend:257 - Standard Zip Deflate
2025-10-26 18:02:34,716 [INFO] LoadUrlFilesThread:156 - End of LoadUrlFiles Thread
2025-10-26 18:02:34,874 [INFO] ServerAccessManage:473 - Download File tutoVideoDB.zip
2025-10-26 18:02:34,889 [INFO] FileExtend:242 - Unzip File : tutoVideoDB.zip
2025-10-26 18:02:34,889 [INFO] FileExtend:257 - Standard Zip Deflate
2025-10-26 18:02:35,001 [INFO] LoadUrlFilesThread:156 - End of LoadUrlFiles Thread
2025-10-26 18:02:35,003 [WARN] DbFile:41 - Overriding database path with different value: C:\Users\User\.stmcufinder\plugins\mcufinder/ => C:\Users\User\.stmcufinder\plugins\mcufinder
2025-10-26 18:02:35,142 [INFO] ServerAccessManage:473 - Download File api_config.json
2025-10-26 18:02:35,255 [INFO] LoadUrlFilesThread:156 - End of LoadUrlFiles Thread
2025-10-26 18:02:35,256 [INFO] DbMcusAds:53 - JSON generation date=Thu Oct 02 06:36:05 BRT 2025 (1759397765645)
2025-10-26 18:02:35,299 [INFO] LoadUrlFilesThread:185 - End of LoadServerUrlFiles without Thread
2025-10-26 18:02:35,301 [INFO] TargetSelectorAdapter:259 - Refresh data is successful
2025-10-26 18:02:35,478 [INFO] ApiDb:581 - Connected to CubeFinder SQLite database (C:\Users\User\.stmcufinder\plugins\mcufinder\mcu\cube-finder-db.db)
2025-10-26 18:02:35,578 [INFO] ApiDb:668 - CubeFinder database Data Model version=2.1
2025-10-26 18:02:35,578 [INFO] ApiDb:669 - CubeFinder database Configuration version=3.0.39
2025-10-26 18:02:35,579 [INFO] ApiDb:670 - CubeFinder database generation date=2025-08-25 (1756130511)
2025-10-26 18:02:35,580 [INFO] ApiDb:671 - CubeFinder database FW Pack versions=[FP-ATR-ASTRA1_V2.0.0, FP-SNS-FLIGHT1_V5.1.0, FP-SNS-MOTENV1_V5.0.0, FP-SNS-MOTENVWB1_V1.4.0, FP-SNS-SMARTAG2_V1.2.0, FP-SNS-STBOX1_V2.1.0, STM32Cube_FW_C0_V1.4.0, STM32Cube_FW_F4_V1.28.3, STM32Cube_FW_F7_V1.17.4, STM32Cube_FW_G0_V1.6.2, STM32Cube_FW_G4_V1.6.1, STM32Cube_FW_H5_V1.5.0, STM32Cube_FW_H7RS_V1.2.0, STM32Cube_FW_H7_V1.12.1, STM32Cube_FW_L0_V1.12.2, STM32Cube_FW_L4_V1.18.1, STM32Cube_FW_L5_V1.5.1, STM32Cube_FW_N6_V1.2.0, STM32Cube_FW_U0_V1.3.0, STM32Cube_FW_U3_V1.2.0, STM32Cube_FW_U5_V1.8.0, STM32Cube_FW_WB0_V1.3.0, STM32Cube_FW_WBA_V1.7.0, STM32Cube_FW_WB_V1.23.0, STM32Cube_FW_WL3_V1.2.0, STM32Cube_FW_WL_V1.3.1, X-CUBE-ALGOBUILD_V1.4.0, X-CUBE-ALS_V1.0.2, X-CUBE-AZRTOS-F4_V1.1.0, X-CUBE-AZRTOS-F7_V1.1.0, X-CUBE-AZRTOS-G0_V1.1.0, X-CUBE-AZRTOS-G4_V2.0.0, X-CUBE-AZRTOS-H7RS_V1.1.0, X-CUBE-AZRTOS-H7_V3.4.0, X-CUBE-AZRTOS-L4_V2.0.0, X-CUBE-AZRTOS-L5_V2.0.0, X-CUBE-AZRTOS-WB_V2.0.0, X-CUBE-AZRTOS-WL_V2.0.0, X-CUBE-BLE1_V7.1.0, X-CUBE-BLE2_V3.3.0, X-CUBE-BLEMGR_V4.1.0, X-CUBE-EEPRMA1_V5.2.0, X-CUBE-FREERTOS_V1.3.1, X-CUBE-GNSS1_V6.0.0, X-CUBE-MEMS1_V11.3.0, X-CUBE-NFC4_V3.0.0, X-CUBE-NFC7_V2.0.0, X-CUBE-SFXS2LP1_V4.0.0, X-CUBE-ST67W61_V1.0.0, X-CUBE-SUBG2_V5.0.0, X-CUBE-TOF1_V3.4.3]
2025-10-26 18:02:38,487 [INFO] ApiDb:240 - Found 895 in-development CPN: [B-G473E-ZEST1S, B-WB1M-WPAN1, B-WBA5M-WPAN, B-WL5M-SUBG1, NUCLEO-C031C6, NUCLEO-C051C8, NUCLEO-C071RB, NUCLEO-C092RC, NUCLEO-H503RB, NUCLEO-H533RE, NUCLEO-H563ZI, NUCLEO-H7S3L8, NUCLEO-N657X0-Q, NUCLEO-U031R8, NUCLEO-U083RC, NUCLEO-U385RG-Q, NUCLEO-U545RE-Q, NUCLEO-U5A5ZJ-Q, NUCLEO-WB05KZ, NUCLEO-WB07CC, NUCLEO-WB09KE, NUCLEO-WBA52CG, NUCLEO-WBA55CG, NUCLEO-WBA65RI, NUCLEO-WL33CC1, NUCLEO-WL33CC2, STEVAL-PROTEUS1, STEVAL-SMARTAG2, STEVAL-STWINBX1, STM320518-EVAL, STM32C0116-DK, STM32C011D6Y3TR, STM32C011D6Y6TR, STM32C011F4P3, STM32C011F4P6, STM32C011F4U3, STM32C011F4U6TR, STM32C011F6P3, STM32C011F6P6, STM32C011F6U3, STM32C011F6U6TR, STM32C011J4M3, STM32C011J4M6, STM32C011J6M3, STM32C011J6M6, STM32C0316-DK, STM32C031C4T3, STM32C031C4T6, STM32C031C4U3, STM32C031C4U6, STM32C031C6T3, STM32C031C6T6, STM32C031C6U3, STM32C031C6U6, STM32C031F4P3, STM32C031F4P6, STM32C031F6P3, STM32C031F6P6, STM32C031G4U3, STM32C031G4U6, STM32C031G6U3, STM32C031G6U6, STM32C031K4T3, STM32C031K4T6, STM32C031K4U3, STM32C031K4U6, STM32C031K6T3, STM32C031K6T6, STM32C031K6U3, STM32C031K6U6, STM32C051C6T6, STM32C051C6U6, STM32C051C8T6, STM32C051C8U6, STM32C051D8Y6TR, STM32C051F6P6, STM32C051F8P6, STM32C051G6U6, STM32C051G8U6, STM32C051K6T6, STM32C051K6U6, STM32C051K8T6, STM32C071C8T6, STM32C071C8T6N, STM32C071C8U6, STM32C071C8U6N, STM32C071CBT6, STM32C071CBT6N, STM32C071CBU6, STM32C071CBU6N, STM32C071F8P6, STM32C071F8P6N, STM32C071FBP6, STM32C071FBP6N, STM32C071FBY6TR, STM32C071G8U6, STM32C071G8U6N, STM32C071GBU6, STM32C071GBU6N, STM32C071K8T6, STM32C071K8T6N, STM32C071K8U6, STM32C071K8U6N, STM32C071KBT6, STM32C071KBT6N, STM32C071KBU6, STM32C071KBU6N, STM32C071R8T6, STM32C071R8T6N, STM32C071RBI6N, STM32C071RBT6, STM32C071RBT6N, STM32C091CBT6, STM32C091CBU6, STM32C091CCT6, STM32C091CCU6, STM32C091ECY6TR, STM32C091FBP6, STM32C091FCP6, STM32C091GBU6, STM32C091GCU6, STM32C091KBT6, STM32C091KBU6, STM32C091KCT6, STM32C091KCU6, STM32C091RBT6, STM32C091RCI6, STM32C091RCT6, STM32C092CBT6, STM32C092CBU6, STM32C092CCT6, STM32C092CCU6, STM32C092ECY6TR, STM32C092FBP6, STM32C092FCP6, STM32C092GBU6, STM32C092GCU6, STM32C092KBT6, STM32C092KBU6, STM32C092KCT6, STM32C092KCU6, STM32C092RBT6, STM32C092RCI6, STM32C092RCT6, STM32G071K8TXN, STM32G071K8UXN, STM32G081GBU6N, STM32G081KBT6N, STM32G081KBUXN, STM32G0B1CCT6N, STM32G0B1KCT6, STM32G0B1NEY6TR, STM32G0B1RCT6N, STM32G0C1CCT6, STM32G0C1CCT6N, STM32G0C1CCU6N, STM32G0C1CET6N, STM32G0C1CEU6N, STM32G0C1KCT6, STM32G0C1NEY6TR, STM32G0C1RCI6N, STM32G0C1RCT6N, STM32G0C1REI6N, STM32G0C1RET6N, STM32G0C1VCI6, STM32G0C1VEI6, STM32G411C6T3, STM32G411C6T6, STM32G411C6U3, STM32G411C6U6, STM32G411C8T3, STM32G411C8T6, STM32G411C8U3, STM32G411C8U6, STM32G411CBT3, STM32G411CBT6, STM32G411CBU3, STM32G411CBU6, STM32G411CCT3, STM32G411CCT6, STM32G411CCU3, STM32G411CCU6, STM32G411K6T3, STM32G411K6T6, STM32G411K6U3, STM32G411K6U6, STM32G411K8T3, STM32G411K8T6, STM32G411K8U3, STM32G411K8U6, STM32G411KBT3, STM32G411KBT6, STM32G411KBU3, STM32G411KBU6, STM32G411M6T3, STM32G411M6T6, STM32G411M8T3, STM32G411M8T6, STM32G411MBT3, STM32G411MBT6, STM32G411MCT3, STM32G411MCT6, STM32G411R6T3, STM32G411R6T6, STM32G411R8T3, STM32G411R8T6, STM32G411RBT3, STM32G411RBT6, STM32G411RCT3, STM32G411RCT6, STM32G414CBT3, STM32G414CBT6, STM32G414CBU3, STM32G414CBU6, STM32G414CCT3, STM32G414CCT6, STM32G414CCU3, STM32G414CCU6, STM32G414MBT3, STM32G414MBT6, STM32G414MCT3, STM32G414MCT6, STM32G414RBT3, STM32G414RBT6, STM32G414RCT3, STM32G414RCT6, STM32G414VBT3, STM32G414VBT6, STM32G414VCT3, STM32G414VCT6, STM32G431CBT3Z, STM32G431RBT3Z, STM32G471CCT6, STM32G471CCU6, STM32G471CET3, STM32G471CET6, STM32G471CEU3, STM32G471CEU6, STM32G471MCT6, STM32G471MET3, STM32G471MET6, STM32G471MEY6TR, STM32G471QCT6, STM32G471QET3, STM32G471RCT6, STM32G471RET3, STM32G471RET6, STM32G471VCH6, STM32G471VCI6, STM32G471VCT6, STM32G471VEH3, STM32G471VEH6, STM32G471VEI3, STM32G471VEI6, STM32G471VET3, STM32G471VET6, STM32G473QET3Z, STM32G473RET3Z, STM32G474CCT6, STM32G491RET3Z, STM32H503CBT6, STM32H503CBU6, STM32H503EBY6TR, STM32H503KBU6, STM32H503RBT6, STM32H523CCT6, STM32H523CCU6, STM32H523CET6, STM32H523CEU6, STM32H523HEY6TR, STM32H523RCT6, STM32H523RET6, STM32H523VCI6, STM32H523VCT6, STM32H523VEI6, STM32H523VET6, STM32H523ZCJ6, STM32H523ZCT6, STM32H523ZEJ6, STM32H523ZET6, STM32H533CET6, STM32H533CEU6, STM32H533HEY6TR, STM32H533RET6, STM32H533VEI6, STM32H533VET6, STM32H533ZEJ6, STM32H533ZET6, STM32H562AGI6, STM32H562AII6, STM32H562IGK6, STM32H562IGT6, STM32H562IIK6, STM32H562IIT6, STM32H562RGT6, STM32H562RGV6, STM32H562RIT6, STM32H562RIV6, STM32H562VGT6, STM32H562VIT6, STM32H562ZGT6, STM32H562ZIT6, STM32H563AGI6, STM32H563AII3Q, STM32H563AII6, STM32H563IGK6, STM32H563IGT6, STM32H563IIK3Q, STM32H563IIK6, STM32H563IIT3Q, STM32H563IIT6, STM32H563MIY3QTR, STM32H563RGT6, STM32H563RGV6, STM32H563RIT6, STM32H563RIV6, STM32H563VGT6, STM32H563VIT3Q, STM32H563VIT6, STM32H563ZGT6, STM32H563ZIT3Q, STM32H563ZIT6, STM32H573AII3Q, STM32H573AII6, STM32H573I-DK, STM32H573IIK3Q, STM32H573IIK6, STM32H573IIT3Q, STM32H573IIT6, STM32H573MIY3QTR, STM32H573RIT6, STM32H573RIV6, STM32H573VIT3Q, STM32H573VIT6, STM32H573ZIT3Q, STM32H573ZIT6, STM32H7R3A8I6, STM32H7R3I8K6, STM32H7R3I8T6, STM32H7R3L8H6, STM32H7R3L8H6H, STM32H7R3R8V6, STM32H7R3V8H6, STM32H7R3V8T6, STM32H7R3V8Y6TR, STM32H7R3Z8J6, STM32H7R3Z8T6, STM32H7R7A8I6, STM32H7R7I8K6, STM32H7R7I8T6, STM32H7R7L8H6, STM32H7R7L8H6H, STM32H7R7Z8J6, STM32H7S3A8I6, STM32H7S3I8K6, STM32H7S3I8T6, STM32H7S3L8H6, STM32H7S3L8H6H, STM32H7S3R8V6, STM32H7S3V8H6, STM32H7S3V8T6, STM32H7S3V8Y6TR, STM32H7S3Z8J6, STM32H7S3Z8T6, STM32H7S78-DK, STM32H7S7A8I6, STM32H7S7I8K6, STM32H7S7I8T6, STM32H7S7L8H6, STM32H7S7L8H6H, STM32H7S7Z8J6, STM32L4R5QGI6STR, STM32MP131AAE3, STM32MP131AAF3, STM32MP131AAG3, STM32MP131CAE3, STM32MP131CAF3, STM32MP131CAG3, STM32MP131DAE7, STM32MP131DAF7, STM32MP131DAG7, STM32MP131FAE7, STM32MP131FAF7, STM32MP131FAG7, STM32MP133AAE3, STM32MP133AAF3, STM32MP133AAG3, STM32MP133CAE3, STM32MP133CAF3, STM32MP133CAG3, STM32MP133DAE7, STM32MP133DAF7, STM32MP133DAG7, STM32MP133FAE7, STM32MP133FAF7, STM32MP133FAG7, STM32MP135AAE3, STM32MP135AAF3, STM32MP135AAG3, STM32MP135CAE3, STM32MP135CAF3, STM32MP135CAG3, STM32MP135DAE7, STM32MP135DAF7, STM32MP135DAG7, STM32MP135F-DK, STM32MP135FAE7, STM32MP135FAF7, STM32MP135FAF7T, STM32MP135FAF7U, STM32MP135FAG7, STM32MP231AAJ3, STM32MP231AAK3, STM32MP231AAL3, STM32MP231CAJ3, STM32MP231CAK3, STM32MP231CAL3, STM32MP231DAJ3, STM32MP231DAK3, STM32MP231DAL3, STM32MP231FAJ3, STM32MP231FAK3, STM32MP231FAL3, STM32MP233AAJ3, STM32MP233AAK3, STM32MP233AAL3, STM32MP233CAJ3, STM32MP233CAK3, STM32MP233CAL3, STM32MP233DAJ3, STM32MP233DAK3, STM32MP233DAL3, STM32MP233FAJ3, STM32MP233FAK3, STM32MP233FAL3, STM32MP235AAJ3, STM32MP235AAK3, STM32MP235AAL3, STM32MP235CAJ3, STM32MP235CAK3, STM32MP235CAL3, STM32MP235DAJ3, STM32MP235DAK3, STM32MP235DAL3, STM32MP235FAJ3, STM32MP235FAK3, STM32MP235FAL3, STM32MP251AAI3, STM32MP251AAJ3, STM32MP251AAK3, STM32MP251AAL3, STM32MP251CAI3, STM32MP251CAJ3, STM32MP251CAK3, STM32MP251CAL3, STM32MP251DAI3, STM32MP251DAJ3, STM32MP251DAK3, STM32MP251DAL3, STM32MP251FAI3, STM32MP251FAJ3, STM32MP251FAK3, STM32MP251FAL3, STM32MP253AAI3, STM32MP253AAJ3, STM32MP253AAK3, STM32MP253AAL3, STM32MP253CAI3, STM32MP253CAJ3, STM32MP253CAK3, STM32MP253CAL3, STM32MP253DAI3, STM32MP253DAJ3, STM32MP253DAK3, STM32MP253DAL3, STM32MP253FAI3, STM32MP253FAJ3, STM32MP253FAK3, STM32MP253FAL3, STM32MP255AAI3, STM32MP255AAJ3, STM32MP255AAK3, STM32MP255AAL3, STM32MP255CAI3, STM32MP255CAJ3, STM32MP255CAK3, STM32MP255CAL3, STM32MP255DAI3, STM32MP255DAJ3, STM32MP255DAK3, STM32MP255DAL3, STM32MP255FAI3, STM32MP255FAJ3, STM32MP255FAK3, STM32MP255FAL3, STM32MP257AAI3, STM32MP257AAJ3, STM32MP257AAK3, STM32MP257AAL3, STM32MP257CAI3, STM32MP257CAJ3, STM32MP257CAK3, STM32MP257CAL3, STM32MP257DAI3, STM32MP257DAJ3, STM32MP257DAK3, STM32MP257DAL3, STM32MP257F-DK, STM32MP257F-EV1, STM32MP257FAI3, STM32MP257FAJ3, STM32MP257FAK3, STM32MP257FAL3, STM32N645A0H3Q, STM32N645B0H3Q, STM32N645I0H3Q, STM32N645L0H3Q, STM32N645X0H3Q, STM32N645Z0H3Q, STM32N647A0H3Q, STM32N647B0H3Q, STM32N647I0H3Q, STM32N647L0H3Q, STM32N647X0H3Q, STM32N647Z0H3Q, STM32N655A0H3Q, STM32N655B0H3Q, STM32N655I0H3Q, STM32N655L0H3Q, STM32N655X0H3Q, STM32N655Z0H3Q, STM32N6570-DK, STM32N657A0H3Q, STM32N657B0H3Q, STM32N657I0H3Q, STM32N657L0H3Q, STM32N657X0H3Q, STM32N657Z0H3Q, STM32U031C6T6, STM32U031C6U6, STM32U031C8T6, STM32U031C8U6, STM32U031F4P6, STM32U031F6P6, STM32U031F8P6, STM32U031G6Y6TR, STM32U031G8Y6TR, STM32U031K4U6, STM32U031K6U6, STM32U031K8U6, STM32U031R6I6, STM32U031R6T6, STM32U031R8I6, STM32U031R8T6, STM32U073C8T6, STM32U073C8U6, STM32U073CBT6, STM32U073CBU6, STM32U073CCT6, STM32U073CCU6, STM32U073H8Y6TR, STM32U073HBY6TR, STM32U073HCY6TR, STM32U073K8U6, STM32U073KBU6, STM32U073KCU6, STM32U073M8I6, STM32U073M8T6, STM32U073MBI6, STM32U073MBT6, STM32U073MCI6, STM32U073MCT6, STM32U073R8I6, STM32U073R8T6, STM32U073RBI6, STM32U073RBT6, STM32U073RCI6, STM32U073RCT6, STM32U083C-DK, STM32U083CCT6, STM32U083CCU6, STM32U083HCY6TR, STM32U083KCU6, STM32U083MCI6, STM32U083MCT6, STM32U083RCI6, STM32U083RCT6, STM32U375CET6, STM32U375CET6Q, STM32U375CEU6, STM32U375CEU6Q, STM32U375CEY6QTR, STM32U375CGT6, STM32U375CGT6Q, STM32U375CGU6, STM32U375CGU6Q, STM32U375CGY6QTR, STM32U375KEU6, STM32U375KGU6, STM32U375REI6, STM32U375REI6Q, STM32U375RET6, STM32U375RET6Q, STM32U375REY6GTR, STM32U375REY6QTR, STM32U375RGI6, STM32U375RGI6Q, STM32U375RGT6, STM32U375RGT6Q, STM32U375RGY6GTR, STM32U375RGY6QTR, STM32U375VEI6, STM32U375VEI6Q, STM32U375VET6, STM32U375VET6Q, STM32U375VGI6, STM32U375VGI6Q, STM32U375VGT6, STM32U375VGT6Q, STM32U385CGT6, STM32U385CGT6Q, STM32U385CGU6, STM32U385CGU6Q, STM32U385CGY6QTR, STM32U385KGU6, STM32U385RGI6, STM32U385RGI6Q, STM32U385RGT6, STM32U385RGT6Q, STM32U385RGY6GTR, STM32U385RGY6QTR, STM32U385VGI6, STM32U385VGI6Q, STM32U385VGT6, STM32U385VGT6Q, STM32U535CBT6, STM32U535CBT6Q, STM32U535CBU6, STM32U535CBU6Q, STM32U535CCT6, STM32U535CCT6Q, STM32U535CCU6, STM32U535CCU6Q, STM32U535CET6, STM32U535CET6Q, STM32U535CEU6, STM32U535CEU6Q, STM32U535JEY6QTR, STM32U535NCY6QTR, STM32U535NEY6QTR, STM32U535RBI6, STM32U535RBI6Q, STM32U535RBT6, STM32U535RBT6Q, STM32U535RCI6, STM32U535RCI6Q, STM32U535RCT6, STM32U535RCT6Q, STM32U535REI6, STM32U535REI6Q, STM32U535RET6, STM32U535RET6Q, STM32U535VCI6, STM32U535VCI6Q, STM32U535VCT6, STM32U535VCT6Q, STM32U535VEI6, STM32U535VEI6Q, STM32U535VET6, STM32U535VET6Q, STM32U545CET6, STM32U545CET6Q, STM32U545CEU6, STM32U545CEU6Q, STM32U545JEY6QTR, STM32U545NEY6QTR, STM32U545REI6, STM32U545REI6Q, STM32U545RET6, STM32U545RET6Q, STM32U545VEI6, STM32U545VEI6Q, STM32U545VET6, STM32U545VET6Q, STM32U595AIH6, STM32U595AIH6Q, STM32U595AJH6, STM32U595AJH6Q, STM32U595QII6, STM32U595QII6Q, STM32U595QJI6, STM32U595QJI6Q, STM32U595RIT6, STM32U595RIT6Q, STM32U595RJT6, STM32U595RJT6Q, STM32U595VIT6, STM32U595VIT6Q, STM32U595VJT6, STM32U595VJT6Q, STM32U595ZIT6, STM32U595ZIT6Q, STM32U595ZIY6QTR, STM32U595ZJT6, STM32U595ZJT6Q, STM32U595ZJY6QTR, STM32U599BJY6QTR, STM32U599NIH6Q, STM32U599NJH6Q, STM32U599VIT6Q, STM32U599VJT6, STM32U599VJT6Q, STM32U599ZIT6Q, STM32U599ZIY6QTR, STM32U599ZJT6Q, STM32U599ZJY6QTR, STM32U5A5AJH6, STM32U5A5AJH6Q, STM32U5A5QII3Q , STM32U5A5QJI6, STM32U5A5QJI6Q, STM32U5A5RJT6, STM32U5A5RJT6Q, STM32U5A5VJT6, STM32U5A5VJT6Q, STM32U5A5ZJT6, STM32U5A5ZJT6Q, STM32U5A5ZJY6QTR, STM32U5A9BJY6QTR, STM32U5A9J-DK, STM32U5A9NJH6Q, STM32U5A9VJT6Q, STM32U5A9ZJT6Q, STM32U5A9ZJY6QTR, STM32U5F7VIT6, STM32U5F7VIT6Q, STM32U5F7VJT6, STM32U5F7VJT6Q, STM32U5F9BJY6QTR, STM32U5F9NJH6Q, STM32U5F9VIT6Q, STM32U5F9VJT6Q, STM32U5F9ZIJ6QTR, STM32U5F9ZIT6Q, STM32U5F9ZJJ6QTR, STM32U5F9ZJT6Q, STM32U5G7VJT6, STM32U5G7VJT6Q, STM32U5G9BJY6QTR, STM32U5G9J-DK1, STM32U5G9J-DK2, STM32U5G9NJH6Q, STM32U5G9VJT6Q, STM32U5G9ZJJ6QTR, STM32U5G9ZJT6Q, STM32WB05KZV6TR, STM32WB05KZV7TR, STM32WB05TZF6TR, STM32WB05TZF7TR, STM32WB06CCF6TR, STM32WB06CCF7TR, STM32WB06CCV6TR, STM32WB06CCV7TR, STM32WB06KCV6TR, STM32WB06KCV7TR, STM32WB07CCF6TR, STM32WB07CCF7TR, STM32WB07CCV6TR, STM32WB07CCV7TR, STM32WB07KCV6TR, STM32WB07KCV7TR, STM32WB09KEV6TR, STM32WB09KEV7TR, STM32WB09TEF6TR, STM32WB09TEF7TR, STM32WB1MMCH6, STM32WBA50KGU6, STM32WBA50KGU6TR, STM32WBA52CEU6, STM32WBA52CEU6TR, STM32WBA52CEU7, STM32WBA52CEU7TR, STM32WBA52CGU6, STM32WBA52CGU6TR, STM32WBA52CGU6U, STM32WBA52CGU7, STM32WBA52CGU7TR, STM32WBA52KEU6, STM32WBA52KEU6TR, STM32WBA52KGU6, STM32WBA52KGU6TR, STM32WBA54CEU6, STM32WBA54CEU6TR, STM32WBA54CEU7, STM32WBA54CEU7TR, STM32WBA54CGU6, STM32WBA54CGU6TR, STM32WBA54CGU7, STM32WBA54CGU7TR, STM32WBA54KEU6, STM32WBA54KEU6TR, STM32WBA54KEU7, STM32WBA54KEU7TR, STM32WBA54KGU6, STM32WBA54KGU6TR, STM32WBA54KGU7, STM32WBA54KGU7TR, STM32WBA55CEU6, STM32WBA55CEU6TR, STM32WBA55CEU7, STM32WBA55CEU7TR, STM32WBA55CGU6, STM32WBA55CGU6TR, STM32WBA55CGU6U, STM32WBA55CGU7, STM32WBA55CGU7TR, STM32WBA55G-DK1, STM32WBA55HEF6, STM32WBA55HEF7, STM32WBA55HGF6, STM32WBA55HGF7, STM32WBA55UEI6, STM32WBA55UEI6TR, STM32WBA55UEI7, STM32WBA55UEI7TR, STM32WBA55UGI6, STM32WBA55UGI6TR, STM32WBA55UGI7, STM32WBA55UGI7TR, STM32WBA5MJGH6TR, STM32WBA62CGU6, STM32WBA62CIU6, STM32WBA62MGF6, STM32WBA62MIF6, STM32WBA62PGI6, STM32WBA62PII6, STM32WBA63CGU6, STM32WBA63CGU7, STM32WBA63CIU6, STM32WBA63CIU7, STM32WBA64CGU6, STM32WBA64CGU7, STM32WBA64CIU6, STM32WBA64CIU7, STM32WBA65CGU6, STM32WBA65CGU7, STM32WBA65CIU6, STM32WBA65CIU7, STM32WBA65I-DK1, STM32WBA65MGF6, STM32WBA65MGF7, STM32WBA65MIF6, STM32WBA65MIF7, STM32WBA65PGI6, STM32WBA65PGI7, STM32WBA65PII6, STM32WBA65PII7, STM32WBA65RGV6, STM32WBA65RGV7, STM32WBA65RIV6, STM32WBA65RIV7, STM32WL30K8V6, STM32WL30KBV6, STM32WL31C8V6, STM32WL31CBV6, STM32WL31K8V6, STM32WL31KBV6, STM32WL33C8V6, STM32WL33C8V6TR, STM32WL33C8V7, STM32WL33C8V7TR, STM32WL33CBV6, STM32WL33CBV6TR, STM32WL33CBV7, STM32WL33CBV7TR, STM32WL33CCV6, STM32WL33CCV6TR, STM32WL33CCV7, STM32WL33CCV7A, STM32WL33CCV7ATR, STM32WL33CCV7TR, STM32WL33K8V6, STM32WL33K8V6TR, STM32WL33K8V7, STM32WL33K8V7TR, STM32WL33KBV6, STM32WL33KBV6TR, STM32WL33KBV7, STM32WL33KBV7TR, STM32WL33KCV6, STM32WL33KCV6TR, STM32WL33KCV7, STM32WL33KCV7TR, STM32WL5MOCH6, STM32WL5MOCH6TR]
2025-10-26 18:02:38,496 [INFO] DbMcus:218 - Found 4747 MCUs, 4747 are supported
2025-10-26 18:02:38,497 [INFO] ApiDb:423 - Load user favorites file C:\Users\User/.stm32cubeide/favorites.mcus.txt: 1 item(s)
2025-10-26 18:02:38,497 [INFO] ApiDb:427 - User favorites MCUs=[STM32F103C8T6]
2025-10-26 18:02:38,497 [INFO] DbMcus:224 - Set 1 / 1 favorites MCUs
2025-10-26 18:02:39,211 [INFO] ApiDb:668 - CubeFinder database Data Model version=2.1
2025-10-26 18:02:39,211 [INFO] ApiDb:669 - CubeFinder database Configuration version=3.0.39
2025-10-26 18:02:39,211 [INFO] ApiDb:670 - CubeFinder database generation date=2025-08-25 (1756130511)
2025-10-26 18:02:39,212 [INFO] ApiDb:671 - CubeFinder database FW Pack versions=[FP-ATR-ASTRA1_V2.0.0, FP-SNS-FLIGHT1_V5.1.0, FP-SNS-MOTENV1_V5.0.0, FP-SNS-MOTENVWB1_V1.4.0, FP-SNS-SMARTAG2_V1.2.0, FP-SNS-STBOX1_V2.1.0, STM32Cube_FW_C0_V1.4.0, STM32Cube_FW_F4_V1.28.3, STM32Cube_FW_F7_V1.17.4, STM32Cube_FW_G0_V1.6.2, STM32Cube_FW_G4_V1.6.1, STM32Cube_FW_H5_V1.5.0, STM32Cube_FW_H7RS_V1.2.0, STM32Cube_FW_H7_V1.12.1, STM32Cube_FW_L0_V1.12.2, STM32Cube_FW_L4_V1.18.1, STM32Cube_FW_L5_V1.5.1, STM32Cube_FW_N6_V1.2.0, STM32Cube_FW_U0_V1.3.0, STM32Cube_FW_U3_V1.2.0, STM32Cube_FW_U5_V1.8.0, STM32Cube_FW_WB0_V1.3.0, STM32Cube_FW_WBA_V1.7.0, STM32Cube_FW_WB_V1.23.0, STM32Cube_FW_WL3_V1.2.0, STM32Cube_FW_WL_V1.3.1, X-CUBE-ALGOBUILD_V1.4.0, X-CUBE-ALS_V1.0.2, X-CUBE-AZRTOS-F4_V1.1.0, X-CUBE-AZRTOS-F7_V1.1.0, X-CUBE-AZRTOS-G0_V1.1.0, X-CUBE-AZRTOS-G4_V2.0.0, X-CUBE-AZRTOS-H7RS_V1.1.0, X-CUBE-AZRTOS-H7_V3.4.0, X-CUBE-AZRTOS-L4_V2.0.0, X-CUBE-AZRTOS-L5_V2.0.0, X-CUBE-AZRTOS-WB_V2.0.0, X-CUBE-AZRTOS-WL_V2.0.0, X-CUBE-BLE1_V7.1.0, X-CUBE-BLE2_V3.3.0, X-CUBE-BLEMGR_V4.1.0, X-CUBE-EEPRMA1_V5.2.0, X-CUBE-FREERTOS_V1.3.1, X-CUBE-GNSS1_V6.0.0, X-CUBE-MEMS1_V11.3.0, X-CUBE-NFC4_V3.0.0, X-CUBE-NFC7_V2.0.0, X-CUBE-SFXS2LP1_V4.0.0, X-CUBE-ST67W61_V1.0.0, X-CUBE-SUBG2_V5.0.0, X-CUBE-TOF1_V3.4.3]
2025-10-26 18:02:39,280 [INFO] DbBoardsSqlite:226 - include board P-NUCLEO-WB55-NUCLEO as a kit item of type 'Nucleo-64'
2025-10-26 18:02:39,280 [INFO] DbBoardsSqlite:226 - include board P-NUCLEO-WB55-USBDONGLE as a kit item of type 'Nucleo USB Dongle'
2025-10-26 18:02:39,280 [INFO] DbBoardsSqlite:226 - include board STEVAL-IDP005V1 as a kit item of type 'Evaluation Board'
2025-10-26 18:02:39,281 [INFO] DbBoardsSqlite:226 - include board STEVAL-IDP005V2 as a kit item of type 'Evaluation Board'
2025-10-26 18:02:39,373 [INFO] ApiDb:240 - Found 895 in-development CPN: [B-G473E-ZEST1S, B-WB1M-WPAN1, B-WBA5M-WPAN, B-WL5M-SUBG1, NUCLEO-C031C6, NUCLEO-C051C8, NUCLEO-C071RB, NUCLEO-C092RC, NUCLEO-H503RB, NUCLEO-H533RE, NUCLEO-H563ZI, NUCLEO-H7S3L8, NUCLEO-N657X0-Q, NUCLEO-U031R8, NUCLEO-U083RC, NUCLEO-U385RG-Q, NUCLEO-U545RE-Q, NUCLEO-U5A5ZJ-Q, NUCLEO-WB05KZ, NUCLEO-WB07CC, NUCLEO-WB09KE, NUCLEO-WBA52CG, NUCLEO-WBA55CG, NUCLEO-WBA65RI, NUCLEO-WL33CC1, NUCLEO-WL33CC2, STEVAL-PROTEUS1, STEVAL-SMARTAG2, STEVAL-STWINBX1, STM320518-EVAL, STM32C0116-DK, STM32C011D6Y3TR, STM32C011D6Y6TR, STM32C011F4P3, STM32C011F4P6, STM32C011F4U3, STM32C011F4U6TR, STM32C011F6P3, STM32C011F6P6, STM32C011F6U3, STM32C011F6U6TR, STM32C011J4M3, STM32C011J4M6, STM32C011J6M3, STM32C011J6M6, STM32C0316-DK, STM32C031C4T3, STM32C031C4T6, STM32C031C4U3, STM32C031C4U6, STM32C031C6T3, STM32C031C6T6, STM32C031C6U3, STM32C031C6U6, STM32C031F4P3, STM32C031F4P6, STM32C031F6P3, STM32C031F6P6, STM32C031G4U3, STM32C031G4U6, STM32C031G6U3, STM32C031G6U6, STM32C031K4T3, STM32C031K4T6, STM32C031K4U3, STM32C031K4U6, STM32C031K6T3, STM32C031K6T6, STM32C031K6U3, STM32C031K6U6, STM32C051C6T6, STM32C051C6U6, STM32C051C8T6, STM32C051C8U6, STM32C051D8Y6TR, STM32C051F6P6, STM32C051F8P6, STM32C051G6U6, STM32C051G8U6, STM32C051K6T6, STM32C051K6U6, STM32C051K8T6, STM32C071C8T6, STM32C071C8T6N, STM32C071C8U6, STM32C071C8U6N, STM32C071CBT6, STM32C071CBT6N, STM32C071CBU6, STM32C071CBU6N, STM32C071F8P6, STM32C071F8P6N, STM32C071FBP6, STM32C071FBP6N, STM32C071FBY6TR, STM32C071G8U6, STM32C071G8U6N, STM32C071GBU6, STM32C071GBU6N, STM32C071K8T6, STM32C071K8T6N, STM32C071K8U6, STM32C071K8U6N, STM32C071KBT6, STM32C071KBT6N, STM32C071KBU6, STM32C071KBU6N, STM32C071R8T6, STM32C071R8T6N, STM32C071RBI6N, STM32C071RBT6, STM32C071RBT6N, STM32C091CBT6, STM32C091CBU6, STM32C091CCT6, STM32C091CCU6, STM32C091ECY6TR, STM32C091FBP6, STM32C091FCP6, STM32C091GBU6, STM32C091GCU6, STM32C091KBT6, STM32C091KBU6, STM32C091KCT6, STM32C091KCU6, STM32C091RBT6, STM32C091RCI6, STM32C091RCT6, STM32C092CBT6, STM32C092CBU6, STM32C092CCT6, STM32C092CCU6, STM32C092ECY6TR, STM32C092FBP6, STM32C092FCP6, STM32C092GBU6, STM32C092GCU6, STM32C092KBT6, STM32C092KBU6, STM32C092KCT6, STM32C092KCU6, STM32C092RBT6, STM32C092RCI6, STM32C092RCT6, STM32G071K8TXN, STM32G071K8UXN, STM32G081GBU6N, STM32G081KBT6N, STM32G081KBUXN, STM32G0B1CCT6N, STM32G0B1KCT6, STM32G0B1NEY6TR, STM32G0B1RCT6N, STM32G0C1CCT6, STM32G0C1CCT6N, STM32G0C1CCU6N, STM32G0C1CET6N, STM32G0C1CEU6N, STM32G0C1KCT6, STM32G0C1NEY6TR, STM32G0C1RCI6N, STM32G0C1RCT6N, STM32G0C1REI6N, STM32G0C1RET6N, STM32G0C1VCI6, STM32G0C1VEI6, STM32G411C6T3, STM32G411C6T6, STM32G411C6U3, STM32G411C6U6, STM32G411C8T3, STM32G411C8T6, STM32G411C8U3, STM32G411C8U6, STM32G411CBT3, STM32G411CBT6, STM32G411CBU3, STM32G411CBU6, STM32G411CCT3, STM32G411CCT6, STM32G411CCU3, STM32G411CCU6, STM32G411K6T3, STM32G411K6T6, STM32G411K6U3, STM32G411K6U6, STM32G411K8T3, STM32G411K8T6, STM32G411K8U3, STM32G411K8U6, STM32G411KBT3, STM32G411KBT6, STM32G411KBU3, STM32G411KBU6, STM32G411M6T3, STM32G411M6T6, STM32G411M8T3, STM32G411M8T6, STM32G411MBT3, STM32G411MBT6, STM32G411MCT3, STM32G411MCT6, STM32G411R6T3, STM32G411R6T6, STM32G411R8T3, STM32G411R8T6, STM32G411RBT3, STM32G411RBT6, STM32G411RCT3, STM32G411RCT6, STM32G414CBT3, STM32G414CBT6, STM32G414CBU3, STM32G414CBU6, STM32G414CCT3, STM32G414CCT6, STM32G414CCU3, STM32G414CCU6, STM32G414MBT3, STM32G414MBT6, STM32G414MCT3, STM32G414MCT6, STM32G414RBT3, STM32G414RBT6, STM32G414RCT3, STM32G414RCT6, STM32G414VBT3, STM32G414VBT6, STM32G414VCT3, STM32G414VCT6, STM32G431CBT3Z, STM32G431RBT3Z, STM32G471CCT6, STM32G471CCU6, STM32G471CET3, STM32G471CET6, STM32G471CEU3, STM32G471CEU6, STM32G471MCT6, STM32G471MET3, STM32G471MET6, STM32G471MEY6TR, STM32G471QCT6, STM32G471QET3, STM32G471RCT6, STM32G471RET3, STM32G471RET6, STM32G471VCH6, STM32G471VCI6, STM32G471VCT6, STM32G471VEH3, STM32G471VEH6, STM32G471VEI3, STM32G471VEI6, STM32G471VET3, STM32G471VET6, STM32G473QET3Z, STM32G473RET3Z, STM32G474CCT6, STM32G491RET3Z, STM32H503CBT6, STM32H503CBU6, STM32H503EBY6TR, STM32H503KBU6, STM32H503RBT6, STM32H523CCT6, STM32H523CCU6, STM32H523CET6, STM32H523CEU6, STM32H523HEY6TR, STM32H523RCT6, STM32H523RET6, STM32H523VCI6, STM32H523VCT6, STM32H523VEI6, STM32H523VET6, STM32H523ZCJ6, STM32H523ZCT6, STM32H523ZEJ6, STM32H523ZET6, STM32H533CET6, STM32H533CEU6, STM32H533HEY6TR, STM32H533RET6, STM32H533VEI6, STM32H533VET6, STM32H533ZEJ6, STM32H533ZET6, STM32H562AGI6, STM32H562AII6, STM32H562IGK6, STM32H562IGT6, STM32H562IIK6, STM32H562IIT6, STM32H562RGT6, STM32H562RGV6, STM32H562RIT6, STM32H562RIV6, STM32H562VGT6, STM32H562VIT6, STM32H562ZGT6, STM32H562ZIT6, STM32H563AGI6, STM32H563AII3Q, STM32H563AII6, STM32H563IGK6, STM32H563IGT6, STM32H563IIK3Q, STM32H563IIK6, STM32H563IIT3Q, STM32H563IIT6, STM32H563MIY3QTR, STM32H563RGT6, STM32H563RGV6, STM32H563RIT6, STM32H563RIV6, STM32H563VGT6, STM32H563VIT3Q, STM32H563VIT6, STM32H563ZGT6, STM32H563ZIT3Q, STM32H563ZIT6, STM32H573AII3Q, STM32H573AII6, STM32H573I-DK, STM32H573IIK3Q, STM32H573IIK6, STM32H573IIT3Q, STM32H573IIT6, STM32H573MIY3QTR, STM32H573RIT6, STM32H573RIV6, STM32H573VIT3Q, STM32H573VIT6, STM32H573ZIT3Q, STM32H573ZIT6, STM32H7R3A8I6, STM32H7R3I8K6, STM32H7R3I8T6, STM32H7R3L8H6, STM32H7R3L8H6H, STM32H7R3R8V6, STM32H7R3V8H6, STM32H7R3V8T6, STM32H7R3V8Y6TR, STM32H7R3Z8J6, STM32H7R3Z8T6, STM32H7R7A8I6, STM32H7R7I8K6, STM32H7R7I8T6, STM32H7R7L8H6, STM32H7R7L8H6H, STM32H7R7Z8J6, STM32H7S3A8I6, STM32H7S3I8K6, STM32H7S3I8T6, STM32H7S3L8H6, STM32H7S3L8H6H, STM32H7S3R8V6, STM32H7S3V8H6, STM32H7S3V8T6, STM32H7S3V8Y6TR, STM32H7S3Z8J6, STM32H7S3Z8T6, STM32H7S78-DK, STM32H7S7A8I6, STM32H7S7I8K6, STM32H7S7I8T6, STM32H7S7L8H6, STM32H7S7L8H6H, STM32H7S7Z8J6, STM32L4R5QGI6STR, STM32MP131AAE3, STM32MP131AAF3, STM32MP131AAG3, STM32MP131CAE3, STM32MP131CAF3, STM32MP131CAG3, STM32MP131DAE7, STM32MP131DAF7, STM32MP131DAG7, STM32MP131FAE7, STM32MP131FAF7, STM32MP131FAG7, STM32MP133AAE3, STM32MP133AAF3, STM32MP133AAG3, STM32MP133CAE3, STM32MP133CAF3, STM32MP133CAG3, STM32MP133DAE7, STM32MP133DAF7, STM32MP133DAG7, STM32MP133FAE7, STM32MP133FAF7, STM32MP133FAG7, STM32MP135AAE3, STM32MP135AAF3, STM32MP135AAG3, STM32MP135CAE3, STM32MP135CAF3, STM32MP135CAG3, STM32MP135DAE7, STM32MP135DAF7, STM32MP135DAG7, STM32MP135F-DK, STM32MP135FAE7, STM32MP135FAF7, STM32MP135FAF7T, STM32MP135FAF7U, STM32MP135FAG7, STM32MP231AAJ3, STM32MP231AAK3, STM32MP231AAL3, STM32MP231CAJ3, STM32MP231CAK3, STM32MP231CAL3, STM32MP231DAJ3, STM32MP231DAK3, STM32MP231DAL3, STM32MP231FAJ3, STM32MP231FAK3, STM32MP231FAL3, STM32MP233AAJ3, STM32MP233AAK3, STM32MP233AAL3, STM32MP233CAJ3, STM32MP233CAK3, STM32MP233CAL3, STM32MP233DAJ3, STM32MP233DAK3, STM32MP233DAL3, STM32MP233FAJ3, STM32MP233FAK3, STM32MP233FAL3, STM32MP235AAJ3, STM32MP235AAK3, STM32MP235AAL3, STM32MP235CAJ3, STM32MP235CAK3, STM32MP235CAL3, STM32MP235DAJ3, STM32MP235DAK3, STM32MP235DAL3, STM32MP235FAJ3, STM32MP235FAK3, STM32MP235FAL3, STM32MP251AAI3, STM32MP251AAJ3, STM32MP251AAK3, STM32MP251AAL3, STM32MP251CAI3, STM32MP251CAJ3, STM32MP251CAK3, STM32MP251CAL3, STM32MP251DAI3, STM32MP251DAJ3, STM32MP251DAK3, STM32MP251DAL3, STM32MP251FAI3, STM32MP251FAJ3, STM32MP251FAK3, STM32MP251FAL3, STM32MP253AAI3, STM32MP253AAJ3, STM32MP253AAK3, STM32MP253AAL3, STM32MP253CAI3, STM32MP253CAJ3, STM32MP253CAK3, STM32MP253CAL3, STM32MP253DAI3, STM32MP253DAJ3, STM32MP253DAK3, STM32MP253DAL3, STM32MP253FAI3, STM32MP253FAJ3, STM32MP253FAK3, STM32MP253FAL3, STM32MP255AAI3, STM32MP255AAJ3, STM32MP255AAK3, STM32MP255AAL3, STM32MP255CAI3, STM32MP255CAJ3, STM32MP255CAK3, STM32MP255CAL3, STM32MP255DAI3, STM32MP255DAJ3, STM32MP255DAK3, STM32MP255DAL3, STM32MP255FAI3, STM32MP255FAJ3, STM32MP255FAK3, STM32MP255FAL3, STM32MP257AAI3, STM32MP257AAJ3, STM32MP257AAK3, STM32MP257AAL3, STM32MP257CAI3, STM32MP257CAJ3, STM32MP257CAK3, STM32MP257CAL3, STM32MP257DAI3, STM32MP257DAJ3, STM32MP257DAK3, STM32MP257DAL3, STM32MP257F-DK, STM32MP257F-EV1, STM32MP257FAI3, STM32MP257FAJ3, STM32MP257FAK3, STM32MP257FAL3, STM32N645A0H3Q, STM32N645B0H3Q, STM32N645I0H3Q, STM32N645L0H3Q, STM32N645X0H3Q, STM32N645Z0H3Q, STM32N647A0H3Q, STM32N647B0H3Q, STM32N647I0H3Q, STM32N647L0H3Q, STM32N647X0H3Q, STM32N647Z0H3Q, STM32N655A0H3Q, STM32N655B0H3Q, STM32N655I0H3Q, STM32N655L0H3Q, STM32N655X0H3Q, STM32N655Z0H3Q, STM32N6570-DK, STM32N657A0H3Q, STM32N657B0H3Q, STM32N657I0H3Q, STM32N657L0H3Q, STM32N657X0H3Q, STM32N657Z0H3Q, STM32U031C6T6, STM32U031C6U6, STM32U031C8T6, STM32U031C8U6, STM32U031F4P6, STM32U031F6P6, STM32U031F8P6, STM32U031G6Y6TR, STM32U031G8Y6TR, STM32U031K4U6, STM32U031K6U6, STM32U031K8U6, STM32U031R6I6, STM32U031R6T6, STM32U031R8I6, STM32U031R8T6, STM32U073C8T6, STM32U073C8U6, STM32U073CBT6, STM32U073CBU6, STM32U073CCT6, STM32U073CCU6, STM32U073H8Y6TR, STM32U073HBY6TR, STM32U073HCY6TR, STM32U073K8U6, STM32U073KBU6, STM32U073KCU6, STM32U073M8I6, STM32U073M8T6, STM32U073MBI6, STM32U073MBT6, STM32U073MCI6, STM32U073MCT6, STM32U073R8I6, STM32U073R8T6, STM32U073RBI6, STM32U073RBT6, STM32U073RCI6, STM32U073RCT6, STM32U083C-DK, STM32U083CCT6, STM32U083CCU6, STM32U083HCY6TR, STM32U083KCU6, STM32U083MCI6, STM32U083MCT6, STM32U083RCI6, STM32U083RCT6, STM32U375CET6, STM32U375CET6Q, STM32U375CEU6, STM32U375CEU6Q, STM32U375CEY6QTR, STM32U375CGT6, STM32U375CGT6Q, STM32U375CGU6, STM32U375CGU6Q, STM32U375CGY6QTR, STM32U375KEU6, STM32U375KGU6, STM32U375REI6, STM32U375REI6Q, STM32U375RET6, STM32U375RET6Q, STM32U375REY6GTR, STM32U375REY6QTR, STM32U375RGI6, STM32U375RGI6Q, STM32U375RGT6, STM32U375RGT6Q, STM32U375RGY6GTR, STM32U375RGY6QTR, STM32U375VEI6, STM32U375VEI6Q, STM32U375VET6, STM32U375VET6Q, STM32U375VGI6, STM32U375VGI6Q, STM32U375VGT6, STM32U375VGT6Q, STM32U385CGT6, STM32U385CGT6Q, STM32U385CGU6, STM32U385CGU6Q, STM32U385CGY6QTR, STM32U385KGU6, STM32U385RGI6, STM32U385RGI6Q, STM32U385RGT6, STM32U385RGT6Q, STM32U385RGY6GTR, STM32U385RGY6QTR, STM32U385VGI6, STM32U385VGI6Q, STM32U385VGT6, STM32U385VGT6Q, STM32U535CBT6, STM32U535CBT6Q, STM32U535CBU6, STM32U535CBU6Q, STM32U535CCT6, STM32U535CCT6Q, STM32U535CCU6, STM32U535CCU6Q, STM32U535CET6, STM32U535CET6Q, STM32U535CEU6, STM32U535CEU6Q, STM32U535JEY6QTR, STM32U535NCY6QTR, STM32U535NEY6QTR, STM32U535RBI6, STM32U535RBI6Q, STM32U535RBT6, STM32U535RBT6Q, STM32U535RCI6, STM32U535RCI6Q, STM32U535RCT6, STM32U535RCT6Q, STM32U535REI6, STM32U535REI6Q, STM32U535RET6, STM32U535RET6Q, STM32U535VCI6, STM32U535VCI6Q, STM32U535VCT6, STM32U535VCT6Q, STM32U535VEI6, STM32U535VEI6Q, STM32U535VET6, STM32U535VET6Q, STM32U545CET6, STM32U545CET6Q, STM32U545CEU6, STM32U545CEU6Q, STM32U545JEY6QTR, STM32U545NEY6QTR, STM32U545REI6, STM32U545REI6Q, STM32U545RET6, STM32U545RET6Q, STM32U545VEI6, STM32U545VEI6Q, STM32U545VET6, STM32U545VET6Q, STM32U595AIH6, STM32U595AIH6Q, STM32U595AJH6, STM32U595AJH6Q, STM32U595QII6, STM32U595QII6Q, STM32U595QJI6, STM32U595QJI6Q, STM32U595RIT6, STM32U595RIT6Q, STM32U595RJT6, STM32U595RJT6Q, STM32U595VIT6, STM32U595VIT6Q, STM32U595VJT6, STM32U595VJT6Q, STM32U595ZIT6, STM32U595ZIT6Q, STM32U595ZIY6QTR, STM32U595ZJT6, STM32U595ZJT6Q, STM32U595ZJY6QTR, STM32U599BJY6QTR, STM32U599NIH6Q, STM32U599NJH6Q, STM32U599VIT6Q, STM32U599VJT6, STM32U599VJT6Q, STM32U599ZIT6Q, STM32U599ZIY6QTR, STM32U599ZJT6Q, STM32U599ZJY6QTR, STM32U5A5AJH6, STM32U5A5AJH6Q, STM32U5A5QII3Q , STM32U5A5QJI6, STM32U5A5QJI6Q, STM32U5A5RJT6, STM32U5A5RJT6Q, STM32U5A5VJT6, STM32U5A5VJT6Q, STM32U5A5ZJT6, STM32U5A5ZJT6Q, STM32U5A5ZJY6QTR, STM32U5A9BJY6QTR, STM32U5A9J-DK, STM32U5A9NJH6Q, STM32U5A9VJT6Q, STM32U5A9ZJT6Q, STM32U5A9ZJY6QTR, STM32U5F7VIT6, STM32U5F7VIT6Q, STM32U5F7VJT6, STM32U5F7VJT6Q, STM32U5F9BJY6QTR, STM32U5F9NJH6Q, STM32U5F9VIT6Q, STM32U5F9VJT6Q, STM32U5F9ZIJ6QTR, STM32U5F9ZIT6Q, STM32U5F9ZJJ6QTR, STM32U5F9ZJT6Q, STM32U5G7VJT6, STM32U5G7VJT6Q, STM32U5G9BJY6QTR, STM32U5G9J-DK1, STM32U5G9J-DK2, STM32U5G9NJH6Q, STM32U5G9VJT6Q, STM32U5G9ZJJ6QTR, STM32U5G9ZJT6Q, STM32WB05KZV6TR, STM32WB05KZV7TR, STM32WB05TZF6TR, STM32WB05TZF7TR, STM32WB06CCF6TR, STM32WB06CCF7TR, STM32WB06CCV6TR, STM32WB06CCV7TR, STM32WB06KCV6TR, STM32WB06KCV7TR, STM32WB07CCF6TR, STM32WB07CCF7TR, STM32WB07CCV6TR, STM32WB07CCV7TR, STM32WB07KCV6TR, STM32WB07KCV7TR, STM32WB09KEV6TR, STM32WB09KEV7TR, STM32WB09TEF6TR, STM32WB09TEF7TR, STM32WB1MMCH6, STM32WBA50KGU6, STM32WBA50KGU6TR, STM32WBA52CEU6, STM32WBA52CEU6TR, STM32WBA52CEU7, STM32WBA52CEU7TR, STM32WBA52CGU6, STM32WBA52CGU6TR, STM32WBA52CGU6U, STM32WBA52CGU7, STM32WBA52CGU7TR, STM32WBA52KEU6, STM32WBA52KEU6TR, STM32WBA52KGU6, STM32WBA52KGU6TR, STM32WBA54CEU6, STM32WBA54CEU6TR, STM32WBA54CEU7, STM32WBA54CEU7TR, STM32WBA54CGU6, STM32WBA54CGU6TR, STM32WBA54CGU7, STM32WBA54CGU7TR, STM32WBA54KEU6, STM32WBA54KEU6TR, STM32WBA54KEU7, STM32WBA54KEU7TR, STM32WBA54KGU6, STM32WBA54KGU6TR, STM32WBA54KGU7, STM32WBA54KGU7TR, STM32WBA55CEU6, STM32WBA55CEU6TR, STM32WBA55CEU7, STM32WBA55CEU7TR, STM32WBA55CGU6, STM32WBA55CGU6TR, STM32WBA55CGU6U, STM32WBA55CGU7, STM32WBA55CGU7TR, STM32WBA55G-DK1, STM32WBA55HEF6, STM32WBA55HEF7, STM32WBA55HGF6, STM32WBA55HGF7, STM32WBA55UEI6, STM32WBA55UEI6TR, STM32WBA55UEI7, STM32WBA55UEI7TR, STM32WBA55UGI6, STM32WBA55UGI6TR, STM32WBA55UGI7, STM32WBA55UGI7TR, STM32WBA5MJGH6TR, STM32WBA62CGU6, STM32WBA62CIU6, STM32WBA62MGF6, STM32WBA62MIF6, STM32WBA62PGI6, STM32WBA62PII6, STM32WBA63CGU6, STM32WBA63CGU7, STM32WBA63CIU6, STM32WBA63CIU7, STM32WBA64CGU6, STM32WBA64CGU7, STM32WBA64CIU6, STM32WBA64CIU7, STM32WBA65CGU6, STM32WBA65CGU7, STM32WBA65CIU6, STM32WBA65CIU7, STM32WBA65I-DK1, STM32WBA65MGF6, STM32WBA65MGF7, STM32WBA65MIF6, STM32WBA65MIF7, STM32WBA65PGI6, STM32WBA65PGI7, STM32WBA65PII6, STM32WBA65PII7, STM32WBA65RGV6, STM32WBA65RGV7, STM32WBA65RIV6, STM32WBA65RIV7, STM32WL30K8V6, STM32WL30KBV6, STM32WL31C8V6, STM32WL31CBV6, STM32WL31K8V6, STM32WL31KBV6, STM32WL33C8V6, STM32WL33C8V6TR, STM32WL33C8V7, STM32WL33C8V7TR, STM32WL33CBV6, STM32WL33CBV6TR, STM32WL33CBV7, STM32WL33CBV7TR, STM32WL33CCV6, STM32WL33CCV6TR, STM32WL33CCV7, STM32WL33CCV7A, STM32WL33CCV7ATR, STM32WL33CCV7TR, STM32WL33K8V6, STM32WL33K8V6TR, STM32WL33K8V7, STM32WL33K8V7TR, STM32WL33KBV6, STM32WL33KBV6TR, STM32WL33KBV7, STM32WL33KBV7TR, STM32WL33KCV6, STM32WL33KCV6TR, STM32WL33KCV7, STM32WL33KCV7TR, STM32WL5MOCH6, STM32WL5MOCH6TR]
2025-10-26 18:02:40,282 [INFO] BoardInfo:889 - No configuration file found for board P-NUCLEO-WB55
2025-10-26 18:02:40,284 [INFO] DbBoards:161 - Kit is not supported: P-NUCLEO-WB55
2025-10-26 18:02:40,298 [INFO] BoardInfo:889 - No configuration file found for board STEVAL-BFA001V1B
2025-10-26 18:02:40,300 [INFO] DbBoards:161 - Kit is not supported: STEVAL-BFA001V1B
2025-10-26 18:02:40,301 [INFO] BoardInfo:889 - No configuration file found for board STEVAL-BFA001V2B
2025-10-26 18:02:40,304 [INFO] DbBoards:161 - Kit is not supported: STEVAL-BFA001V2B
2025-10-26 18:02:40,699 [INFO] DbBoards:168 - Found 211 boards, 208 are supported
2025-10-26 18:02:40,699 [INFO] DbBoards:169 - Found 211 boards, 43 of them is supported for  Bsp
2025-10-26 18:02:40,701 [INFO] ApiDb:423 - Load user favorites file C:\Users\User/.stm32cubeide/favorites.boards.txt: 0 item(s)
2025-10-26 18:02:40,701 [INFO] ApiDb:427 - User favorites Boards=[]
2025-10-26 18:02:40,702 [INFO] DbBoards:198 - Set 0 / 0 favorites Boards
2025-10-26 18:02:40,704 [INFO] ApiDb:668 - CubeFinder database Data Model version=2.1
2025-10-26 18:02:40,704 [INFO] ApiDb:669 - CubeFinder database Configuration version=3.0.39
2025-10-26 18:02:40,704 [INFO] ApiDb:670 - CubeFinder database generation date=2025-08-25 (1756130511)
2025-10-26 18:02:40,704 [INFO] ApiDb:671 - CubeFinder database FW Pack versions=[FP-ATR-ASTRA1_V2.0.0, FP-SNS-FLIGHT1_V5.1.0, FP-SNS-MOTENV1_V5.0.0, FP-SNS-MOTENVWB1_V1.4.0, FP-SNS-SMARTAG2_V1.2.0, FP-SNS-STBOX1_V2.1.0, STM32Cube_FW_C0_V1.4.0, STM32Cube_FW_F4_V1.28.3, STM32Cube_FW_F7_V1.17.4, STM32Cube_FW_G0_V1.6.2, STM32Cube_FW_G4_V1.6.1, STM32Cube_FW_H5_V1.5.0, STM32Cube_FW_H7RS_V1.2.0, STM32Cube_FW_H7_V1.12.1, STM32Cube_FW_L0_V1.12.2, STM32Cube_FW_L4_V1.18.1, STM32Cube_FW_L5_V1.5.1, STM32Cube_FW_N6_V1.2.0, STM32Cube_FW_U0_V1.3.0, STM32Cube_FW_U3_V1.2.0, STM32Cube_FW_U5_V1.8.0, STM32Cube_FW_WB0_V1.3.0, STM32Cube_FW_WBA_V1.7.0, STM32Cube_FW_WB_V1.23.0, STM32Cube_FW_WL3_V1.2.0, STM32Cube_FW_WL_V1.3.1, X-CUBE-ALGOBUILD_V1.4.0, X-CUBE-ALS_V1.0.2, X-CUBE-AZRTOS-F4_V1.1.0, X-CUBE-AZRTOS-F7_V1.1.0, X-CUBE-AZRTOS-G0_V1.1.0, X-CUBE-AZRTOS-G4_V2.0.0, X-CUBE-AZRTOS-H7RS_V1.1.0, X-CUBE-AZRTOS-H7_V3.4.0, X-CUBE-AZRTOS-L4_V2.0.0, X-CUBE-AZRTOS-L5_V2.0.0, X-CUBE-AZRTOS-WB_V2.0.0, X-CUBE-AZRTOS-WL_V2.0.0, X-CUBE-BLE1_V7.1.0, X-CUBE-BLE2_V3.3.0, X-CUBE-BLEMGR_V4.1.0, X-CUBE-EEPRMA1_V5.2.0, X-CUBE-FREERTOS_V1.3.1, X-CUBE-GNSS1_V6.0.0, X-CUBE-MEMS1_V11.3.0, X-CUBE-NFC4_V3.0.0, X-CUBE-NFC7_V2.0.0, X-CUBE-SFXS2LP1_V4.0.0, X-CUBE-ST67W61_V1.0.0, X-CUBE-SUBG2_V5.0.0, X-CUBE-TOF1_V3.4.3]
2025-10-26 18:02:41,734 [ERROR] DbExamplesSqlite:437 - Missing JSON key: board_cpn
2025-10-26 18:02:41,734 [ERROR] DbExamplesSqlite:437 - Missing JSON key: board_cpn
2025-10-26 18:02:41,735 [ERROR] DbExamplesSqlite:437 - Missing JSON key: board_cpn
2025-10-26 18:02:41,735 [ERROR] DbExamplesSqlite:437 - Missing JSON key: board_cpn
2025-10-26 18:02:42,301 [ERROR] DbExamplesSqlite:437 - Missing JSON key: board_cpn
2025-10-26 18:02:42,301 [ERROR] DbExamplesSqlite:437 - Missing JSON key: board_cpn
2025-10-26 18:02:42,308 [INFO] DbExamplesSqlite:395 - Ignored 33 examples not supported by CubeIDE
2025-10-26 18:02:42,308 [INFO] DbExamplesSqlite:396 - Found 10871 examples active
2025-10-26 18:02:42,309 [INFO] DbExamplesSqlite:397 - Found 0 examples obsolete
2025-10-26 18:02:42,309 [INFO] DbExamplesSqlite:398 - Found 0 examples under development
2025-10-26 18:02:42,310 [INFO] DbExamplesSqlite:399 - Found 65 examples not building
2025-10-26 18:02:42,314 [INFO] DbExamples:125 - Found 10903 examples
2025-10-26 18:02:42,351 [INFO] DbExamples:222 - Found 134 boards with related examples
2025-10-26 18:02:42,352 [INFO] DbExamples:235 - Found 111 MCUs with related examples
2025-10-26 18:02:42,394 [INFO] ApiDb:423 - Load user favorites file C:\Users\User/.stm32cubeide/favorites.examples.txt: 0 item(s)
2025-10-26 18:02:42,394 [INFO] ApiDb:427 - User favorites Examples=[]
2025-10-26 18:02:42,394 [INFO] DbExamples:250 - Set 0 / 0 favorites Examples
2025-10-26 18:02:42,857 [INFO] McuFinderGlobals:76 - Set McuFinderConnectedMode to true
2025-10-26 18:02:42,880 [INFO] MultiScanPanel:200 - Auto-refresh data requested => check proxy status ongoing
2025-10-26 18:02:42,884 [INFO] FinderPluginLoader:95 - Searching for filters in installed packs
2025-10-26 18:02:45,332 [INFO] LoadUrlFilesThread:185 - End of LoadServerUrlFiles without Thread
2025-10-26 18:02:45,347 [INFO] DetailPanel:341 - Set advertising image to C:/Users/User/STM32Cube/Repository/\en.mcu-finder-stm32n6dk.jpg
2025-10-26 18:03:42,782 [INFO] MainUpdater:2872 - connection check result : 10
2025-10-26 18:03:42,783 [INFO] MainUpdater:2872 - connection check result : 10
2025-10-26 18:03:42,811 [INFO] MicroXplorer:468 - Change Database Path : 
2025-10-26 18:03:42,812 [INFO] MicroXplorer:498 - Change Database Version : DB.6.0.141
2025-10-26 18:03:42,825 [WARN] ThirdParty:871 - waiting for thirdparty lock release [close project]
2025-10-26 18:03:42,826 [INFO] ThirdParty:873 - entering critical section [close project]
2025-10-26 18:03:42,827 [INFO] ThirdParty:883 - exiting critical section [close project]
2025-10-26 18:03:42,833 [INFO] PinOutPanel:1589 - setPackage(No Configuration,No Configuration)
2025-10-26 18:03:42,847 [INFO] UtilMem:75 - Begin LoadConfig() Used Memory: 683404072 Bytes (796917760)
2025-10-26 18:03:46,014 [INFO] MicroXplorer:468 - Change Database Path : 
2025-10-26 18:03:46,014 [INFO] MicroXplorer:498 - Change Database Version : DB.6.0.141
2025-10-26 18:03:46,015 [INFO] OpenFileManager:354 - Change cursor
2025-10-26 18:03:46,114 [INFO] Mcu:2011 - Initializing MCU STM32F103C(8-B)Tx STM32F103C8Tx STM32F103C8T6
2025-10-26 18:03:47,894 [INFO] Context:756 - Trying to add GPIOservice into a context  which must be forbidden
2025-10-26 18:03:48,232 [INFO] Rule:225 - rule Adapt Old IOC CSI. is applicable
2025-10-26 18:03:48,232 [INFO] DbConfProperties:307 - Apply Compatibility (0/1 Rules)
2025-10-26 18:03:48,268 [INFO] ImportTextPane:218 - (OptionalMessage_ERROR) Pin10 (VP_RIF_VS_RIF1) cannot be retrieved for this MCU
2025-10-26 18:03:48,710 [INFO] RtosManager:558 - Registered RTOS mode: class=CMSIS, group=RTOS, mode=CMSIS_V1, owner=FREERTOS
2025-10-26 18:03:48,711 [INFO] RtosManager:558 - Registered RTOS mode: class=CMSIS, group=RTOS2, mode=CMSIS_V2, owner=FREERTOS
2025-10-26 18:03:48,711 [INFO] RtosManager:558 - Registered RTOS mode: class=RTOS, group=Core, mode=CMSIS_V1, owner=FREERTOS
2025-10-26 18:03:48,711 [INFO] RtosManager:558 - Registered RTOS mode: class=RTOS, group=Core, mode=CMSIS_V2, owner=FREERTOS
2025-10-26 18:03:48,711 [WARN] ModelIntegratedComponent:184 - Missing modes for component STMicroelectronics:FreeRTOS:0.0.1:STMicroelectronics:RTOS:FreeRTOS:Core:::10.2.0:
2025-10-26 18:03:48,725 [WARN] ModelIntegratedComponent:63 - No mode defined for component null
2025-10-26 18:03:48,726 [WARN] ModelIntegratedComponent:63 - No mode defined for component null
2025-10-26 18:03:48,726 [WARN] ModelIntegratedComponent:63 - No mode defined for component null
2025-10-26 18:03:48,726 [WARN] ModelIntegratedComponent:63 - No mode defined for component null
2025-10-26 18:03:48,726 [WARN] ModelIntegratedComponent:63 - No mode defined for component null
2025-10-26 18:03:48,726 [WARN] ModelIntegratedComponent:63 - No mode defined for component null
2025-10-26 18:03:48,726 [WARN] ModelIntegratedComponent:63 - No mode defined for component null
2025-10-26 18:03:48,726 [WARN] ModelIntegratedComponent:63 - No mode defined for component null
2025-10-26 18:03:48,726 [WARN] ModelIntegratedComponent:63 - No mode defined for component null
2025-10-26 18:03:48,726 [WARN] ModelIntegratedComponent:63 - No mode defined for component null
2025-10-26 18:03:48,727 [WARN] ModelIntegratedComponent:63 - No mode defined for component null
2025-10-26 18:03:48,727 [WARN] ModelIntegratedComponent:63 - No mode defined for component null
2025-10-26 18:03:48,727 [WARN] ModelIntegratedComponent:63 - No mode defined for component null
2025-10-26 18:03:48,727 [WARN] ModelIntegratedComponent:63 - No mode defined for component null
2025-10-26 18:03:48,727 [WARN] ModelIntegratedComponent:63 - No mode defined for component null
2025-10-26 18:03:48,727 [WARN] ModelIntegratedComponent:63 - No mode defined for component null
2025-10-26 18:03:48,727 [WARN] ModelIntegratedComponent:63 - No mode defined for component null
2025-10-26 18:03:48,727 [WARN] ModelIntegratedComponent:63 - No mode defined for component null
2025-10-26 18:03:48,727 [WARN] ModelIntegratedComponent:63 - No mode defined for component null
2025-10-26 18:03:48,727 [WARN] ModelIntegratedComponent:63 - No mode defined for component null
2025-10-26 18:03:48,727 [WARN] ModelIntegratedComponent:63 - No mode defined for component null
2025-10-26 18:03:48,728 [WARN] ModelIntegratedComponent:63 - No mode defined for component null
2025-10-26 18:03:48,728 [WARN] ModelIntegratedComponent:63 - No mode defined for component null
2025-10-26 18:03:48,728 [WARN] ModelIntegratedComponent:63 - No mode defined for component null
2025-10-26 18:03:48,728 [WARN] ModelIntegratedComponent:63 - No mode defined for component null
2025-10-26 18:03:48,728 [WARN] ModelIntegratedComponent:63 - No mode defined for component null
2025-10-26 18:03:48,728 [WARN] ModelIntegratedComponent:63 - No mode defined for component null
2025-10-26 18:03:48,728 [WARN] ModelIntegratedComponent:63 - No mode defined for component null
2025-10-26 18:03:48,728 [WARN] ModelIntegratedComponent:63 - No mode defined for component null
2025-10-26 18:03:48,728 [WARN] ModelIntegratedComponent:63 - No mode defined for component null
2025-10-26 18:03:48,728 [WARN] ModelIntegratedComponent:63 - No mode defined for component null
2025-10-26 18:03:48,728 [WARN] ModelIntegratedComponent:63 - No mode defined for component null
2025-10-26 18:03:48,729 [WARN] ModelIntegratedComponent:63 - No mode defined for component null
2025-10-26 18:03:48,729 [WARN] ModelIntegratedComponent:63 - No mode defined for component null
2025-10-26 18:03:48,729 [WARN] ModelIntegratedComponent:63 - No mode defined for component null
2025-10-26 18:03:48,729 [WARN] ModelPack:524 - Component already loaded: STMicroelectronics:HAL Drivers:0.0.0:STMicroelectronics:Device:STMicro_Driver:XSPI:HAL::0.0.1:HAL_XSPI
2025-10-26 18:03:49,781 [INFO] ThirdPartyModel:298 - Start build external matchings
2025-10-26 18:03:55,698 [INFO] ThirdPartyModel:316 - End build external matchings
2025-10-26 18:03:55,845 [INFO] ImportTextPane:218 - (OptionalMessage_ERROR) IP (RCC) : Parameter (ADCFreqValue) has invalid value (36000000)
2025-10-26 18:03:55,845 [INFO] ImportTextPane:218 - (OptionalMessage_ERROR) IP (RCC) : Invalid parameter (FamilyName)
2025-10-26 18:03:55,846 [INFO] ImportTextPane:218 - (OptionalMessage_ERROR) IP (RCC) : Parameter (MCOFreq_Value) has invalid value (72000000)
2025-10-26 18:03:55,847 [INFO] ImportTextPane:218 - (OptionalMessage_ERROR) IP (RCC) : Parameter (USBFreq_Value) has invalid value (72000000)
2025-10-26 18:03:56,455 [INFO] UtilMem:75 - End LoadConfig() Used Memory: 912569704 Bytes (1073741824)
2025-10-26 18:03:56,805 [WARN] ThirdParty:833 - waiting for thirdparty lock release [change project]
2025-10-26 18:03:56,805 [INFO] ThirdParty:835 - entering critical section [change project]
2025-10-26 18:03:56,806 [INFO] ThirdParty:1030 - CMSIS Pack Vendor :STMicroelectronics X-CUBE-PM33A1 1.0.0
2025-10-26 18:03:56,806 [INFO] ThirdParty:1030 - CMSIS Pack Vendor :STMicroelectronics USBPD 4.1
2025-10-26 18:03:56,806 [INFO] ThirdParty:1030 - CMSIS Pack Vendor :STMicroelectronics X-CUBE-GNSS1 6.0.0
2025-10-26 18:03:56,807 [INFO] ThirdParty:1030 - CMSIS Pack Vendor :STMicroelectronics USB_HOST 2.0.0
2025-10-26 18:03:56,807 [INFO] ThirdParty:1030 - CMSIS Pack Vendor :STMicroelectronics FP-SNS-MOTENVWB1 1.4.0
2025-10-26 18:03:56,807 [INFO] ThirdParty:1030 - CMSIS Pack Vendor :STMicroelectronics X-CUBE-AZRTOS-F4 1.1.0
2025-10-26 18:03:56,807 [INFO] ThirdParty:1030 - CMSIS Pack Vendor :STMicroelectronics LIBJPEG 8.0.0
2025-10-26 18:03:56,807 [INFO] ThirdParty:1030 - CMSIS Pack Vendor :STMicroelectronics FP-ATR-ASTRA1 2.0.2
2025-10-26 18:03:56,807 [INFO] ThirdParty:1030 - CMSIS Pack Vendor :STMicroelectronics FP-ATR-ASTRA1 2.0.1
2025-10-26 18:03:56,808 [INFO] ThirdParty:1030 - CMSIS Pack Vendor :Avnet-IotConnect X-CUBE-IoTC-DA16k-PMOD 1.0.0
2025-10-26 18:03:56,808 [INFO] ThirdParty:1030 - CMSIS Pack Vendor :STMicroelectronics X-CUBE-SMBUS 2.1.0
2025-10-26 18:03:56,808 [INFO] ThirdParty:1030 - CMSIS Pack Vendor :STMicroelectronics X-CUBE-WB05N 1.1.0
2025-10-26 18:03:56,808 [INFO] ThirdParty:1030 - CMSIS Pack Vendor :STMicroelectronics X-CUBE-ISPU 2.1.0
2025-10-26 18:03:56,808 [INFO] ThirdParty:1030 - CMSIS Pack Vendor :STMicroelectronics X-CUBE-FREERTOS 1.2.0
2025-10-26 18:03:56,808 [INFO] ThirdParty:1030 - CMSIS Pack Vendor :STMicroelectronics X-CUBE-ST60 1.0.0
2025-10-26 18:03:56,809 [INFO] ThirdParty:1030 - CMSIS Pack Vendor :STMicroelectronics X-CUBE-TOUCHGFX 4.23.0
2025-10-26 18:03:56,809 [INFO] ThirdParty:1030 - CMSIS Pack Vendor :STMicroelectronics X-CUBE-NFC12 1.0.0
2025-10-26 18:03:56,809 [INFO] ThirdParty:1030 - CMSIS Pack Vendor :STMicroelectronics X-CUBE-TOUCHGFX 4.23.2
2025-10-26 18:03:56,809 [INFO] ThirdParty:1030 - CMSIS Pack Vendor :STMicroelectronics X-CUBE-AZRTOS-F7 1.1.0
2025-10-26 18:03:56,810 [INFO] ThirdParty:1030 - CMSIS Pack Vendor :STMicroelectronics X-CUBE-AZRTOS-L5 2.0.0
2025-10-26 18:03:56,810 [INFO] ThirdParty:1030 - CMSIS Pack Vendor :STMicroelectronics USB_DEVICE 2.0.0
2025-10-26 18:03:56,810 [INFO] ThirdParty:1030 - CMSIS Pack Vendor :STMicroelectronics X-CUBE-EEPRMA1 4.2.0
2025-10-26 18:03:56,811 [INFO] ThirdParty:1030 - CMSIS Pack Vendor :STMicroelectronics X-CUBE-NFC6 3.1.0
2025-10-26 18:03:56,811 [INFO] ThirdParty:1030 - CMSIS Pack Vendor :STMicroelectronics FP-SNS-MOTENV1 4.3.2
2025-10-26 18:03:56,811 [INFO] ThirdParty:1030 - CMSIS Pack Vendor :STMicroelectronics X-CUBE-MEMS1 11.0.0
2025-10-26 18:03:56,811 [INFO] ThirdParty:1030 - CMSIS Pack Vendor :STMicroelectronics FreeRTOS 0.0.1
2025-10-26 18:03:56,811 [INFO] ThirdParty:1030 - CMSIS Pack Vendor :STMicroelectronics X-CUBE-DPower 1.2.0
2025-10-26 18:03:56,811 [INFO] ThirdParty:1030 - CMSIS Pack Vendor :STMicroelectronics FP-SNS-FLIGHT1 5.0.2
2025-10-26 18:03:56,811 [INFO] ThirdParty:1030 - CMSIS Pack Vendor :STMicroelectronics X-CUBE-AI 9.0.0
2025-10-26 18:03:56,811 [INFO] ThirdParty:1030 - CMSIS Pack Vendor :STMicroelectronics PDM2PCM 3.3.0
2025-10-26 18:03:56,811 [INFO] ThirdParty:1030 - CMSIS Pack Vendor :STMicroelectronics X-CUBE-AZRTOS-H7 3.4.0
2025-10-26 18:03:56,812 [INFO] ThirdParty:1030 - CMSIS Pack Vendor :STMicroelectronics X-CUBE-DISPLAY 3.0.0
2025-10-26 18:03:56,812 [INFO] ThirdParty:1030 - CMSIS Pack Vendor :STMicroelectronics X-CUBE-BLE1 7.0.0
2025-10-26 18:03:56,812 [INFO] ThirdParty:1030 - CMSIS Pack Vendor :STMicroelectronics X-CUBE-NFC10 1.0.0
2025-10-26 18:03:56,812 [INFO] ThirdParty:1030 - CMSIS Pack Vendor :STMicroelectronics X-CUBE-BLEMGR 4.0.0
2025-10-26 18:03:56,812 [INFO] ThirdParty:1030 - CMSIS Pack Vendor :STMicroelectronics X-CUBE-FREERTOS 1.3.1
2025-10-26 18:03:56,812 [INFO] ThirdParty:1030 - CMSIS Pack Vendor :STMicroelectronics HAL Drivers 0.0.0
2025-10-26 18:03:56,812 [INFO] ThirdParty:1030 - CMSIS Pack Vendor :STMicroelectronics X-CUBE-ST60 1.1.0
2025-10-26 18:03:56,812 [INFO] ThirdParty:1030 - CMSIS Pack Vendor :emotas I-CUBE-CANOPEN 1.3.0
2025-10-26 18:03:56,812 [INFO] ThirdParty:1030 - CMSIS Pack Vendor :STMicroelectronics X-CUBE-FREERTOS 1.3.0
2025-10-26 18:03:56,813 [INFO] ThirdParty:1030 - CMSIS Pack Vendor :STMicroelectronics X-CUBE-NFC7 1.0.1
2025-10-26 18:03:56,813 [INFO] ThirdParty:1030 - CMSIS Pack Vendor :STMicroelectronics MBEDTLS 2.14.1
2025-10-26 18:03:56,813 [INFO] ThirdParty:1030 - CMSIS Pack Vendor :STMicroelectronics X-CUBE-TOUCHGFX 4.26.0
2025-10-26 18:03:56,813 [INFO] ThirdParty:1030 - CMSIS Pack Vendor :STMicroelectronics X-CUBE-NFC6 3.0.0
2025-10-26 18:03:56,813 [INFO] ThirdParty:1030 - CMSIS Pack Vendor :STMicroelectronics X-CUBE-BLEMGR 3.1.0
2025-10-26 18:03:56,813 [INFO] ThirdParty:1030 - CMSIS Pack Vendor :STMicroelectronics X-CUBE-AI 10.0.0
2025-10-26 18:03:56,813 [INFO] ThirdParty:1030 - CMSIS Pack Vendor :STMicroelectronics FP-SNS-SMARTAG2 1.2.0
2025-10-26 18:03:56,813 [INFO] ThirdParty:1030 - CMSIS Pack Vendor :STMicroelectronics FP-SNS-FLIGHT1 5.1.0
2025-10-26 18:03:56,813 [INFO] ThirdParty:1030 - CMSIS Pack Vendor :STMicroelectronics X-CUBE-MEMS1 11.1.0
2025-10-26 18:03:56,814 [INFO] ThirdParty:1030 - CMSIS Pack Vendor :STMicroelectronics X-CUBE-AZRTOS-WL 2.0.0
2025-10-26 18:03:56,814 [INFO] ThirdParty:1030 - CMSIS Pack Vendor :STMicroelectronics X-CUBE-DPower 1.3.0
2025-10-26 18:03:56,814 [INFO] ThirdParty:1030 - CMSIS Pack Vendor :STMicroelectronics FP-SNS-MOTENV1 5.0.0
2025-10-26 18:03:56,814 [INFO] ThirdParty:1030 - CMSIS Pack Vendor :STMicroelectronics USB_DEVICE 1.0.0
2025-10-26 18:03:56,814 [INFO] ThirdParty:1030 - CMSIS Pack Vendor :STMicroelectronics X-CUBE-AI 8.1.0
2025-10-26 18:03:56,814 [INFO] ThirdParty:1030 - CMSIS Pack Vendor :wolfSSL I-CUBE-wolfMQTT 1.19.0
2025-10-26 18:03:56,814 [INFO] ThirdParty:1030 - CMSIS Pack Vendor :STMicroelectronics X-CUBE-AZRTOS-L4 2.0.0
2025-10-26 18:03:56,814 [INFO] ThirdParty:1030 - CMSIS Pack Vendor :STMicroelectronics ThreadX 0.0.2
2025-10-26 18:03:56,814 [INFO] ThirdParty:1030 - CMSIS Pack Vendor :WES I-CUBE-Cesium 1.3.0
2025-10-26 18:03:56,815 [INFO] ThirdParty:1030 - CMSIS Pack Vendor :STMicroelectronics lwIP 2.1.2
2025-10-26 18:03:56,815 [INFO] ThirdParty:1030 - CMSIS Pack Vendor :STMicroelectronics X-CUBE-SFXS2LP1 4.0.0
2025-10-26 18:03:56,815 [INFO] ThirdParty:1030 - CMSIS Pack Vendor :STMicroelectronics X-CUBE-BLE2 3.3.0
2025-10-26 18:03:56,815 [INFO] ThirdParty:1030 - CMSIS Pack Vendor :STMicroelectronics PDM2PCM 3.2.0
2025-10-26 18:03:56,815 [INFO] ThirdParty:1030 - CMSIS Pack Vendor :STMicroelectronics X-CUBE-AZRTOS-H7 3.3.0
2025-10-26 18:03:56,815 [INFO] ThirdParty:1030 - CMSIS Pack Vendor :STMicroelectronics X-CUBE-NFC9 1.0.0
2025-10-26 18:03:56,815 [INFO] ThirdParty:1030 - CMSIS Pack Vendor :STMicroelectronics X-CUBE-BLE1 7.1.0
2025-10-26 18:03:56,815 [INFO] ThirdParty:1030 - CMSIS Pack Vendor :STMicroelectronics USB_DEVICE 3.0.0
2025-10-26 18:03:56,815 [INFO] ThirdParty:1030 - CMSIS Pack Vendor :STMicroelectronics X-CUBE-TCPP 4.1.0
2025-10-26 18:03:56,816 [INFO] ThirdParty:1030 - CMSIS Pack Vendor :STMicroelectronics X-CUBE-EEPRMA1 5.2.0
2025-10-26 18:03:56,816 [INFO] ThirdParty:1030 - CMSIS Pack Vendor :STMicroelectronics X-CUBE-BLEMGR 4.1.0
2025-10-26 18:03:56,816 [INFO] ThirdParty:1030 - CMSIS Pack Vendor :STMicroelectronics X-CUBE-IPS 3.0.0
2025-10-26 18:03:56,816 [INFO] ThirdParty:1030 - CMSIS Pack Vendor :STMicroelectronics X-CUBE-AZRTOS-WB 2.0.0
2025-10-26 18:03:56,816 [INFO] ThirdParty:1030 - CMSIS Pack Vendor :STMicroelectronics X-CUBE-GNSS1 7.0.0
2025-10-26 18:03:56,816 [INFO] ThirdParty:1030 - CMSIS Pack Vendor :STMicroelectronics X-CUBE-GNSS1 7.0.1
2025-10-26 18:03:56,816 [INFO] ThirdParty:1030 - CMSIS Pack Vendor :STMicroelectronics X-CUBE-TOUCHGFX 4.25.0
2025-10-26 18:03:56,816 [INFO] ThirdParty:1030 - CMSIS Pack Vendor :STMicroelectronics X-CUBE-AI 10.1.0
2025-10-26 18:03:56,816 [INFO] ThirdParty:1030 - CMSIS Pack Vendor :STMicroelectronics FP-SNS-STBOX1 2.0.0
2025-10-26 18:03:56,817 [INFO] ThirdParty:1030 - CMSIS Pack Vendor :STMicroelectronics X-CUBE-ALGOBUILD 1.3.0
2025-10-26 18:03:56,817 [INFO] ThirdParty:1030 - CMSIS Pack Vendor :STMicroelectronics X-CUBE-MEMS1 11.2.0
2025-10-26 18:03:56,817 [INFO] ThirdParty:1030 - CMSIS Pack Vendor :STMicroelectronics X-CUBE-AZRTOS-G0 1.1.0
2025-10-26 18:03:56,817 [INFO] ThirdParty:1030 - CMSIS Pack Vendor :STMicroelectronics X-CUBE-SAFEA1 1.2.2
2025-10-26 18:03:56,817 [INFO] ThirdParty:1030 - CMSIS Pack Vendor :STMicroelectronics X-CUBE-NFC4 3.0.0
2025-10-26 18:03:56,817 [INFO] ThirdParty:1030 - CMSIS Pack Vendor :STMicroelectronics X-CUBE-SUBG2 5.0.0
2025-10-26 18:03:56,817 [INFO] ThirdParty:1030 - CMSIS Pack Vendor :STMicroelectronics X-CUBE-AZRTOS-H7RS 1.1.0
2025-10-26 18:03:56,817 [INFO] ThirdParty:1030 - CMSIS Pack Vendor :STMicroelectronics STM32_WPAN 1.0.0
2025-10-26 18:03:56,818 [INFO] ThirdParty:1030 - CMSIS Pack Vendor :EmbeddedOffice I-CUBE-FS-RTOS 1.0.1
2025-10-26 18:03:56,818 [INFO] ThirdParty:1030 - CMSIS Pack Vendor :STMicroelectronics lwIP 2.0.3
2025-10-26 18:03:56,818 [INFO] ThirdParty:1030 - CMSIS Pack Vendor :Cesanta I-CUBE-Mongoose 7.13.0
2025-10-26 18:03:56,818 [INFO] ThirdParty:1030 - CMSIS Pack Vendor :STMicroelectronics USB_HOST 1.0.0
2025-10-26 18:03:56,818 [INFO] ThirdParty:1030 - CMSIS Pack Vendor :STMicroelectronics X-CUBE-AZRTOS-G4 2.0.0
2025-10-26 18:03:56,818 [INFO] ThirdParty:1030 - CMSIS Pack Vendor :STMicroelectronics X-CUBE-WB05N 2.0.0
2025-10-26 18:03:56,818 [INFO] ThirdParty:1030 - CMSIS Pack Vendor :STMicroelectronics PDM2PCM 3.1.0
2025-10-26 18:03:56,818 [INFO] ThirdParty:1030 - CMSIS Pack Vendor :STMicroelectronics X-CUBE-BLEMGR 3.0.0
2025-10-26 18:03:56,818 [INFO] ThirdParty:1030 - CMSIS Pack Vendor :STMicroelectronics X-CUBE-NFC7 2.0.0
2025-10-26 18:03:56,818 [INFO] ThirdParty:1030 - CMSIS Pack Vendor :STMicroelectronics X-CUBE-TCPP 4.2.0
2025-10-26 18:03:56,819 [INFO] ThirdParty:1030 - CMSIS Pack Vendor :RealThread X-CUBE-RT-Thread_Nano 4.1.1
2025-10-26 18:03:56,819 [INFO] ThirdParty:1030 - CMSIS Pack Vendor :wolfSSL I-CUBE-wolfSSL 5.7.0
2025-10-26 18:03:56,819 [INFO] ThirdParty:1030 - CMSIS Pack Vendor :STMicroelectronics FP-SNS-MOTENVWB1 1.3.1
2025-10-26 18:03:56,819 [INFO] ThirdParty:1030 - CMSIS Pack Vendor :STMicroelectronics FP-ATR-SIGFOX1 3.2.0
2025-10-26 18:03:56,819 [INFO] ThirdParty:1030 - CMSIS Pack Vendor :quantropi X-CUBE-qispace-sdk-base 1.9.3
2025-10-26 18:03:56,819 [INFO] ThirdParty:1030 - CMSIS Pack Vendor :STMicroelectronics X-CUBE-ISPU 2.0.0
2025-10-26 18:03:56,820 [INFO] ThirdParty:1030 - CMSIS Pack Vendor :STMicroelectronics X-CUBE-EEPRMA1 5.1.0
2025-10-26 18:03:56,820 [INFO] ThirdParty:1030 - CMSIS Pack Vendor :STMicroelectronics MBEDTLS 2.16.2
2025-10-26 18:03:56,820 [INFO] ThirdParty:1030 - CMSIS Pack Vendor :STMicroelectronics X-CUBE-IPS 3.1.0
2025-10-26 18:03:56,820 [INFO] ThirdParty:1030 - CMSIS Pack Vendor :STMicroelectronics X-CUBE-ALS 1.0.2
2025-10-26 18:03:56,820 [INFO] ThirdParty:1030 - CMSIS Pack Vendor :STMicroelectronics X-CUBE-MEMS1 10.0.0
2025-10-26 18:03:56,820 [INFO] ThirdParty:1030 - CMSIS Pack Vendor :STMicroelectronics X-CUBE-FREERTOS 1.1.0
2025-10-26 18:03:56,820 [INFO] ThirdParty:1030 - CMSIS Pack Vendor :STMicroelectronics X-CUBE-TOUCHGFX 4.24.0
2025-10-26 18:03:56,820 [INFO] ThirdParty:1030 - CMSIS Pack Vendor :ITTIA_DB I-CUBE-ITTIADB 8.9.0
2025-10-26 18:03:56,820 [INFO] ThirdParty:1030 - CMSIS Pack Vendor :STMicroelectronics X-CUBE-TOUCHGFX 4.24.2
2025-10-26 18:03:56,821 [INFO] ThirdParty:1030 - CMSIS Pack Vendor :STMicroelectronics X-CUBE-TOUCHGFX 4.24.1
2025-10-26 18:03:56,821 [INFO] ThirdParty:1030 - CMSIS Pack Vendor :STMicroelectronics X-CUBE-STSE01 1.0.0
2025-10-26 18:03:56,821 [INFO] ThirdParty:1030 - CMSIS Pack Vendor :wolfSSL I-CUBE-wolfTPM 3.4.0
2025-10-26 18:03:56,821 [INFO] ThirdParty:1030 - CMSIS Pack Vendor :portGmbH I-Cube-SoM-uGOAL 1.1.0
2025-10-26 18:03:56,821 [INFO] ThirdParty:1030 - CMSIS Pack Vendor :STMicroelectronics X-CUBE-ALS 1.0.1
2025-10-26 18:03:56,821 [INFO] ThirdParty:1030 - CMSIS Pack Vendor :STMicroelectronics X-CUBE-ST67W61 1.0.0
2025-10-26 18:03:56,821 [INFO] ThirdParty:1030 - CMSIS Pack Vendor :STMicroelectronics X-CUBE-AI 10.2.0
2025-10-26 18:03:56,821 [INFO] ThirdParty:1030 - CMSIS Pack Vendor :STMicroelectronics ThreadX 1.0.0
2025-10-26 18:03:56,822 [INFO] ThirdParty:1030 - CMSIS Pack Vendor :SEGGER I-CUBE-embOS 1.3.1
2025-10-26 18:03:56,822 [INFO] ThirdParty:1030 - CMSIS Pack Vendor :STMicroelectronics X-CUBE-ALGOBUILD 1.4.0
2025-10-26 18:03:56,822 [INFO] ThirdParty:1030 - CMSIS Pack Vendor :STMicroelectronics X-CUBE-MEMS1 11.3.0
2025-10-26 18:03:56,822 [INFO] ThirdParty:1030 - CMSIS Pack Vendor :STMicroelectronics X-CUBE-AZRTOS-H7RS 1.0.0
2025-10-26 18:03:56,822 [INFO] ThirdParty:1030 - CMSIS Pack Vendor :STMicroelectronics FP-ATR-ASTRA1 2.0.0
2025-10-26 18:03:56,822 [INFO] ThirdParty:1030 - CMSIS Pack Vendor :STMicroelectronics X-CUBE-TOF1 3.4.2
2025-10-26 18:03:56,822 [INFO] ThirdParty:1030 - CMSIS Pack Vendor :STMicroelectronics X-CUBE-TOF1 3.4.3
2025-10-26 18:03:56,822 [INFO] ThirdParty:1030 - CMSIS Pack Vendor :STMicroelectronics X-CUBE-AI 9.1.0
2025-10-26 18:03:56,822 [INFO] ThirdParty:1030 - CMSIS Pack Vendor :STMicroelectronics X-CUBE-TOF1 3.4.0
2025-10-26 18:03:56,822 [INFO] ThirdParty:1030 - CMSIS Pack Vendor :STMicroelectronics X-CUBE-TOF1 3.4.1
2025-10-26 18:03:56,822 [INFO] ThirdParty:1030 - CMSIS Pack Vendor :STMicroelectronics X-CUBE-AZRTOS-H7 3.2.0
2025-10-26 18:03:56,823 [INFO] ThirdParty:1030 - CMSIS Pack Vendor :Infineon AIROC-Wi-Fi-Bluetooth-STM32 1.6.0
2025-10-26 18:03:56,823 [INFO] ThirdParty:1030 - CMSIS Pack Vendor :wolfSSL I-CUBE-wolfSSH 1.4.17
2025-10-26 18:03:56,823 [INFO] ThirdParty:841 - exiting critical section [change project]
2025-10-26 18:03:57,631 [INFO] PinOutPanel:1589 - setPackage(No Configuration,No Configuration)
2025-10-26 18:03:57,635 [INFO] PinOutPanel:1589 - setPackage(STM32F103C8Tx,LQFP48)
2025-10-26 18:03:58,914 [INFO] UtilMem:75 - Before build in PCC Used Memory: 720296496 Bytes (1073741824)
2025-10-26 18:04:00,615 [INFO] UtilMem:75 - After build in PCC Used Memory: 915855968 Bytes (1073741824)
2025-10-26 18:04:00,687 [INFO] IPUIPlugin:80 - create IPUIPlugin
2025-10-26 18:04:00,687 [INFO] IPUIPlugin:80 - create IPUIPlugin
2025-10-26 18:04:00,687 [INFO] IPUIPlugin:80 - create IPUIPlugin
2025-10-26 18:04:00,688 [INFO] IPUIPlugin:80 - create IPUIPlugin
2025-10-26 18:04:00,688 [INFO] IPUIPlugin:80 - create IPUIPlugin
2025-10-26 18:04:00,688 [INFO] IPUIPlugin:80 - create IPUIPlugin
2025-10-26 18:04:00,688 [INFO] IPUIPlugin:80 - create IPUIPlugin
2025-10-26 18:04:00,688 [INFO] IPUIPlugin:80 - create IPUIPlugin
2025-10-26 18:04:00,689 [INFO] IPUIPlugin:80 - create IPUIPlugin
2025-10-26 18:04:00,689 [INFO] IPUIPlugin:80 - create IPUIPlugin
2025-10-26 18:04:00,689 [INFO] IPUIPlugin:80 - create IPUIPlugin
2025-10-26 18:04:00,690 [INFO] IPUIPlugin:80 - create IPUIPlugin
2025-10-26 18:04:00,690 [INFO] IPUIPlugin:80 - create IPUIPlugin
2025-10-26 18:04:00,691 [INFO] IPUIPlugin:80 - create IPUIPlugin
2025-10-26 18:04:00,691 [INFO] IPUIPlugin:80 - create IPUIPlugin
2025-10-26 18:04:00,692 [INFO] IPUIPlugin:80 - create IPUIPlugin
2025-10-26 18:04:00,692 [INFO] IPUIPlugin:80 - create IPUIPlugin
2025-10-26 18:04:00,693 [INFO] IPUIPlugin:80 - create IPUIPlugin
2025-10-26 18:04:00,693 [INFO] IPUIPlugin:80 - create IPUIPlugin
2025-10-26 18:04:00,693 [INFO] IPUIPlugin:80 - create IPUIPlugin
2025-10-26 18:04:00,694 [INFO] IPUIPlugin:80 - create IPUIPlugin
2025-10-26 18:04:00,694 [INFO] IPUIPlugin:80 - create IPUIPlugin
2025-10-26 18:04:00,695 [INFO] IPUIPlugin:80 - create IPUIPlugin
2025-10-26 18:04:00,695 [INFO] IPUIPlugin:80 - create IPUIPlugin
2025-10-26 18:04:00,696 [INFO] IPUIPlugin:80 - create IPUIPlugin
2025-10-26 18:04:00,696 [INFO] IPUIPlugin:80 - create IPUIPlugin
2025-10-26 18:04:00,697 [INFO] IPUIPlugin:80 - create IPUIPlugin
2025-10-26 18:04:01,098 [INFO] CADModel:165 - CPN selected for project levelSTM32F103C8T6
2025-10-26 18:04:01,098 [INFO] CADModel:114 - Register for checkConnection events
2025-10-26 18:04:01,170 [INFO] OpenFileManager:385 - Restore cursor
2025-10-26 18:04:03,459 [INFO] UtilMem:75 - End SaveConfig() Used Memory: 850945224 Bytes (1073741824)
2025-10-26 18:04:03,686 [INFO] UtilMem:75 - End SaveConfig() Used Memory: 873463808 Bytes (1073741824)
2025-10-26 18:04:04,705 [INFO] BlockDiagram:2775 - set Specific Code input for plugin: NVIC
2025-10-26 18:04:04,705 [INFO] BlockDiagram:2775 - set Specific Code input for plugin: USART
2025-10-26 18:04:04,705 [INFO] BlockDiagram:2775 - set Specific Code input for plugin: TIM1_8F1
2025-10-26 18:04:04,705 [INFO] BlockDiagram:2775 - set Specific Code input for plugin: TIM1_8F1
2025-10-26 18:04:04,705 [INFO] BlockDiagram:2775 - set Specific Code input for plugin: SYS
2025-10-26 18:04:04,705 [INFO] BlockDiagram:2775 - set Specific Code input for plugin: GPIO
2025-10-26 18:04:04,705 [INFO] BlockDiagram:2775 - set Specific Code input for plugin: RCC
2025-10-26 18:04:04,707 [INFO] CodeGenerator:882 - code generatio: config db path: C:\ST\STM32CubeIDE_1.18.0\STM32CubeIDE\plugins\com.st.stm32cube.common.mx_6.14.1.202504091515\\db\
2025-10-26 18:04:05,148 [INFO] CodeEngine:263 - oldGeneratedFile, C:\GIT\GIT_AULAS_FATEC\Exemplos_Codigo_STM32\RodaFonicaVirtual\MXTmpFiles\license.tmp_save
2025-10-26 18:04:06,079 [INFO] CodeEngine:287 - Generated code: C:\GIT\GIT_AULAS_FATEC\Exemplos_Codigo_STM32\RodaFonicaVirtual\MXTmpFiles\license.tmp
2025-10-26 18:04:06,288 [INFO] CodeEngine:263 - oldGeneratedFile, C:\GIT\GIT_AULAS_FATEC\Exemplos_Codigo_STM32\RodaFonicaVirtual\MXTmpFiles\gpio.tmp_save
2025-10-26 18:04:06,653 [INFO] CodeEngine:287 - Generated code: C:\GIT\GIT_AULAS_FATEC\Exemplos_Codigo_STM32\RodaFonicaVirtual\MXTmpFiles\gpio.tmp
2025-10-26 18:04:07,114 [INFO] CodeEngine:263 - oldGeneratedFile, C:\GIT\GIT_AULAS_FATEC\Exemplos_Codigo_STM32\RodaFonicaVirtual\Core\Src\stm32f1xx_it.c_save
2025-10-26 18:04:07,406 [INFO] CodeEngine:287 - Generated code: C:\GIT\GIT_AULAS_FATEC\Exemplos_Codigo_STM32\RodaFonicaVirtual\Core\Src\stm32f1xx_it.c
2025-10-26 18:04:07,418 [INFO] CodeEngine:263 - oldGeneratedFile, C:\GIT\GIT_AULAS_FATEC\Exemplos_Codigo_STM32\RodaFonicaVirtual\Core\Inc\stm32f1xx_it.h_save
2025-10-26 18:04:07,575 [INFO] CodeEngine:287 - Generated code: C:\GIT\GIT_AULAS_FATEC\Exemplos_Codigo_STM32\RodaFonicaVirtual\Core\Inc\stm32f1xx_it.h
2025-10-26 18:04:07,607 [INFO] CodeEngine:263 - oldGeneratedFile, C:\GIT\GIT_AULAS_FATEC\Exemplos_Codigo_STM32\RodaFonicaVirtual\Core\Src\stm32f1xx_hal_msp.c_save
2025-10-26 18:04:07,889 [INFO] CodeEngine:287 - Generated code: C:\GIT\GIT_AULAS_FATEC\Exemplos_Codigo_STM32\RodaFonicaVirtual\Core\Src\stm32f1xx_hal_msp.c
2025-10-26 18:04:07,899 [INFO] CodeEngine:263 - oldGeneratedFile, C:\GIT\GIT_AULAS_FATEC\Exemplos_Codigo_STM32\RodaFonicaVirtual\MXTmpFiles\system.tmp_save
2025-10-26 18:04:08,008 [INFO] CodeEngine:287 - Generated code: C:\GIT\GIT_AULAS_FATEC\Exemplos_Codigo_STM32\RodaFonicaVirtual\MXTmpFiles\system.tmp
2025-10-26 18:04:08,035 [INFO] CodeEngine:319 - oldGeneratedFile, C:\GIT\GIT_AULAS_FATEC\Exemplos_Codigo_STM32\RodaFonicaVirtual\Core\Inc\stm32f1xx_hal_conf.h_save
2025-10-26 18:04:08,163 [INFO] CodeEngine:343 - Generated code: C:\GIT\GIT_AULAS_FATEC\Exemplos_Codigo_STM32\RodaFonicaVirtual\Core\Inc\stm32f1xx_hal_conf.h
2025-10-26 18:04:08,414 [INFO] ApiDbMcu:508 - Load IP Config File for TIM1
2025-10-26 18:04:08,555 [INFO] ApiDbMcu:508 - Load IP Config File for TIM2
2025-10-26 18:04:08,573 [INFO] ApiDbMcu:508 - Load IP Config File for USART1
2025-10-26 18:04:08,583 [INFO] ApiDbMcu:508 - Load IP Config File for RCC
2025-10-26 18:04:08,587 [WARN] IPConfigManager:3790 - IP not found : TIM
2025-10-26 18:04:08,590 [WARN] CodeGenerator:4198 - IP not found : null
2025-10-26 18:04:08,607 [INFO] CodeEngine:263 - oldGeneratedFile, C:\GIT\GIT_AULAS_FATEC\Exemplos_Codigo_STM32\RodaFonicaVirtual\Core\Inc\main.h_save
2025-10-26 18:04:08,781 [INFO] CodeEngine:287 - Generated code: C:\GIT\GIT_AULAS_FATEC\Exemplos_Codigo_STM32\RodaFonicaVirtual\Core\Inc\main.h
2025-10-26 18:04:08,791 [INFO] CodeEngine:263 - oldGeneratedFile, C:\GIT\GIT_AULAS_FATEC\Exemplos_Codigo_STM32\RodaFonicaVirtual\Core\Src\main.c_save
2025-10-26 18:04:09,075 [INFO] CodeEngine:287 - Generated code: C:\GIT\GIT_AULAS_FATEC\Exemplos_Codigo_STM32\RodaFonicaVirtual\Core\Src\main.c
2025-10-26 18:04:10,204 [INFO] ProjectBuilder:3324 - Time for Copy HAL[1] : 444mS.
2025-10-26 18:04:10,218 [INFO] ProjectBuilder:4912 - Project Generator version: 4.6.0.1-B1
2025-10-26 18:04:10,484 [INFO] ConfigFileManager:1590 - The Die is : DIE410
2025-10-26 18:04:10,576 [INFO] ApiDbMcu:508 - Load IP Config File for FATFS
2025-10-26 18:04:10,622 [INFO] ApiDbMcu:508 - Load IP Config File for FREERTOS
2025-10-26 18:04:10,671 [INFO] ApiDbMcu:508 - Load IP Config File for USB_DEVICE
2025-10-26 18:04:11,718 [INFO] LogOutputStream:77 - [STDOUT_REDIRECT] 
2025-10-26 18:04:16,339 [INFO] ProjectBuilder:5191 - Time for Generating toolchain IDE Files: 6120mS.
2025-10-26 18:04:16,341 [INFO] ProjectBuilder:3181 - Time for Copy CMSIS : 1mS.
2025-10-26 18:04:16,347 [INFO] ProjectBuilder:3181 - Time for Copy CMSIS : 0mS.
2025-10-26 18:04:18,020 [INFO] McuFinderGlobals:76 - Set McuFinderConnectedMode to true
2025-10-26 18:04:18,030 [INFO] ApiDb:448 - Save user favorites file C:\Users\User/.stm32cubeide/favorites.mcus.txt: 1 item(s)
2025-10-26 18:04:18,030 [INFO] ApiDb:452 - User favorites MCUs=[STM32F103C8T6]
2025-10-26 18:04:18,902 [ERROR] LogOutputStream:75 - [STDERR_REDIRECT] Exception in thread "AWT-EventQueue-0" java.awt.IllegalComponentStateException: Native resources unavailable
2025-10-26 18:04:18,904 [ERROR] LogOutputStream:75 - [STDERR_REDIRECT] 	at java.desktop/sun.awt.windows.WWindowPeer.getScreenImOn(Native Method)
2025-10-26 18:04:18,907 [ERROR] LogOutputStream:75 - [STDERR_REDIRECT] 	at java.desktop/sun.awt.windows.WWindowPeer.updateGC(WWindowPeer.java:566)
2025-10-26 18:04:18,912 [ERROR] LogOutputStream:75 - [STDERR_REDIRECT] 	at java.desktop/java.awt.event.InvocationEvent.dispatch(InvocationEvent.java:318)
2025-10-26 18:04:18,915 [ERROR] LogOutputStream:75 - [STDERR_REDIRECT] 	at java.desktop/java.awt.EventQueue.dispatchEventImpl(EventQueue.java:773)
2025-10-26 18:04:18,918 [ERROR] LogOutputStream:75 - [STDERR_REDIRECT] 	at java.desktop/java.awt.EventQueue$4.run(EventQueue.java:720)
2025-10-26 18:04:18,921 [ERROR] LogOutputStream:75 - [STDERR_REDIRECT] 	at java.desktop/java.awt.EventQueue$4.run(EventQueue.java:714)
2025-10-26 18:04:18,923 [ERROR] LogOutputStream:75 - [STDERR_REDIRECT] 	at java.base/java.security.AccessController.doPrivileged(AccessController.java:400)
2025-10-26 18:04:18,929 [ERROR] LogOutputStream:75 - [STDERR_REDIRECT] 	at java.base/java.security.ProtectionDomain$JavaSecurityAccessImpl.doIntersectionPrivilege(ProtectionDomain.java:87)
2025-10-26 18:04:18,932 [ERROR] LogOutputStream:75 - [STDERR_REDIRECT] 	at java.base/java.security.ProtectionDomain$JavaSecurityAccessImpl.doIntersectionPrivilege(ProtectionDomain.java:98)
2025-10-26 18:04:18,934 [ERROR] LogOutputStream:75 - [STDERR_REDIRECT] 	at java.desktop/java.awt.EventQueue$5.run(EventQueue.java:747)
2025-10-26 18:04:18,936 [ERROR] LogOutputStream:75 - [STDERR_REDIRECT] 	at java.desktop/java.awt.EventQueue$5.run(EventQueue.java:745)
2025-10-26 18:04:18,939 [ERROR] LogOutputStream:75 - [STDERR_REDIRECT] 	at java.base/java.security.AccessController.doPrivileged(AccessController.java:400)
2025-10-26 18:04:18,942 [ERROR] LogOutputStream:75 - [STDERR_REDIRECT] 	at java.base/java.security.ProtectionDomain$JavaSecurityAccessImpl.doIntersectionPrivilege(ProtectionDomain.java:87)
2025-10-26 18:04:18,946 [ERROR] LogOutputStream:75 - [STDERR_REDIRECT] 	at java.desktop/java.awt.EventQueue.dispatchEvent(EventQueue.java:744)
2025-10-26 18:04:18,949 [ERROR] LogOutputStream:75 - [STDERR_REDIRECT] 	at java.desktop/java.awt.EventDispatchThread.pumpOneEventForFilters(EventDispatchThread.java:203)
2025-10-26 18:04:18,951 [ERROR] LogOutputStream:75 - [STDERR_REDIRECT] 	at java.desktop/java.awt.EventDispatchThread.pumpEventsForFilter(EventDispatchThread.java:124)
2025-10-26 18:04:18,955 [ERROR] LogOutputStream:75 - [STDERR_REDIRECT] 	at java.desktop/java.awt.EventDispatchThread.pumpEventsForHierarchy(EventDispatchThread.java:113)
2025-10-26 18:04:18,957 [ERROR] LogOutputStream:75 - [STDERR_REDIRECT] 	at java.desktop/java.awt.EventDispatchThread.pumpEvents(EventDispatchThread.java:109)
2025-10-26 18:04:18,964 [ERROR] LogOutputStream:75 - [STDERR_REDIRECT] 	at java.desktop/java.awt.EventDispatchThread.pumpEvents(EventDispatchThread.java:101)
2025-10-26 18:04:18,967 [ERROR] LogOutputStream:75 - [STDERR_REDIRECT] 	at java.desktop/java.awt.EventDispatchThread.run(EventDispatchThread.java:90)
2025-10-26 18:07:41,080 [INFO] Gpio:277 - dependency for GPIO [RCC, USART1]
2025-10-26 18:10:01,640 [INFO] NvicIntPanel:101 - NVIC parent = com.st.microxplorer.plugins.ip.nvic.MultiNvicIntPanel[,2,27,769x530,layout=javax.swing.BoxLayout,alignmentX=0.0,alignmentY=0.0,border=,flags=9,maximumSize=,minimumSize=,preferredSize=]
2025-10-26 18:10:12,267 [INFO] Gpio:277 - dependency for GPIO [RCC, USART1]
2025-10-26 18:10:12,546 [ERROR] LogOutputStream:75 - [STDERR_REDIRECT] java.lang.Error: no ComponentUI class for: com.st.microxplorer.plugins.ip.nvic.CheckBoxHeader[,0,0,0x0,invalid,alignmentX=0.0,alignmentY=0.0,border=,flags=0,maximumSize=,minimumSize=,preferredSize=,defaultIcon=,disabledIcon=,disabledSelectedIcon=,margin=null,paintBorder=true,paintFocus=true,pressedIcon=,rolloverEnabled=false,rolloverIcon=,rolloverSelectedIcon=,selectedIcon=,text=]
2025-10-26 18:10:12,548 [ERROR] LogOutputStream:75 - [STDERR_REDIRECT] 	at java.desktop/javax.swing.UIDefaults.getUIError(UIDefaults.java:763)
2025-10-26 18:10:12,549 [ERROR] LogOutputStream:75 - [STDERR_REDIRECT] 	at java.desktop/javax.swing.MultiUIDefaults.getUIError(MultiUIDefaults.java:144)
2025-10-26 18:10:12,551 [ERROR] LogOutputStream:75 - [STDERR_REDIRECT] 	at java.desktop/javax.swing.UIDefaults.getUI(UIDefaults.java:793)
2025-10-26 18:10:12,552 [ERROR] LogOutputStream:75 - [STDERR_REDIRECT] 	at java.desktop/javax.swing.UIManager.getUI(UIManager.java:1070)
2025-10-26 18:10:12,553 [ERROR] LogOutputStream:75 - [STDERR_REDIRECT] 	at java.desktop/javax.swing.JCheckBox.updateUI(JCheckBox.java:228)
2025-10-26 18:10:12,555 [ERROR] LogOutputStream:75 - [STDERR_REDIRECT] 	at java.desktop/javax.swing.AbstractButton.init(AbstractButton.java:2141)
2025-10-26 18:10:12,557 [ERROR] LogOutputStream:75 - [STDERR_REDIRECT] 	at java.desktop/javax.swing.JToggleButton.<init>(JToggleButton.java:187)
2025-10-26 18:10:12,559 [ERROR] LogOutputStream:75 - [STDERR_REDIRECT] 	at java.desktop/javax.swing.JCheckBox.<init>(JCheckBox.java:176)
2025-10-26 18:10:12,560 [ERROR] LogOutputStream:75 - [STDERR_REDIRECT] 	at java.desktop/javax.swing.JCheckBox.<init>(JCheckBox.java:97)
2025-10-26 18:10:12,561 [ERROR] LogOutputStream:75 - [STDERR_REDIRECT] 	at com.st.microxplorer.plugins.ip.nvic.CheckBoxHeader.<init>(CheckBoxHeader.java:55)
2025-10-26 18:10:12,563 [ERROR] LogOutputStream:75 - [STDERR_REDIRECT] 	at com.st.microxplorer.plugins.ip.nvic.NvicCodeSelectionTable.<init>(NvicCodeSelectionTable.java:75)
2025-10-26 18:10:12,565 [ERROR] LogOutputStream:75 - [STDERR_REDIRECT] 	at com.st.microxplorer.plugins.ip.nvic.NvicCodePanel.initComponents(NvicCodePanel.java:102)
2025-10-26 18:10:12,566 [ERROR] LogOutputStream:75 - [STDERR_REDIRECT] 	at com.st.microxplorer.plugins.ip.nvic.NvicCodePanel.<init>(NvicCodePanel.java:78)
2025-10-26 18:10:12,568 [ERROR] LogOutputStream:75 - [STDERR_REDIRECT] 	at com.st.microxplorer.plugins.ip.nvic.NvicTabbedPanel.<init>(NvicTabbedPanel.java:57)
2025-10-26 18:10:12,569 [ERROR] LogOutputStream:75 - [STDERR_REDIRECT] 	at com.st.microxplorer.plugins.ip.nvic.Nvic.getUI(Nvic.java:73)
2025-10-26 18:10:12,571 [ERROR] LogOutputStream:75 - [STDERR_REDIRECT] 	at com.st.microxplorer.plugins.ipmanager.gui.BlockDiagram.createIpPanel(BlockDiagram.java:402)
2025-10-26 18:10:12,573 [ERROR] LogOutputStream:75 - [STDERR_REDIRECT] 	at com.st.microxplorer.plugins.ipmanager.gui.BlockDiagram.getIPConfigPanel(BlockDiagram.java:552)
2025-10-26 18:10:12,575 [ERROR] LogOutputStream:75 - [STDERR_REDIRECT] 	at com.st.microxplorer.plugins.ipmanager.gui.BlockDiagram.getIPConfigPanel(BlockDiagram.java:458)
2025-10-26 18:10:12,577 [ERROR] LogOutputStream:75 - [STDERR_REDIRECT] 	at com.st.microxplorer.plugins.ipmanager.gui.BlockDiagram.propertyChange(BlockDiagram.java:1389)
2025-10-26 18:10:12,579 [ERROR] LogOutputStream:75 - [STDERR_REDIRECT] 	at java.desktop/java.beans.PropertyChangeSupport.fire(PropertyChangeSupport.java:343)
2025-10-26 18:10:12,581 [ERROR] LogOutputStream:75 - [STDERR_REDIRECT] 	at java.desktop/java.beans.PropertyChangeSupport.firePropertyChange(PropertyChangeSupport.java:335)
2025-10-26 18:10:12,583 [ERROR] LogOutputStream:75 - [STDERR_REDIRECT] 	at java.desktop/java.beans.PropertyChangeSupport.firePropertyChange(PropertyChangeSupport.java:268)
2025-10-26 18:10:12,585 [ERROR] LogOutputStream:75 - [STDERR_REDIRECT] 	at com.st.microxplorer.util.MXPropertyChangeSupport.firePropertyChange(MXPropertyChangeSupport.java:54)
2025-10-26 18:10:12,586 [ERROR] LogOutputStream:75 - [STDERR_REDIRECT] 	at com.st.microxplorer.mxsystem.MxSystem.firePropertyChange(MxSystem.java:357)
2025-10-26 18:10:12,588 [ERROR] LogOutputStream:75 - [STDERR_REDIRECT] 	at com.st.microxplorer.plugins.pinoutconfig.guiV5.PeripheralsSelectionPanel.selectIP(PeripheralsSelectionPanel.java:409)
2025-10-26 18:10:12,592 [ERROR] LogOutputStream:75 - [STDERR_REDIRECT] 	at com.st.microxplorer.plugins.pinoutconfig.guiV5.PeripheralsListListener.mouseClicked(PeripheralsListListener.java:103)
2025-10-26 18:10:12,594 [ERROR] LogOutputStream:75 - [STDERR_REDIRECT] 	at java.desktop/java.awt.AWTEventMulticaster.mouseClicked(AWTEventMulticaster.java:278)
2025-10-26 18:10:12,595 [ERROR] LogOutputStream:75 - [STDERR_REDIRECT] 	at java.desktop/java.awt.Component.processMouseEvent(Component.java:6624)
2025-10-26 18:10:12,597 [ERROR] LogOutputStream:75 - [STDERR_REDIRECT] 	at java.desktop/javax.swing.JComponent.processMouseEvent(JComponent.java:3398)
2025-10-26 18:10:12,598 [ERROR] LogOutputStream:75 - [STDERR_REDIRECT] 	at java.desktop/java.awt.Component.processEvent(Component.java:6386)
2025-10-26 18:10:12,599 [ERROR] LogOutputStream:75 - [STDERR_REDIRECT] 	at java.desktop/java.awt.Container.processEvent(Container.java:2266)
2025-10-26 18:10:12,601 [ERROR] LogOutputStream:75 - [STDERR_REDIRECT] 	at java.desktop/java.awt.Component.dispatchEventImpl(Component.java:4996)
2025-10-26 18:10:12,602 [ERROR] LogOutputStream:75 - [STDERR_REDIRECT] 	at java.desktop/java.awt.Container.dispatchEventImpl(Container.java:2324)
2025-10-26 18:10:12,605 [ERROR] LogOutputStream:75 - [STDERR_REDIRECT] 	at java.desktop/java.awt.Component.dispatchEvent(Component.java:4828)
2025-10-26 18:10:12,607 [ERROR] LogOutputStream:75 - [STDERR_REDIRECT] 	at java.desktop/java.awt.LightweightDispatcher.retargetMouseEvent(Container.java:4948)
2025-10-26 18:10:12,609 [ERROR] LogOutputStream:75 - [STDERR_REDIRECT] 	at java.desktop/java.awt.LightweightDispatcher.processMouseEvent(Container.java:4584)
2025-10-26 18:10:12,610 [ERROR] LogOutputStream:75 - [STDERR_REDIRECT] 	at java.desktop/java.awt.LightweightDispatcher.dispatchEvent(Container.java:4516)
2025-10-26 18:10:12,611 [ERROR] LogOutputStream:75 - [STDERR_REDIRECT] 	at java.desktop/java.awt.Container.dispatchEventImpl(Container.java:2310)
2025-10-26 18:10:12,613 [ERROR] LogOutputStream:75 - [STDERR_REDIRECT] 	at java.desktop/java.awt.Component.dispatchEvent(Component.java:4828)
2025-10-26 18:10:12,614 [ERROR] LogOutputStream:75 - [STDERR_REDIRECT] 	at java.desktop/java.awt.EventQueue.dispatchEventImpl(EventQueue.java:775)
2025-10-26 18:10:12,615 [ERROR] LogOutputStream:75 - [STDERR_REDIRECT] 	at java.desktop/java.awt.EventQueue$4.run(EventQueue.java:720)
2025-10-26 18:10:12,616 [ERROR] LogOutputStream:75 - [STDERR_REDIRECT] 	at java.desktop/java.awt.EventQueue$4.run(EventQueue.java:714)
2025-10-26 18:10:12,618 [ERROR] LogOutputStream:75 - [STDERR_REDIRECT] 	at java.base/java.security.AccessController.doPrivileged(AccessController.java:400)
2025-10-26 18:10:12,620 [ERROR] LogOutputStream:75 - [STDERR_REDIRECT] 	at java.base/java.security.ProtectionDomain$JavaSecurityAccessImpl.doIntersectionPrivilege(ProtectionDomain.java:87)
2025-10-26 18:10:12,622 [ERROR] LogOutputStream:75 - [STDERR_REDIRECT] 	at java.base/java.security.ProtectionDomain$JavaSecurityAccessImpl.doIntersectionPrivilege(ProtectionDomain.java:98)
2025-10-26 18:10:12,624 [ERROR] LogOutputStream:75 - [STDERR_REDIRECT] 	at java.desktop/java.awt.EventQueue$5.run(EventQueue.java:747)
2025-10-26 18:10:12,627 [ERROR] LogOutputStream:75 - [STDERR_REDIRECT] 	at java.desktop/java.awt.EventQueue$5.run(EventQueue.java:745)
2025-10-26 18:10:12,628 [ERROR] LogOutputStream:75 - [STDERR_REDIRECT] 	at java.base/java.security.AccessController.doPrivileged(AccessController.java:400)
2025-10-26 18:10:12,630 [ERROR] LogOutputStream:75 - [STDERR_REDIRECT] 	at java.base/java.security.ProtectionDomain$JavaSecurityAccessImpl.doIntersectionPrivilege(ProtectionDomain.java:87)
2025-10-26 18:10:12,632 [ERROR] LogOutputStream:75 - [STDERR_REDIRECT] 	at java.desktop/java.awt.EventQueue.dispatchEvent(EventQueue.java:744)
2025-10-26 18:10:12,634 [ERROR] LogOutputStream:75 - [STDERR_REDIRECT] 	at java.desktop/java.awt.EventDispatchThread.pumpOneEventForFilters(EventDispatchThread.java:203)
2025-10-26 18:10:12,635 [ERROR] LogOutputStream:75 - [STDERR_REDIRECT] 	at java.desktop/java.awt.EventDispatchThread.pumpEventsForFilter(EventDispatchThread.java:124)
2025-10-26 18:10:12,637 [ERROR] LogOutputStream:75 - [STDERR_REDIRECT] 	at java.desktop/java.awt.EventDispatchThread.pumpEventsForHierarchy(EventDispatchThread.java:113)
2025-10-26 18:10:12,639 [ERROR] LogOutputStream:75 - [STDERR_REDIRECT] 	at java.desktop/java.awt.EventDispatchThread.pumpEvents(EventDispatchThread.java:109)
2025-10-26 18:10:12,642 [ERROR] LogOutputStream:75 - [STDERR_REDIRECT] 	at java.desktop/java.awt.EventDispatchThread.pumpEvents(EventDispatchThread.java:101)
2025-10-26 18:10:12,643 [ERROR] LogOutputStream:75 - [STDERR_REDIRECT] 	at java.desktop/java.awt.EventDispatchThread.run(EventDispatchThread.java:90)
2025-10-26 18:10:12,653 [ERROR] LogOutputStream:75 - [STDERR_REDIRECT] java.lang.Error: no ComponentUI class for: com.st.microxplorer.plugins.ip.nvic.CheckBoxHeader[,0,0,0x0,invalid,alignmentX=0.0,alignmentY=0.0,border=,flags=0,maximumSize=,minimumSize=,preferredSize=,defaultIcon=,disabledIcon=,disabledSelectedIcon=,margin=null,paintBorder=true,paintFocus=true,pressedIcon=,rolloverEnabled=false,rolloverIcon=,rolloverSelectedIcon=,selectedIcon=,text=]
2025-10-26 18:10:12,655 [ERROR] LogOutputStream:75 - [STDERR_REDIRECT] 	at java.desktop/javax.swing.UIDefaults.getUIError(UIDefaults.java:763)
2025-10-26 18:10:12,658 [ERROR] LogOutputStream:75 - [STDERR_REDIRECT] 	at java.desktop/javax.swing.MultiUIDefaults.getUIError(MultiUIDefaults.java:144)
2025-10-26 18:10:12,661 [ERROR] LogOutputStream:75 - [STDERR_REDIRECT] 	at java.desktop/javax.swing.UIDefaults.getUI(UIDefaults.java:793)
2025-10-26 18:10:12,663 [ERROR] LogOutputStream:75 - [STDERR_REDIRECT] 	at java.desktop/javax.swing.UIManager.getUI(UIManager.java:1070)
2025-10-26 18:10:12,665 [ERROR] LogOutputStream:75 - [STDERR_REDIRECT] 	at java.desktop/javax.swing.JCheckBox.updateUI(JCheckBox.java:228)
2025-10-26 18:10:12,667 [ERROR] LogOutputStream:75 - [STDERR_REDIRECT] 	at java.desktop/javax.swing.AbstractButton.init(AbstractButton.java:2141)
2025-10-26 18:10:12,669 [ERROR] LogOutputStream:75 - [STDERR_REDIRECT] 	at java.desktop/javax.swing.JToggleButton.<init>(JToggleButton.java:187)
2025-10-26 18:10:12,671 [ERROR] LogOutputStream:75 - [STDERR_REDIRECT] 	at java.desktop/javax.swing.JCheckBox.<init>(JCheckBox.java:176)
2025-10-26 18:10:12,672 [ERROR] LogOutputStream:75 - [STDERR_REDIRECT] 	at java.desktop/javax.swing.JCheckBox.<init>(JCheckBox.java:97)
2025-10-26 18:10:12,674 [ERROR] LogOutputStream:75 - [STDERR_REDIRECT] 	at com.st.microxplorer.plugins.ip.nvic.CheckBoxHeader.<init>(CheckBoxHeader.java:55)
2025-10-26 18:10:12,676 [ERROR] LogOutputStream:75 - [STDERR_REDIRECT] 	at com.st.microxplorer.plugins.ip.nvic.NvicCodeSelectionTable.<init>(NvicCodeSelectionTable.java:78)
2025-10-26 18:10:12,677 [ERROR] LogOutputStream:75 - [STDERR_REDIRECT] 	at com.st.microxplorer.plugins.ip.nvic.NvicCodePanel.initComponents(NvicCodePanel.java:102)
2025-10-26 18:10:12,679 [ERROR] LogOutputStream:75 - [STDERR_REDIRECT] 	at com.st.microxplorer.plugins.ip.nvic.NvicCodePanel.<init>(NvicCodePanel.java:78)
2025-10-26 18:10:12,680 [ERROR] LogOutputStream:75 - [STDERR_REDIRECT] 	at com.st.microxplorer.plugins.ip.nvic.NvicTabbedPanel.<init>(NvicTabbedPanel.java:57)
2025-10-26 18:10:12,681 [ERROR] LogOutputStream:75 - [STDERR_REDIRECT] 	at com.st.microxplorer.plugins.ip.nvic.Nvic.getUI(Nvic.java:73)
2025-10-26 18:10:12,683 [ERROR] LogOutputStream:75 - [STDERR_REDIRECT] 	at com.st.microxplorer.plugins.ipmanager.gui.BlockDiagram.createIpPanel(BlockDiagram.java:402)
2025-10-26 18:10:12,684 [ERROR] LogOutputStream:75 - [STDERR_REDIRECT] 	at com.st.microxplorer.plugins.ipmanager.gui.BlockDiagram.getIPConfigPanel(BlockDiagram.java:552)
2025-10-26 18:10:12,686 [ERROR] LogOutputStream:75 - [STDERR_REDIRECT] 	at com.st.microxplorer.plugins.ipmanager.gui.BlockDiagram.getIPConfigPanel(BlockDiagram.java:458)
2025-10-26 18:10:12,688 [ERROR] LogOutputStream:75 - [STDERR_REDIRECT] 	at com.st.microxplorer.plugins.ipmanager.gui.BlockDiagram.propertyChange(BlockDiagram.java:1389)
2025-10-26 18:10:12,690 [ERROR] LogOutputStream:75 - [STDERR_REDIRECT] 	at java.desktop/java.beans.PropertyChangeSupport.fire(PropertyChangeSupport.java:343)
2025-10-26 18:10:12,693 [ERROR] LogOutputStream:75 - [STDERR_REDIRECT] 	at java.desktop/java.beans.PropertyChangeSupport.firePropertyChange(PropertyChangeSupport.java:335)
2025-10-26 18:10:12,694 [ERROR] LogOutputStream:75 - [STDERR_REDIRECT] 	at java.desktop/java.beans.PropertyChangeSupport.firePropertyChange(PropertyChangeSupport.java:268)
2025-10-26 18:10:12,696 [ERROR] LogOutputStream:75 - [STDERR_REDIRECT] 	at com.st.microxplorer.util.MXPropertyChangeSupport.firePropertyChange(MXPropertyChangeSupport.java:54)
2025-10-26 18:10:12,698 [ERROR] LogOutputStream:75 - [STDERR_REDIRECT] 	at com.st.microxplorer.mxsystem.MxSystem.firePropertyChange(MxSystem.java:357)
2025-10-26 18:10:12,700 [ERROR] LogOutputStream:75 - [STDERR_REDIRECT] 	at com.st.microxplorer.plugins.pinoutconfig.guiV5.PeripheralsSelectionPanel.selectIP(PeripheralsSelectionPanel.java:409)
2025-10-26 18:10:12,702 [ERROR] LogOutputStream:75 - [STDERR_REDIRECT] 	at com.st.microxplorer.plugins.pinoutconfig.guiV5.PeripheralsListListener.mouseClicked(PeripheralsListListener.java:103)
2025-10-26 18:10:12,704 [ERROR] LogOutputStream:75 - [STDERR_REDIRECT] 	at java.desktop/java.awt.AWTEventMulticaster.mouseClicked(AWTEventMulticaster.java:278)
2025-10-26 18:10:12,705 [ERROR] LogOutputStream:75 - [STDERR_REDIRECT] 	at java.desktop/java.awt.Component.processMouseEvent(Component.java:6624)
2025-10-26 18:10:12,707 [ERROR] LogOutputStream:75 - [STDERR_REDIRECT] 	at java.desktop/javax.swing.JComponent.processMouseEvent(JComponent.java:3398)
2025-10-26 18:10:12,709 [ERROR] LogOutputStream:75 - [STDERR_REDIRECT] 	at java.desktop/java.awt.Component.processEvent(Component.java:6386)
2025-10-26 18:10:12,710 [ERROR] LogOutputStream:75 - [STDERR_REDIRECT] 	at java.desktop/java.awt.Container.processEvent(Container.java:2266)
2025-10-26 18:10:12,712 [ERROR] LogOutputStream:75 - [STDERR_REDIRECT] 	at java.desktop/java.awt.Component.dispatchEventImpl(Component.java:4996)
2025-10-26 18:10:12,713 [ERROR] LogOutputStream:75 - [STDERR_REDIRECT] 	at java.desktop/java.awt.Container.dispatchEventImpl(Container.java:2324)
2025-10-26 18:10:12,714 [ERROR] LogOutputStream:75 - [STDERR_REDIRECT] 	at java.desktop/java.awt.Component.dispatchEvent(Component.java:4828)
2025-10-26 18:10:12,716 [ERROR] LogOutputStream:75 - [STDERR_REDIRECT] 	at java.desktop/java.awt.LightweightDispatcher.retargetMouseEvent(Container.java:4948)
2025-10-26 18:10:12,717 [ERROR] LogOutputStream:75 - [STDERR_REDIRECT] 	at java.desktop/java.awt.LightweightDispatcher.processMouseEvent(Container.java:4584)
2025-10-26 18:10:12,719 [ERROR] LogOutputStream:75 - [STDERR_REDIRECT] 	at java.desktop/java.awt.LightweightDispatcher.dispatchEvent(Container.java:4516)
2025-10-26 18:10:12,720 [ERROR] LogOutputStream:75 - [STDERR_REDIRECT] 	at java.desktop/java.awt.Container.dispatchEventImpl(Container.java:2310)
2025-10-26 18:10:12,721 [ERROR] LogOutputStream:75 - [STDERR_REDIRECT] 	at java.desktop/java.awt.Component.dispatchEvent(Component.java:4828)
2025-10-26 18:10:12,723 [ERROR] LogOutputStream:75 - [STDERR_REDIRECT] 	at java.desktop/java.awt.EventQueue.dispatchEventImpl(EventQueue.java:775)
2025-10-26 18:10:12,725 [ERROR] LogOutputStream:75 - [STDERR_REDIRECT] 	at java.desktop/java.awt.EventQueue$4.run(EventQueue.java:720)
2025-10-26 18:10:12,726 [ERROR] LogOutputStream:75 - [STDERR_REDIRECT] 	at java.desktop/java.awt.EventQueue$4.run(EventQueue.java:714)
2025-10-26 18:10:12,727 [ERROR] LogOutputStream:75 - [STDERR_REDIRECT] 	at java.base/java.security.AccessController.doPrivileged(AccessController.java:400)
2025-10-26 18:10:12,729 [ERROR] LogOutputStream:75 - [STDERR_REDIRECT] 	at java.base/java.security.ProtectionDomain$JavaSecurityAccessImpl.doIntersectionPrivilege(ProtectionDomain.java:87)
2025-10-26 18:10:12,732 [ERROR] LogOutputStream:75 - [STDERR_REDIRECT] 	at java.base/java.security.ProtectionDomain$JavaSecurityAccessImpl.doIntersectionPrivilege(ProtectionDomain.java:98)
2025-10-26 18:10:12,733 [ERROR] LogOutputStream:75 - [STDERR_REDIRECT] 	at java.desktop/java.awt.EventQueue$5.run(EventQueue.java:747)
2025-10-26 18:10:12,734 [ERROR] LogOutputStream:75 - [STDERR_REDIRECT] 	at java.desktop/java.awt.EventQueue$5.run(EventQueue.java:745)
2025-10-26 18:10:12,736 [ERROR] LogOutputStream:75 - [STDERR_REDIRECT] 	at java.base/java.security.AccessController.doPrivileged(AccessController.java:400)
2025-10-26 18:10:12,738 [ERROR] LogOutputStream:75 - [STDERR_REDIRECT] 	at java.base/java.security.ProtectionDomain$JavaSecurityAccessImpl.doIntersectionPrivilege(ProtectionDomain.java:87)
2025-10-26 18:10:12,739 [ERROR] LogOutputStream:75 - [STDERR_REDIRECT] 	at java.desktop/java.awt.EventQueue.dispatchEvent(EventQueue.java:744)
2025-10-26 18:10:12,741 [ERROR] LogOutputStream:75 - [STDERR_REDIRECT] 	at java.desktop/java.awt.EventDispatchThread.pumpOneEventForFilters(EventDispatchThread.java:203)
2025-10-26 18:10:12,742 [ERROR] LogOutputStream:75 - [STDERR_REDIRECT] 	at java.desktop/java.awt.EventDispatchThread.pumpEventsForFilter(EventDispatchThread.java:124)
2025-10-26 18:10:12,744 [ERROR] LogOutputStream:75 - [STDERR_REDIRECT] 	at java.desktop/java.awt.EventDispatchThread.pumpEventsForHierarchy(EventDispatchThread.java:113)
2025-10-26 18:10:12,745 [ERROR] LogOutputStream:75 - [STDERR_REDIRECT] 	at java.desktop/java.awt.EventDispatchThread.pumpEvents(EventDispatchThread.java:109)
2025-10-26 18:10:12,746 [ERROR] LogOutputStream:75 - [STDERR_REDIRECT] 	at java.desktop/java.awt.EventDispatchThread.pumpEvents(EventDispatchThread.java:101)
2025-10-26 18:10:12,748 [ERROR] LogOutputStream:75 - [STDERR_REDIRECT] 	at java.desktop/java.awt.EventDispatchThread.run(EventDispatchThread.java:90)
2025-10-26 18:12:19,002 [ERROR] LogOutputStream:75 - [STDERR_REDIRECT] java.lang.Error: no ComponentUI class for: com.st.microxplorer.plugins.ip.nvic.CheckBoxHeader[,0,0,0x0,invalid,alignmentX=0.0,alignmentY=0.0,border=,flags=0,maximumSize=,minimumSize=,preferredSize=,defaultIcon=,disabledIcon=,disabledSelectedIcon=,margin=null,paintBorder=true,paintFocus=true,pressedIcon=,rolloverEnabled=false,rolloverIcon=,rolloverSelectedIcon=,selectedIcon=,text=]
2025-10-26 18:12:19,005 [ERROR] LogOutputStream:75 - [STDERR_REDIRECT] 	at java.desktop/javax.swing.UIDefaults.getUIError(UIDefaults.java:763)
2025-10-26 18:12:19,010 [ERROR] LogOutputStream:75 - [STDERR_REDIRECT] 	at java.desktop/javax.swing.MultiUIDefaults.getUIError(MultiUIDefaults.java:144)
2025-10-26 18:12:19,013 [ERROR] LogOutputStream:75 - [STDERR_REDIRECT] 	at java.desktop/javax.swing.UIDefaults.getUI(UIDefaults.java:793)
2025-10-26 18:12:19,016 [ERROR] LogOutputStream:75 - [STDERR_REDIRECT] 	at java.desktop/javax.swing.UIManager.getUI(UIManager.java:1070)
2025-10-26 18:12:19,020 [ERROR] LogOutputStream:75 - [STDERR_REDIRECT] 	at java.desktop/javax.swing.JCheckBox.updateUI(JCheckBox.java:228)
2025-10-26 18:12:19,023 [ERROR] LogOutputStream:75 - [STDERR_REDIRECT] 	at java.desktop/javax.swing.AbstractButton.init(AbstractButton.java:2141)
2025-10-26 18:12:19,027 [ERROR] LogOutputStream:75 - [STDERR_REDIRECT] 	at java.desktop/javax.swing.JToggleButton.<init>(JToggleButton.java:187)
2025-10-26 18:12:19,030 [ERROR] LogOutputStream:75 - [STDERR_REDIRECT] 	at java.desktop/javax.swing.JCheckBox.<init>(JCheckBox.java:176)
2025-10-26 18:12:19,035 [ERROR] LogOutputStream:75 - [STDERR_REDIRECT] 	at java.desktop/javax.swing.JCheckBox.<init>(JCheckBox.java:97)
2025-10-26 18:12:19,038 [ERROR] LogOutputStream:75 - [STDERR_REDIRECT] 	at com.st.microxplorer.plugins.ip.nvic.CheckBoxHeader.<init>(CheckBoxHeader.java:55)
2025-10-26 18:12:19,043 [ERROR] LogOutputStream:75 - [STDERR_REDIRECT] 	at com.st.microxplorer.plugins.ip.nvic.NvicCodeSelectionTable.<init>(NvicCodeSelectionTable.java:75)
2025-10-26 18:12:19,046 [ERROR] LogOutputStream:75 - [STDERR_REDIRECT] 	at com.st.microxplorer.plugins.ip.nvic.NvicCodePanel.initComponents(NvicCodePanel.java:102)
2025-10-26 18:12:19,050 [ERROR] LogOutputStream:75 - [STDERR_REDIRECT] 	at com.st.microxplorer.plugins.ip.nvic.NvicCodePanel.<init>(NvicCodePanel.java:78)
2025-10-26 18:12:19,052 [ERROR] LogOutputStream:75 - [STDERR_REDIRECT] 	at com.st.microxplorer.plugins.ip.nvic.NvicTabbedPanel.<init>(NvicTabbedPanel.java:57)
2025-10-26 18:12:19,055 [ERROR] LogOutputStream:75 - [STDERR_REDIRECT] 	at com.st.microxplorer.plugins.ip.nvic.Nvic.getUI(Nvic.java:73)
2025-10-26 18:12:19,058 [ERROR] LogOutputStream:75 - [STDERR_REDIRECT] 	at com.st.microxplorer.plugins.ipmanager.gui.BlockDiagram.createIpPanel(BlockDiagram.java:402)
2025-10-26 18:12:19,061 [ERROR] LogOutputStream:75 - [STDERR_REDIRECT] 	at com.st.microxplorer.plugins.ipmanager.gui.BlockDiagram.getIPConfigPanel(BlockDiagram.java:552)
2025-10-26 18:12:19,065 [ERROR] LogOutputStream:75 - [STDERR_REDIRECT] 	at com.st.microxplorer.plugins.ipmanager.gui.BlockDiagram.getIPConfigPanel(BlockDiagram.java:458)
2025-10-26 18:12:19,069 [ERROR] LogOutputStream:75 - [STDERR_REDIRECT] 	at com.st.microxplorer.plugins.ipmanager.gui.BlockDiagram.propertyChange(BlockDiagram.java:1402)
2025-10-26 18:12:19,074 [ERROR] LogOutputStream:75 - [STDERR_REDIRECT] 	at java.desktop/java.beans.PropertyChangeSupport.fire(PropertyChangeSupport.java:343)
2025-10-26 18:12:19,077 [ERROR] LogOutputStream:75 - [STDERR_REDIRECT] 	at java.desktop/java.beans.PropertyChangeSupport.firePropertyChange(PropertyChangeSupport.java:335)
2025-10-26 18:12:19,081 [ERROR] LogOutputStream:75 - [STDERR_REDIRECT] 	at java.desktop/java.beans.PropertyChangeSupport.firePropertyChange(PropertyChangeSupport.java:268)
2025-10-26 18:12:19,086 [ERROR] LogOutputStream:75 - [STDERR_REDIRECT] 	at com.st.microxplorer.util.MXPropertyChangeSupport.firePropertyChange(MXPropertyChangeSupport.java:54)
2025-10-26 18:12:19,088 [ERROR] LogOutputStream:75 - [STDERR_REDIRECT] 	at com.st.microxplorer.mxsystem.MxSystem.MxFirePropertyChange(MxSystem.java:219)
2025-10-26 18:12:19,091 [ERROR] LogOutputStream:75 - [STDERR_REDIRECT] 	at com.st.microxplorer.plugins.ip.usart.Usart.propertyChange(Usart.java:99)
2025-10-26 18:12:19,094 [ERROR] LogOutputStream:75 - [STDERR_REDIRECT] 	at java.desktop/java.beans.PropertyChangeSupport.fire(PropertyChangeSupport.java:343)
2025-10-26 18:12:19,098 [ERROR] LogOutputStream:75 - [STDERR_REDIRECT] 	at java.desktop/java.beans.PropertyChangeSupport.firePropertyChange(PropertyChangeSupport.java:335)
2025-10-26 18:12:19,103 [ERROR] LogOutputStream:75 - [STDERR_REDIRECT] 	at java.desktop/java.beans.PropertyChangeSupport.firePropertyChange(PropertyChangeSupport.java:268)
2025-10-26 18:12:19,108 [ERROR] LogOutputStream:75 - [STDERR_REDIRECT] 	at com.st.microxplorer.util.MXPropertyChangeSupport.firePropertyChange(MXPropertyChangeSupport.java:54)
2025-10-26 18:12:19,112 [ERROR] LogOutputStream:75 - [STDERR_REDIRECT] 	at com.st.microxplorer.mxsystem.MxSystem.MxFirePropertyChange(MxSystem.java:219)
2025-10-26 18:12:19,117 [ERROR] LogOutputStream:75 - [STDERR_REDIRECT] 	at com.st.microxplorer.plugins.clock.ClockConfigurationView.deactivatePlugin(ClockConfigurationView.java:502)
2025-10-26 18:12:19,120 [ERROR] LogOutputStream:75 - [STDERR_REDIRECT] 	at com.st.microxplorer.maingui.MainPanel$1.stateChanged(MainPanel.java:372)
2025-10-26 18:12:19,124 [ERROR] LogOutputStream:75 - [STDERR_REDIRECT] 	at java.desktop/javax.swing.JTabbedPane.fireStateChanged(JTabbedPane.java:446)
2025-10-26 18:12:19,128 [ERROR] LogOutputStream:75 - [STDERR_REDIRECT] 	at java.desktop/javax.swing.JTabbedPane$ModelListener.stateChanged(JTabbedPane.java:297)
2025-10-26 18:12:19,132 [ERROR] LogOutputStream:75 - [STDERR_REDIRECT] 	at java.desktop/javax.swing.DefaultSingleSelectionModel.fireStateChanged(DefaultSingleSelectionModel.java:148)
2025-10-26 18:12:19,137 [ERROR] LogOutputStream:75 - [STDERR_REDIRECT] 	at java.desktop/javax.swing.DefaultSingleSelectionModel.setSelectedIndex(DefaultSingleSelectionModel.java:79)
2025-10-26 18:12:19,141 [ERROR] LogOutputStream:75 - [STDERR_REDIRECT] 	at java.desktop/javax.swing.JTabbedPane.setSelectedIndexImpl(JTabbedPane.java:650)
2025-10-26 18:12:19,144 [ERROR] LogOutputStream:75 - [STDERR_REDIRECT] 	at java.desktop/javax.swing.JTabbedPane.setSelectedIndex(JTabbedPane.java:625)
2025-10-26 18:12:19,149 [ERROR] LogOutputStream:75 - [STDERR_REDIRECT] 	at java.desktop/javax.swing.plaf.basic.BasicTabbedPaneUI$Handler.mousePressed(BasicTabbedPaneUI.java:4140)
2025-10-26 18:12:19,153 [ERROR] LogOutputStream:75 - [STDERR_REDIRECT] 	at java.desktop/java.awt.Component.processMouseEvent(Component.java:6618)
2025-10-26 18:12:19,156 [ERROR] LogOutputStream:75 - [STDERR_REDIRECT] 	at java.desktop/javax.swing.JComponent.processMouseEvent(JComponent.java:3398)
2025-10-26 18:12:19,159 [ERROR] LogOutputStream:75 - [STDERR_REDIRECT] 	at java.desktop/java.awt.Component.processEvent(Component.java:6386)
2025-10-26 18:12:19,162 [ERROR] LogOutputStream:75 - [STDERR_REDIRECT] 	at java.desktop/java.awt.Container.processEvent(Container.java:2266)
2025-10-26 18:12:19,166 [ERROR] LogOutputStream:75 - [STDERR_REDIRECT] 	at java.desktop/java.awt.Component.dispatchEventImpl(Component.java:4996)
2025-10-26 18:12:19,170 [ERROR] LogOutputStream:75 - [STDERR_REDIRECT] 	at java.desktop/java.awt.Container.dispatchEventImpl(Container.java:2324)
2025-10-26 18:12:19,173 [ERROR] LogOutputStream:75 - [STDERR_REDIRECT] 	at java.desktop/java.awt.Component.dispatchEvent(Component.java:4828)
2025-10-26 18:12:19,176 [ERROR] LogOutputStream:75 - [STDERR_REDIRECT] 	at java.desktop/java.awt.LightweightDispatcher.retargetMouseEvent(Container.java:4948)
2025-10-26 18:12:19,179 [ERROR] LogOutputStream:75 - [STDERR_REDIRECT] 	at java.desktop/java.awt.LightweightDispatcher.processMouseEvent(Container.java:4572)
2025-10-26 18:12:19,183 [ERROR] LogOutputStream:75 - [STDERR_REDIRECT] 	at java.desktop/java.awt.LightweightDispatcher.dispatchEvent(Container.java:4516)
2025-10-26 18:12:19,187 [ERROR] LogOutputStream:75 - [STDERR_REDIRECT] 	at java.desktop/java.awt.Container.dispatchEventImpl(Container.java:2310)
2025-10-26 18:12:19,189 [ERROR] LogOutputStream:75 - [STDERR_REDIRECT] 	at java.desktop/java.awt.Component.dispatchEvent(Component.java:4828)
2025-10-26 18:12:19,192 [ERROR] LogOutputStream:75 - [STDERR_REDIRECT] 	at java.desktop/java.awt.EventQueue.dispatchEventImpl(EventQueue.java:775)
2025-10-26 18:12:19,195 [ERROR] LogOutputStream:75 - [STDERR_REDIRECT] 	at java.desktop/java.awt.EventQueue$4.run(EventQueue.java:720)
2025-10-26 18:12:19,199 [ERROR] LogOutputStream:75 - [STDERR_REDIRECT] 	at java.desktop/java.awt.EventQueue$4.run(EventQueue.java:714)
2025-10-26 18:12:19,201 [ERROR] LogOutputStream:75 - [STDERR_REDIRECT] 	at java.base/java.security.AccessController.doPrivileged(AccessController.java:400)
2025-10-26 18:12:19,205 [ERROR] LogOutputStream:75 - [STDERR_REDIRECT] 	at java.base/java.security.ProtectionDomain$JavaSecurityAccessImpl.doIntersectionPrivilege(ProtectionDomain.java:87)
2025-10-26 18:12:19,209 [ERROR] LogOutputStream:75 - [STDERR_REDIRECT] 	at java.base/java.security.ProtectionDomain$JavaSecurityAccessImpl.doIntersectionPrivilege(ProtectionDomain.java:98)
2025-10-26 18:12:19,213 [ERROR] LogOutputStream:75 - [STDERR_REDIRECT] 	at java.desktop/java.awt.EventQueue$5.run(EventQueue.java:747)
2025-10-26 18:12:19,216 [ERROR] LogOutputStream:75 - [STDERR_REDIRECT] 	at java.desktop/java.awt.EventQueue$5.run(EventQueue.java:745)
2025-10-26 18:12:19,219 [ERROR] LogOutputStream:75 - [STDERR_REDIRECT] 	at java.base/java.security.AccessController.doPrivileged(AccessController.java:400)
2025-10-26 18:12:19,223 [ERROR] LogOutputStream:75 - [STDERR_REDIRECT] 	at java.base/java.security.ProtectionDomain$JavaSecurityAccessImpl.doIntersectionPrivilege(ProtectionDomain.java:87)
2025-10-26 18:12:19,226 [ERROR] LogOutputStream:75 - [STDERR_REDIRECT] 	at java.desktop/java.awt.EventQueue.dispatchEvent(EventQueue.java:744)
2025-10-26 18:12:19,229 [ERROR] LogOutputStream:75 - [STDERR_REDIRECT] 	at java.desktop/java.awt.EventDispatchThread.pumpOneEventForFilters(EventDispatchThread.java:203)
2025-10-26 18:12:19,233 [ERROR] LogOutputStream:75 - [STDERR_REDIRECT] 	at java.desktop/java.awt.EventDispatchThread.pumpEventsForFilter(EventDispatchThread.java:124)
2025-10-26 18:12:19,238 [ERROR] LogOutputStream:75 - [STDERR_REDIRECT] 	at java.desktop/java.awt.EventDispatchThread.pumpEventsForHierarchy(EventDispatchThread.java:113)
2025-10-26 18:12:19,242 [ERROR] LogOutputStream:75 - [STDERR_REDIRECT] 	at java.desktop/java.awt.EventDispatchThread.pumpEvents(EventDispatchThread.java:109)
2025-10-26 18:12:19,245 [ERROR] LogOutputStream:75 - [STDERR_REDIRECT] 	at java.desktop/java.awt.EventDispatchThread.pumpEvents(EventDispatchThread.java:101)
2025-10-26 18:12:19,249 [ERROR] LogOutputStream:75 - [STDERR_REDIRECT] 	at java.desktop/java.awt.EventDispatchThread.run(EventDispatchThread.java:90)
2025-10-26 18:12:19,264 [ERROR] LogOutputStream:75 - [STDERR_REDIRECT] java.lang.Error: no ComponentUI class for: com.st.microxplorer.plugins.ip.nvic.CheckBoxHeader[,0,0,0x0,invalid,alignmentX=0.0,alignmentY=0.0,border=,flags=0,maximumSize=,minimumSize=,preferredSize=,defaultIcon=,disabledIcon=,disabledSelectedIcon=,margin=null,paintBorder=true,paintFocus=true,pressedIcon=,rolloverEnabled=false,rolloverIcon=,rolloverSelectedIcon=,selectedIcon=,text=]
2025-10-26 18:12:19,269 [ERROR] LogOutputStream:75 - [STDERR_REDIRECT] 	at java.desktop/javax.swing.UIDefaults.getUIError(UIDefaults.java:763)
2025-10-26 18:12:19,271 [ERROR] LogOutputStream:75 - [STDERR_REDIRECT] 	at java.desktop/javax.swing.MultiUIDefaults.getUIError(MultiUIDefaults.java:144)
2025-10-26 18:12:19,274 [ERROR] LogOutputStream:75 - [STDERR_REDIRECT] 	at java.desktop/javax.swing.UIDefaults.getUI(UIDefaults.java:793)
2025-10-26 18:12:19,276 [ERROR] LogOutputStream:75 - [STDERR_REDIRECT] 	at java.desktop/javax.swing.UIManager.getUI(UIManager.java:1070)
2025-10-26 18:12:19,283 [ERROR] LogOutputStream:75 - [STDERR_REDIRECT] 	at java.desktop/javax.swing.JCheckBox.updateUI(JCheckBox.java:228)
2025-10-26 18:12:19,285 [ERROR] LogOutputStream:75 - [STDERR_REDIRECT] 	at java.desktop/javax.swing.AbstractButton.init(AbstractButton.java:2141)
2025-10-26 18:12:19,287 [ERROR] LogOutputStream:75 - [STDERR_REDIRECT] 	at java.desktop/javax.swing.JToggleButton.<init>(JToggleButton.java:187)
2025-10-26 18:12:19,290 [ERROR] LogOutputStream:75 - [STDERR_REDIRECT] 	at java.desktop/javax.swing.JCheckBox.<init>(JCheckBox.java:176)
2025-10-26 18:12:19,292 [ERROR] LogOutputStream:75 - [STDERR_REDIRECT] 	at java.desktop/javax.swing.JCheckBox.<init>(JCheckBox.java:97)
2025-10-26 18:12:19,295 [ERROR] LogOutputStream:75 - [STDERR_REDIRECT] 	at com.st.microxplorer.plugins.ip.nvic.CheckBoxHeader.<init>(CheckBoxHeader.java:55)
2025-10-26 18:12:19,300 [ERROR] LogOutputStream:75 - [STDERR_REDIRECT] 	at com.st.microxplorer.plugins.ip.nvic.NvicCodeSelectionTable.<init>(NvicCodeSelectionTable.java:78)
2025-10-26 18:12:19,302 [ERROR] LogOutputStream:75 - [STDERR_REDIRECT] 	at com.st.microxplorer.plugins.ip.nvic.NvicCodePanel.initComponents(NvicCodePanel.java:102)
2025-10-26 18:12:19,305 [ERROR] LogOutputStream:75 - [STDERR_REDIRECT] 	at com.st.microxplorer.plugins.ip.nvic.NvicCodePanel.<init>(NvicCodePanel.java:78)
2025-10-26 18:12:19,310 [ERROR] LogOutputStream:75 - [STDERR_REDIRECT] 	at com.st.microxplorer.plugins.ip.nvic.NvicTabbedPanel.<init>(NvicTabbedPanel.java:57)
2025-10-26 18:12:19,313 [ERROR] LogOutputStream:75 - [STDERR_REDIRECT] 	at com.st.microxplorer.plugins.ip.nvic.Nvic.getUI(Nvic.java:73)
2025-10-26 18:12:19,317 [ERROR] LogOutputStream:75 - [STDERR_REDIRECT] 	at com.st.microxplorer.plugins.ipmanager.gui.BlockDiagram.createIpPanel(BlockDiagram.java:402)
2025-10-26 18:12:19,321 [ERROR] LogOutputStream:75 - [STDERR_REDIRECT] 	at com.st.microxplorer.plugins.ipmanager.gui.BlockDiagram.getIPConfigPanel(BlockDiagram.java:552)
2025-10-26 18:12:19,325 [ERROR] LogOutputStream:75 - [STDERR_REDIRECT] 	at com.st.microxplorer.plugins.ipmanager.gui.BlockDiagram.getIPConfigPanel(BlockDiagram.java:458)
2025-10-26 18:12:19,329 [ERROR] LogOutputStream:75 - [STDERR_REDIRECT] 	at com.st.microxplorer.plugins.ipmanager.gui.BlockDiagram.propertyChange(BlockDiagram.java:1402)
2025-10-26 18:12:19,333 [ERROR] LogOutputStream:75 - [STDERR_REDIRECT] 	at java.desktop/java.beans.PropertyChangeSupport.fire(PropertyChangeSupport.java:343)
2025-10-26 18:12:19,336 [ERROR] LogOutputStream:75 - [STDERR_REDIRECT] 	at java.desktop/java.beans.PropertyChangeSupport.firePropertyChange(PropertyChangeSupport.java:335)
2025-10-26 18:12:19,339 [ERROR] LogOutputStream:75 - [STDERR_REDIRECT] 	at java.desktop/java.beans.PropertyChangeSupport.firePropertyChange(PropertyChangeSupport.java:268)
2025-10-26 18:12:19,342 [ERROR] LogOutputStream:75 - [STDERR_REDIRECT] 	at com.st.microxplorer.util.MXPropertyChangeSupport.firePropertyChange(MXPropertyChangeSupport.java:54)
2025-10-26 18:12:19,345 [ERROR] LogOutputStream:75 - [STDERR_REDIRECT] 	at com.st.microxplorer.mxsystem.MxSystem.MxFirePropertyChange(MxSystem.java:219)
2025-10-26 18:12:19,350 [ERROR] LogOutputStream:75 - [STDERR_REDIRECT] 	at com.st.microxplorer.plugins.ip.usart.Usart.propertyChange(Usart.java:99)
2025-10-26 18:12:19,353 [ERROR] LogOutputStream:75 - [STDERR_REDIRECT] 	at java.desktop/java.beans.PropertyChangeSupport.fire(PropertyChangeSupport.java:343)
2025-10-26 18:12:19,356 [ERROR] LogOutputStream:75 - [STDERR_REDIRECT] 	at java.desktop/java.beans.PropertyChangeSupport.firePropertyChange(PropertyChangeSupport.java:335)
2025-10-26 18:12:19,361 [ERROR] LogOutputStream:75 - [STDERR_REDIRECT] 	at java.desktop/java.beans.PropertyChangeSupport.firePropertyChange(PropertyChangeSupport.java:268)
2025-10-26 18:12:19,366 [ERROR] LogOutputStream:75 - [STDERR_REDIRECT] 	at com.st.microxplorer.util.MXPropertyChangeSupport.firePropertyChange(MXPropertyChangeSupport.java:54)
2025-10-26 18:12:19,370 [ERROR] LogOutputStream:75 - [STDERR_REDIRECT] 	at com.st.microxplorer.mxsystem.MxSystem.MxFirePropertyChange(MxSystem.java:219)
2025-10-26 18:12:19,374 [ERROR] LogOutputStream:75 - [STDERR_REDIRECT] 	at com.st.microxplorer.plugins.clock.ClockConfigurationView.deactivatePlugin(ClockConfigurationView.java:502)
2025-10-26 18:12:19,377 [ERROR] LogOutputStream:75 - [STDERR_REDIRECT] 	at com.st.microxplorer.maingui.MainPanel$1.stateChanged(MainPanel.java:372)
2025-10-26 18:12:19,382 [ERROR] LogOutputStream:75 - [STDERR_REDIRECT] 	at java.desktop/javax.swing.JTabbedPane.fireStateChanged(JTabbedPane.java:446)
2025-10-26 18:12:19,384 [ERROR] LogOutputStream:75 - [STDERR_REDIRECT] 	at java.desktop/javax.swing.JTabbedPane$ModelListener.stateChanged(JTabbedPane.java:297)
2025-10-26 18:12:19,389 [ERROR] LogOutputStream:75 - [STDERR_REDIRECT] 	at java.desktop/javax.swing.DefaultSingleSelectionModel.fireStateChanged(DefaultSingleSelectionModel.java:148)
2025-10-26 18:12:19,394 [ERROR] LogOutputStream:75 - [STDERR_REDIRECT] 	at java.desktop/javax.swing.DefaultSingleSelectionModel.setSelectedIndex(DefaultSingleSelectionModel.java:79)
2025-10-26 18:12:19,398 [ERROR] LogOutputStream:75 - [STDERR_REDIRECT] 	at java.desktop/javax.swing.JTabbedPane.setSelectedIndexImpl(JTabbedPane.java:650)
2025-10-26 18:12:19,402 [ERROR] LogOutputStream:75 - [STDERR_REDIRECT] 	at java.desktop/javax.swing.JTabbedPane.setSelectedIndex(JTabbedPane.java:625)
2025-10-26 18:12:19,405 [ERROR] LogOutputStream:75 - [STDERR_REDIRECT] 	at java.desktop/javax.swing.plaf.basic.BasicTabbedPaneUI$Handler.mousePressed(BasicTabbedPaneUI.java:4140)
2025-10-26 18:12:19,409 [ERROR] LogOutputStream:75 - [STDERR_REDIRECT] 	at java.desktop/java.awt.Component.processMouseEvent(Component.java:6618)
2025-10-26 18:12:19,412 [ERROR] LogOutputStream:75 - [STDERR_REDIRECT] 	at java.desktop/javax.swing.JComponent.processMouseEvent(JComponent.java:3398)
2025-10-26 18:12:19,416 [ERROR] LogOutputStream:75 - [STDERR_REDIRECT] 	at java.desktop/java.awt.Component.processEvent(Component.java:6386)
2025-10-26 18:12:19,419 [ERROR] LogOutputStream:75 - [STDERR_REDIRECT] 	at java.desktop/java.awt.Container.processEvent(Container.java:2266)
2025-10-26 18:12:19,421 [ERROR] LogOutputStream:75 - [STDERR_REDIRECT] 	at java.desktop/java.awt.Component.dispatchEventImpl(Component.java:4996)
2025-10-26 18:12:19,424 [ERROR] LogOutputStream:75 - [STDERR_REDIRECT] 	at java.desktop/java.awt.Container.dispatchEventImpl(Container.java:2324)
2025-10-26 18:12:19,427 [ERROR] LogOutputStream:75 - [STDERR_REDIRECT] 	at java.desktop/java.awt.Component.dispatchEvent(Component.java:4828)
2025-10-26 18:12:19,432 [ERROR] LogOutputStream:75 - [STDERR_REDIRECT] 	at java.desktop/java.awt.LightweightDispatcher.retargetMouseEvent(Container.java:4948)
2025-10-26 18:12:19,436 [ERROR] LogOutputStream:75 - [STDERR_REDIRECT] 	at java.desktop/java.awt.LightweightDispatcher.processMouseEvent(Container.java:4572)
2025-10-26 18:12:19,439 [ERROR] LogOutputStream:75 - [STDERR_REDIRECT] 	at java.desktop/java.awt.LightweightDispatcher.dispatchEvent(Container.java:4516)
2025-10-26 18:12:19,442 [ERROR] LogOutputStream:75 - [STDERR_REDIRECT] 	at java.desktop/java.awt.Container.dispatchEventImpl(Container.java:2310)
2025-10-26 18:12:19,445 [ERROR] LogOutputStream:75 - [STDERR_REDIRECT] 	at java.desktop/java.awt.Component.dispatchEvent(Component.java:4828)
2025-10-26 18:12:19,451 [ERROR] LogOutputStream:75 - [STDERR_REDIRECT] 	at java.desktop/java.awt.EventQueue.dispatchEventImpl(EventQueue.java:775)
2025-10-26 18:12:19,454 [ERROR] LogOutputStream:75 - [STDERR_REDIRECT] 	at java.desktop/java.awt.EventQueue$4.run(EventQueue.java:720)
2025-10-26 18:12:19,458 [ERROR] LogOutputStream:75 - [STDERR_REDIRECT] 	at java.desktop/java.awt.EventQueue$4.run(EventQueue.java:714)
2025-10-26 18:12:19,461 [ERROR] LogOutputStream:75 - [STDERR_REDIRECT] 	at java.base/java.security.AccessController.doPrivileged(AccessController.java:400)
2025-10-26 18:12:19,465 [ERROR] LogOutputStream:75 - [STDERR_REDIRECT] 	at java.base/java.security.ProtectionDomain$JavaSecurityAccessImpl.doIntersectionPrivilege(ProtectionDomain.java:87)
2025-10-26 18:12:19,469 [ERROR] LogOutputStream:75 - [STDERR_REDIRECT] 	at java.base/java.security.ProtectionDomain$JavaSecurityAccessImpl.doIntersectionPrivilege(ProtectionDomain.java:98)
2025-10-26 18:12:19,472 [ERROR] LogOutputStream:75 - [STDERR_REDIRECT] 	at java.desktop/java.awt.EventQueue$5.run(EventQueue.java:747)
2025-10-26 18:12:19,475 [ERROR] LogOutputStream:75 - [STDERR_REDIRECT] 	at java.desktop/java.awt.EventQueue$5.run(EventQueue.java:745)
2025-10-26 18:12:19,479 [ERROR] LogOutputStream:75 - [STDERR_REDIRECT] 	at java.base/java.security.AccessController.doPrivileged(AccessController.java:400)
2025-10-26 18:12:19,484 [ERROR] LogOutputStream:75 - [STDERR_REDIRECT] 	at java.base/java.security.ProtectionDomain$JavaSecurityAccessImpl.doIntersectionPrivilege(ProtectionDomain.java:87)
2025-10-26 18:12:19,487 [ERROR] LogOutputStream:75 - [STDERR_REDIRECT] 	at java.desktop/java.awt.EventQueue.dispatchEvent(EventQueue.java:744)
2025-10-26 18:12:19,490 [ERROR] LogOutputStream:75 - [STDERR_REDIRECT] 	at java.desktop/java.awt.EventDispatchThread.pumpOneEventForFilters(EventDispatchThread.java:203)
2025-10-26 18:12:19,493 [ERROR] LogOutputStream:75 - [STDERR_REDIRECT] 	at java.desktop/java.awt.EventDispatchThread.pumpEventsForFilter(EventDispatchThread.java:124)
2025-10-26 18:12:19,498 [ERROR] LogOutputStream:75 - [STDERR_REDIRECT] 	at java.desktop/java.awt.EventDispatchThread.pumpEventsForHierarchy(EventDispatchThread.java:113)
2025-10-26 18:12:19,501 [ERROR] LogOutputStream:75 - [STDERR_REDIRECT] 	at java.desktop/java.awt.EventDispatchThread.pumpEvents(EventDispatchThread.java:109)
2025-10-26 18:12:19,504 [ERROR] LogOutputStream:75 - [STDERR_REDIRECT] 	at java.desktop/java.awt.EventDispatchThread.pumpEvents(EventDispatchThread.java:101)
2025-10-26 18:12:19,507 [ERROR] LogOutputStream:75 - [STDERR_REDIRECT] 	at java.desktop/java.awt.EventDispatchThread.run(EventDispatchThread.java:90)
2025-10-26 18:12:47,413 [INFO] NvicIntPanel:101 - NVIC parent = com.st.microxplorer.plugins.ip.nvic.MultiNvicIntPanel[,0,0,767x526,layout=javax.swing.BoxLayout,alignmentX=0.0,alignmentY=0.0,border=,flags=9,maximumSize=,minimumSize=,preferredSize=]
2025-10-26 18:12:51,815 [INFO] NvicIntPanel:101 - NVIC parent = com.st.microxplorer.plugins.ip.nvic.MultiNvicIntPanel[,0,0,0x0,invalid,layout=javax.swing.BoxLayout,alignmentX=0.0,alignmentY=0.0,border=,flags=9,maximumSize=,minimumSize=,preferredSize=]
2025-10-26 18:42:56,884 [INFO] Gpio:277 - dependency for GPIO [RCC, USART1]
2025-10-26 18:43:51,684 [INFO] NvicIntPanel:101 - NVIC parent = com.st.microxplorer.plugins.ip.nvic.MultiNvicIntPanel[,0,0,0x0,invalid,layout=javax.swing.BoxLayout,alignmentX=0.0,alignmentY=0.0,border=,flags=9,maximumSize=,minimumSize=,preferredSize=]
2025-10-26 18:43:56,400 [INFO] NvicIntPanel:101 - NVIC parent = com.st.microxplorer.plugins.ip.nvic.MultiNvicIntPanel[,0,0,0x0,invalid,layout=javax.swing.BoxLayout,alignmentX=0.0,alignmentY=0.0,border=,flags=9,maximumSize=,minimumSize=,preferredSize=]
2025-10-26 18:47:03,806 [INFO] UtilMem:75 - End SaveConfig() Used Memory: 714551232 Bytes (1073741824)
2025-10-26 18:47:05,477 [INFO] UtilMem:75 - End SaveConfig() Used Memory: 731698728 Bytes (1073741824)
2025-10-26 18:47:07,811 [INFO] UtilMem:75 - End SaveConfig() Used Memory: 808991344 Bytes (1073741824)
2025-10-26 18:47:08,321 [INFO] BlockDiagram:2775 - set Specific Code input for plugin: NVIC
2025-10-26 18:47:08,323 [INFO] BlockDiagram:2775 - set Specific Code input for plugin: USART
2025-10-26 18:47:08,324 [INFO] BlockDiagram:2775 - set Specific Code input for plugin: TIM1_8F1
2025-10-26 18:47:08,324 [INFO] BlockDiagram:2775 - set Specific Code input for plugin: TIM1_8F1
2025-10-26 18:47:08,325 [INFO] BlockDiagram:2775 - set Specific Code input for plugin: SYS
2025-10-26 18:47:08,326 [INFO] BlockDiagram:2775 - set Specific Code input for plugin: GPIO
2025-10-26 18:47:08,327 [INFO] BlockDiagram:2775 - set Specific Code input for plugin: RCC
2025-10-26 18:47:08,330 [INFO] CodeGenerator:882 - code generatio: config db path: C:\ST\STM32CubeIDE_1.18.0\STM32CubeIDE\plugins\com.st.stm32cube.common.mx_6.14.1.202504091515\\db\
2025-10-26 18:47:08,466 [INFO] CodeEngine:263 - oldGeneratedFile, C:\GIT\GIT_AULAS_FATEC\Exemplos_Codigo_STM32\RodaFonicaVirtual\MXTmpFiles\license.tmp_save
2025-10-26 18:47:08,753 [INFO] CodeEngine:287 - Generated code: C:\GIT\GIT_AULAS_FATEC\Exemplos_Codigo_STM32\RodaFonicaVirtual\MXTmpFiles\license.tmp
2025-10-26 18:47:08,797 [INFO] CodeEngine:263 - oldGeneratedFile, C:\GIT\GIT_AULAS_FATEC\Exemplos_Codigo_STM32\RodaFonicaVirtual\MXTmpFiles\gpio.tmp_save
2025-10-26 18:47:08,936 [INFO] CodeEngine:287 - Generated code: C:\GIT\GIT_AULAS_FATEC\Exemplos_Codigo_STM32\RodaFonicaVirtual\MXTmpFiles\gpio.tmp
2025-10-26 18:47:09,186 [INFO] CodeEngine:263 - oldGeneratedFile, C:\GIT\GIT_AULAS_FATEC\Exemplos_Codigo_STM32\RodaFonicaVirtual\Core\Src\stm32f1xx_it.c_save
2025-10-26 18:47:09,549 [INFO] CodeEngine:287 - Generated code: C:\GIT\GIT_AULAS_FATEC\Exemplos_Codigo_STM32\RodaFonicaVirtual\Core\Src\stm32f1xx_it.c
2025-10-26 18:47:09,562 [INFO] CodeEngine:263 - oldGeneratedFile, C:\GIT\GIT_AULAS_FATEC\Exemplos_Codigo_STM32\RodaFonicaVirtual\Core\Inc\stm32f1xx_it.h_save
2025-10-26 18:47:09,663 [INFO] CodeEngine:287 - Generated code: C:\GIT\GIT_AULAS_FATEC\Exemplos_Codigo_STM32\RodaFonicaVirtual\Core\Inc\stm32f1xx_it.h
2025-10-26 18:47:09,692 [INFO] CodeEngine:263 - oldGeneratedFile, C:\GIT\GIT_AULAS_FATEC\Exemplos_Codigo_STM32\RodaFonicaVirtual\Core\Src\stm32f1xx_hal_msp.c_save
2025-10-26 18:47:09,853 [INFO] CodeEngine:287 - Generated code: C:\GIT\GIT_AULAS_FATEC\Exemplos_Codigo_STM32\RodaFonicaVirtual\Core\Src\stm32f1xx_hal_msp.c
2025-10-26 18:47:09,864 [INFO] CodeEngine:263 - oldGeneratedFile, C:\GIT\GIT_AULAS_FATEC\Exemplos_Codigo_STM32\RodaFonicaVirtual\MXTmpFiles\system.tmp_save
2025-10-26 18:47:09,950 [INFO] CodeEngine:287 - Generated code: C:\GIT\GIT_AULAS_FATEC\Exemplos_Codigo_STM32\RodaFonicaVirtual\MXTmpFiles\system.tmp
2025-10-26 18:47:09,969 [INFO] CodeEngine:319 - oldGeneratedFile, C:\GIT\GIT_AULAS_FATEC\Exemplos_Codigo_STM32\RodaFonicaVirtual\Core\Inc\stm32f1xx_hal_conf.h_save
2025-10-26 18:47:10,079 [INFO] CodeEngine:343 - Generated code: C:\GIT\GIT_AULAS_FATEC\Exemplos_Codigo_STM32\RodaFonicaVirtual\Core\Inc\stm32f1xx_hal_conf.h
2025-10-26 18:47:10,104 [WARN] IPConfigManager:3790 - IP not found : TIM
2025-10-26 18:47:10,108 [WARN] CodeGenerator:4198 - IP not found : null
2025-10-26 18:47:10,126 [INFO] CodeEngine:263 - oldGeneratedFile, C:\GIT\GIT_AULAS_FATEC\Exemplos_Codigo_STM32\RodaFonicaVirtual\Core\Inc\main.h_save
2025-10-26 18:47:10,259 [INFO] CodeEngine:287 - Generated code: C:\GIT\GIT_AULAS_FATEC\Exemplos_Codigo_STM32\RodaFonicaVirtual\Core\Inc\main.h
2025-10-26 18:47:10,274 [INFO] CodeEngine:263 - oldGeneratedFile, C:\GIT\GIT_AULAS_FATEC\Exemplos_Codigo_STM32\RodaFonicaVirtual\Core\Src\main.c_save
2025-10-26 18:47:10,419 [INFO] CodeEngine:287 - Generated code: C:\GIT\GIT_AULAS_FATEC\Exemplos_Codigo_STM32\RodaFonicaVirtual\Core\Src\main.c
2025-10-26 18:47:10,957 [INFO] ProjectBuilder:3324 - Time for Copy HAL[1] : 278mS.
2025-10-26 18:47:10,963 [INFO] ProjectBuilder:4912 - Project Generator version: 4.6.0.1-B1
2025-10-26 18:47:11,097 [INFO] ConfigFileManager:1590 - The Die is : DIE410
2025-10-26 18:47:13,014 [INFO] ProjectBuilder:5191 - Time for Generating toolchain IDE Files: 2050mS.
2025-10-26 18:47:13,015 [INFO] ProjectBuilder:3181 - Time for Copy CMSIS : 1mS.
2025-10-26 18:47:13,020 [INFO] ProjectBuilder:3181 - Time for Copy CMSIS : 0mS.
2025-10-26 19:06:02,914 [INFO] UtilMem:75 - End SaveConfig() Used Memory: 650016608 Bytes (1073741824)
2025-10-26 19:06:03,548 [INFO] BlockDiagram:2775 - set Specific Code input for plugin: NVIC
2025-10-26 19:06:03,548 [INFO] BlockDiagram:2775 - set Specific Code input for plugin: USART
2025-10-26 19:06:03,548 [INFO] BlockDiagram:2775 - set Specific Code input for plugin: TIM1_8F1
2025-10-26 19:06:03,549 [INFO] BlockDiagram:2775 - set Specific Code input for plugin: TIM1_8F1
2025-10-26 19:06:03,549 [INFO] BlockDiagram:2775 - set Specific Code input for plugin: SYS
2025-10-26 19:06:03,551 [INFO] BlockDiagram:2775 - set Specific Code input for plugin: GPIO
2025-10-26 19:06:03,551 [INFO] BlockDiagram:2775 - set Specific Code input for plugin: RCC
2025-10-26 19:06:03,553 [INFO] CodeGenerator:882 - code generatio: config db path: C:\ST\STM32CubeIDE_1.18.0\STM32CubeIDE\plugins\com.st.stm32cube.common.mx_6.14.1.202504091515\\db\
2025-10-26 19:06:03,727 [INFO] CodeEngine:263 - oldGeneratedFile, C:\GIT\GIT_AULAS_FATEC\Exemplos_Codigo_STM32\RodaFonicaVirtual\MXTmpFiles\license.tmp_save
2025-10-26 19:06:04,041 [INFO] CodeEngine:287 - Generated code: C:\GIT\GIT_AULAS_FATEC\Exemplos_Codigo_STM32\RodaFonicaVirtual\MXTmpFiles\license.tmp
2025-10-26 19:06:04,103 [INFO] CodeEngine:263 - oldGeneratedFile, C:\GIT\GIT_AULAS_FATEC\Exemplos_Codigo_STM32\RodaFonicaVirtual\MXTmpFiles\gpio.tmp_save
2025-10-26 19:06:04,278 [INFO] CodeEngine:287 - Generated code: C:\GIT\GIT_AULAS_FATEC\Exemplos_Codigo_STM32\RodaFonicaVirtual\MXTmpFiles\gpio.tmp
2025-10-26 19:06:04,539 [INFO] CodeEngine:263 - oldGeneratedFile, C:\GIT\GIT_AULAS_FATEC\Exemplos_Codigo_STM32\RodaFonicaVirtual\Core\Src\stm32f1xx_it.c_save
2025-10-26 19:06:04,933 [INFO] CodeEngine:287 - Generated code: C:\GIT\GIT_AULAS_FATEC\Exemplos_Codigo_STM32\RodaFonicaVirtual\Core\Src\stm32f1xx_it.c
2025-10-26 19:06:04,948 [INFO] CodeEngine:263 - oldGeneratedFile, C:\GIT\GIT_AULAS_FATEC\Exemplos_Codigo_STM32\RodaFonicaVirtual\Core\Inc\stm32f1xx_it.h_save
2025-10-26 19:06:05,056 [INFO] CodeEngine:287 - Generated code: C:\GIT\GIT_AULAS_FATEC\Exemplos_Codigo_STM32\RodaFonicaVirtual\Core\Inc\stm32f1xx_it.h
2025-10-26 19:06:05,083 [INFO] CodeEngine:263 - oldGeneratedFile, C:\GIT\GIT_AULAS_FATEC\Exemplos_Codigo_STM32\RodaFonicaVirtual\Core\Src\stm32f1xx_hal_msp.c_save
2025-10-26 19:06:05,291 [INFO] CodeEngine:287 - Generated code: C:\GIT\GIT_AULAS_FATEC\Exemplos_Codigo_STM32\RodaFonicaVirtual\Core\Src\stm32f1xx_hal_msp.c
2025-10-26 19:06:05,302 [INFO] CodeEngine:263 - oldGeneratedFile, C:\GIT\GIT_AULAS_FATEC\Exemplos_Codigo_STM32\RodaFonicaVirtual\MXTmpFiles\system.tmp_save
2025-10-26 19:06:05,412 [INFO] CodeEngine:287 - Generated code: C:\GIT\GIT_AULAS_FATEC\Exemplos_Codigo_STM32\RodaFonicaVirtual\MXTmpFiles\system.tmp
2025-10-26 19:06:05,432 [INFO] CodeEngine:319 - oldGeneratedFile, C:\GIT\GIT_AULAS_FATEC\Exemplos_Codigo_STM32\RodaFonicaVirtual\Core\Inc\stm32f1xx_hal_conf.h_save
2025-10-26 19:06:05,560 [INFO] CodeEngine:343 - Generated code: C:\GIT\GIT_AULAS_FATEC\Exemplos_Codigo_STM32\RodaFonicaVirtual\Core\Inc\stm32f1xx_hal_conf.h
2025-10-26 19:06:05,610 [WARN] IPConfigManager:3790 - IP not found : TIM
2025-10-26 19:06:05,611 [WARN] CodeGenerator:4198 - IP not found : null
2025-10-26 19:06:05,625 [INFO] CodeEngine:263 - oldGeneratedFile, C:\GIT\GIT_AULAS_FATEC\Exemplos_Codigo_STM32\RodaFonicaVirtual\Core\Inc\main.h_save
2025-10-26 19:06:05,773 [INFO] CodeEngine:287 - Generated code: C:\GIT\GIT_AULAS_FATEC\Exemplos_Codigo_STM32\RodaFonicaVirtual\Core\Inc\main.h
2025-10-26 19:06:05,781 [INFO] CodeEngine:263 - oldGeneratedFile, C:\GIT\GIT_AULAS_FATEC\Exemplos_Codigo_STM32\RodaFonicaVirtual\Core\Src\main.c_save
2025-10-26 19:06:06,000 [INFO] CodeEngine:287 - Generated code: C:\GIT\GIT_AULAS_FATEC\Exemplos_Codigo_STM32\RodaFonicaVirtual\Core\Src\main.c
2025-10-26 19:06:06,688 [INFO] ProjectBuilder:3324 - Time for Copy HAL[1] : 292mS.
2025-10-26 19:06:06,695 [INFO] ProjectBuilder:4912 - Project Generator version: 4.6.0.1-B1
2025-10-26 19:06:06,882 [INFO] ConfigFileManager:1590 - The Die is : DIE410
2025-10-26 19:06:08,460 [INFO] ProjectBuilder:5191 - Time for Generating toolchain IDE Files: 1765mS.
2025-10-26 19:06:08,461 [INFO] ProjectBuilder:3181 - Time for Copy CMSIS : 1mS.
2025-10-26 19:06:08,465 [INFO] ProjectBuilder:3181 - Time for Copy CMSIS : 0mS.
2025-10-26 19:08:11,708 [INFO] UtilMem:75 - End SaveConfig() Used Memory: 716894744 Bytes (1073741824)
2025-10-26 19:08:12,118 [INFO] BlockDiagram:2775 - set Specific Code input for plugin: NVIC
2025-10-26 19:08:12,119 [INFO] BlockDiagram:2775 - set Specific Code input for plugin: USART
2025-10-26 19:08:12,120 [INFO] BlockDiagram:2775 - set Specific Code input for plugin: TIM1_8F1
2025-10-26 19:08:12,121 [INFO] BlockDiagram:2775 - set Specific Code input for plugin: TIM1_8F1
2025-10-26 19:08:12,121 [INFO] BlockDiagram:2775 - set Specific Code input for plugin: SYS
2025-10-26 19:08:12,121 [INFO] BlockDiagram:2775 - set Specific Code input for plugin: GPIO
2025-10-26 19:08:12,121 [INFO] BlockDiagram:2775 - set Specific Code input for plugin: RCC
2025-10-26 19:08:12,123 [INFO] CodeGenerator:882 - code generatio: config db path: C:\ST\STM32CubeIDE_1.18.0\STM32CubeIDE\plugins\com.st.stm32cube.common.mx_6.14.1.202504091515\\db\
2025-10-26 19:08:12,251 [INFO] CodeEngine:263 - oldGeneratedFile, C:\GIT\GIT_AULAS_FATEC\Exemplos_Codigo_STM32\RodaFonicaVirtual\MXTmpFiles\license.tmp_save
2025-10-26 19:08:12,337 [INFO] CodeEngine:287 - Generated code: C:\GIT\GIT_AULAS_FATEC\Exemplos_Codigo_STM32\RodaFonicaVirtual\MXTmpFiles\license.tmp
2025-10-26 19:08:12,368 [INFO] CodeEngine:263 - oldGeneratedFile, C:\GIT\GIT_AULAS_FATEC\Exemplos_Codigo_STM32\RodaFonicaVirtual\MXTmpFiles\gpio.tmp_save
2025-10-26 19:08:12,471 [INFO] CodeEngine:287 - Generated code: C:\GIT\GIT_AULAS_FATEC\Exemplos_Codigo_STM32\RodaFonicaVirtual\MXTmpFiles\gpio.tmp
2025-10-26 19:08:12,591 [INFO] CodeEngine:263 - oldGeneratedFile, C:\GIT\GIT_AULAS_FATEC\Exemplos_Codigo_STM32\RodaFonicaVirtual\Core\Src\stm32f1xx_it.c_save
2025-10-26 19:08:12,705 [INFO] CodeEngine:287 - Generated code: C:\GIT\GIT_AULAS_FATEC\Exemplos_Codigo_STM32\RodaFonicaVirtual\Core\Src\stm32f1xx_it.c
2025-10-26 19:08:12,718 [INFO] CodeEngine:263 - oldGeneratedFile, C:\GIT\GIT_AULAS_FATEC\Exemplos_Codigo_STM32\RodaFonicaVirtual\Core\Inc\stm32f1xx_it.h_save
2025-10-26 19:08:12,813 [INFO] CodeEngine:287 - Generated code: C:\GIT\GIT_AULAS_FATEC\Exemplos_Codigo_STM32\RodaFonicaVirtual\Core\Inc\stm32f1xx_it.h
2025-10-26 19:08:12,842 [INFO] CodeEngine:263 - oldGeneratedFile, C:\GIT\GIT_AULAS_FATEC\Exemplos_Codigo_STM32\RodaFonicaVirtual\Core\Src\stm32f1xx_hal_msp.c_save
2025-10-26 19:08:12,997 [INFO] CodeEngine:287 - Generated code: C:\GIT\GIT_AULAS_FATEC\Exemplos_Codigo_STM32\RodaFonicaVirtual\Core\Src\stm32f1xx_hal_msp.c
2025-10-26 19:08:13,009 [INFO] CodeEngine:263 - oldGeneratedFile, C:\GIT\GIT_AULAS_FATEC\Exemplos_Codigo_STM32\RodaFonicaVirtual\MXTmpFiles\system.tmp_save
2025-10-26 19:08:13,085 [INFO] CodeEngine:287 - Generated code: C:\GIT\GIT_AULAS_FATEC\Exemplos_Codigo_STM32\RodaFonicaVirtual\MXTmpFiles\system.tmp
2025-10-26 19:08:13,101 [INFO] CodeEngine:319 - oldGeneratedFile, C:\GIT\GIT_AULAS_FATEC\Exemplos_Codigo_STM32\RodaFonicaVirtual\Core\Inc\stm32f1xx_hal_conf.h_save
2025-10-26 19:08:13,180 [INFO] CodeEngine:343 - Generated code: C:\GIT\GIT_AULAS_FATEC\Exemplos_Codigo_STM32\RodaFonicaVirtual\Core\Inc\stm32f1xx_hal_conf.h
2025-10-26 19:08:13,204 [WARN] IPConfigManager:3790 - IP not found : TIM
2025-10-26 19:08:13,205 [WARN] CodeGenerator:4198 - IP not found : null
2025-10-26 19:08:13,219 [INFO] CodeEngine:263 - oldGeneratedFile, C:\GIT\GIT_AULAS_FATEC\Exemplos_Codigo_STM32\RodaFonicaVirtual\Core\Inc\main.h_save
2025-10-26 19:08:13,300 [INFO] CodeEngine:287 - Generated code: C:\GIT\GIT_AULAS_FATEC\Exemplos_Codigo_STM32\RodaFonicaVirtual\Core\Inc\main.h
2025-10-26 19:08:13,308 [INFO] CodeEngine:263 - oldGeneratedFile, C:\GIT\GIT_AULAS_FATEC\Exemplos_Codigo_STM32\RodaFonicaVirtual\Core\Src\main.c_save
2025-10-26 19:08:13,424 [INFO] CodeEngine:287 - Generated code: C:\GIT\GIT_AULAS_FATEC\Exemplos_Codigo_STM32\RodaFonicaVirtual\Core\Src\main.c
2025-10-26 19:08:13,799 [INFO] ProjectBuilder:3324 - Time for Copy HAL[1] : 184mS.
2025-10-26 19:08:13,803 [INFO] ProjectBuilder:4912 - Project Generator version: 4.6.0.1-B1
2025-10-26 19:08:13,945 [INFO] ConfigFileManager:1590 - The Die is : DIE410
2025-10-26 19:08:15,033 [INFO] ProjectBuilder:5191 - Time for Generating toolchain IDE Files: 1230mS.
2025-10-26 19:08:15,035 [INFO] ProjectBuilder:3181 - Time for Copy CMSIS : 1mS.
2025-10-26 19:08:15,040 [INFO] ProjectBuilder:3181 - Time for Copy CMSIS : 0mS.
2025-10-26 21:28:16,440 [ERROR] LogOutputStream:75 - [STDERR_REDIRECT] java.lang.Error: no ComponentUI class for: com.st.microxplorer.plugins.ip.nvic.CheckBoxHeader[,0,0,0x0,invalid,alignmentX=0.0,alignmentY=0.0,border=,flags=0,maximumSize=,minimumSize=,preferredSize=,defaultIcon=,disabledIcon=,disabledSelectedIcon=,margin=null,paintBorder=true,paintFocus=true,pressedIcon=,rolloverEnabled=false,rolloverIcon=,rolloverSelectedIcon=,selectedIcon=,text=]
2025-10-26 21:28:16,443 [ERROR] LogOutputStream:75 - [STDERR_REDIRECT] 	at java.desktop/javax.swing.UIDefaults.getUIError(UIDefaults.java:763)
2025-10-26 21:28:16,445 [ERROR] LogOutputStream:75 - [STDERR_REDIRECT] 	at java.desktop/javax.swing.MultiUIDefaults.getUIError(MultiUIDefaults.java:144)
2025-10-26 21:28:16,448 [ERROR] LogOutputStream:75 - [STDERR_REDIRECT] 	at java.desktop/javax.swing.UIDefaults.getUI(UIDefaults.java:793)
2025-10-26 21:28:16,450 [ERROR] LogOutputStream:75 - [STDERR_REDIRECT] 	at java.desktop/javax.swing.UIManager.getUI(UIManager.java:1070)
2025-10-26 21:28:16,452 [ERROR] LogOutputStream:75 - [STDERR_REDIRECT] 	at java.desktop/javax.swing.JCheckBox.updateUI(JCheckBox.java:228)
2025-10-26 21:28:16,455 [ERROR] LogOutputStream:75 - [STDERR_REDIRECT] 	at java.desktop/javax.swing.AbstractButton.init(AbstractButton.java:2141)
2025-10-26 21:28:16,457 [ERROR] LogOutputStream:75 - [STDERR_REDIRECT] 	at java.desktop/javax.swing.JToggleButton.<init>(JToggleButton.java:187)
2025-10-26 21:28:16,459 [ERROR] LogOutputStream:75 - [STDERR_REDIRECT] 	at java.desktop/javax.swing.JCheckBox.<init>(JCheckBox.java:176)
2025-10-26 21:28:16,463 [ERROR] LogOutputStream:75 - [STDERR_REDIRECT] 	at java.desktop/javax.swing.JCheckBox.<init>(JCheckBox.java:97)
2025-10-26 21:28:16,466 [ERROR] LogOutputStream:75 - [STDERR_REDIRECT] 	at com.st.microxplorer.plugins.ip.nvic.CheckBoxHeader.<init>(CheckBoxHeader.java:55)
2025-10-26 21:28:16,469 [ERROR] LogOutputStream:75 - [STDERR_REDIRECT] 	at com.st.microxplorer.plugins.ip.nvic.NvicCodeSelectionTable.<init>(NvicCodeSelectionTable.java:75)
2025-10-26 21:28:16,472 [ERROR] LogOutputStream:75 - [STDERR_REDIRECT] 	at com.st.microxplorer.plugins.ip.nvic.NvicCodePanel.initComponents(NvicCodePanel.java:102)
2025-10-26 21:28:16,476 [ERROR] LogOutputStream:75 - [STDERR_REDIRECT] 	at com.st.microxplorer.plugins.ip.nvic.NvicCodePanel.<init>(NvicCodePanel.java:78)
2025-10-26 21:28:16,478 [ERROR] LogOutputStream:75 - [STDERR_REDIRECT] 	at com.st.microxplorer.plugins.ip.nvic.NvicTabbedPanel.<init>(NvicTabbedPanel.java:57)
2025-10-26 21:28:16,480 [ERROR] LogOutputStream:75 - [STDERR_REDIRECT] 	at com.st.microxplorer.plugins.ip.nvic.Nvic.getUI(Nvic.java:73)
2025-10-26 21:28:16,483 [ERROR] LogOutputStream:75 - [STDERR_REDIRECT] 	at com.st.microxplorer.plugins.ipmanager.gui.BlockDiagram.createIpPanel(BlockDiagram.java:402)
2025-10-26 21:28:16,486 [ERROR] LogOutputStream:75 - [STDERR_REDIRECT] 	at com.st.microxplorer.plugins.ipmanager.gui.BlockDiagram.getIPConfigPanel(BlockDiagram.java:552)
2025-10-26 21:28:16,488 [ERROR] LogOutputStream:75 - [STDERR_REDIRECT] 	at com.st.microxplorer.plugins.ipmanager.gui.BlockDiagram.getIPConfigPanel(BlockDiagram.java:458)
2025-10-26 21:28:16,490 [ERROR] LogOutputStream:75 - [STDERR_REDIRECT] 	at com.st.microxplorer.plugins.ipmanager.gui.BlockDiagram.propertyChange(BlockDiagram.java:1389)
2025-10-26 21:28:16,493 [ERROR] LogOutputStream:75 - [STDERR_REDIRECT] 	at java.desktop/java.beans.PropertyChangeSupport.fire(PropertyChangeSupport.java:343)
2025-10-26 21:28:16,495 [ERROR] LogOutputStream:75 - [STDERR_REDIRECT] 	at java.desktop/java.beans.PropertyChangeSupport.firePropertyChange(PropertyChangeSupport.java:335)
2025-10-26 21:28:16,499 [ERROR] LogOutputStream:75 - [STDERR_REDIRECT] 	at java.desktop/java.beans.PropertyChangeSupport.firePropertyChange(PropertyChangeSupport.java:268)
2025-10-26 21:28:16,503 [ERROR] LogOutputStream:75 - [STDERR_REDIRECT] 	at com.st.microxplorer.util.MXPropertyChangeSupport.firePropertyChange(MXPropertyChangeSupport.java:54)
2025-10-26 21:28:16,505 [ERROR] LogOutputStream:75 - [STDERR_REDIRECT] 	at com.st.microxplorer.mxsystem.MxSystem.firePropertyChange(MxSystem.java:357)
2025-10-26 21:28:16,508 [ERROR] LogOutputStream:75 - [STDERR_REDIRECT] 	at com.st.microxplorer.plugins.pinoutconfig.guiV5.PeripheralsSelectionPanel.selectIP(PeripheralsSelectionPanel.java:409)
2025-10-26 21:28:16,510 [ERROR] LogOutputStream:75 - [STDERR_REDIRECT] 	at com.st.microxplorer.plugins.pinoutconfig.guiV5.PeripheralsListListener.mouseClicked(PeripheralsListListener.java:103)
2025-10-26 21:28:16,512 [ERROR] LogOutputStream:75 - [STDERR_REDIRECT] 	at java.desktop/java.awt.AWTEventMulticaster.mouseClicked(AWTEventMulticaster.java:278)
2025-10-26 21:28:16,515 [ERROR] LogOutputStream:75 - [STDERR_REDIRECT] 	at java.desktop/java.awt.AWTEventMulticaster.mouseClicked(AWTEventMulticaster.java:277)
2025-10-26 21:28:16,518 [ERROR] LogOutputStream:75 - [STDERR_REDIRECT] 	at java.desktop/java.awt.AWTEventMulticaster.mouseClicked(AWTEventMulticaster.java:277)
2025-10-26 21:28:16,519 [ERROR] LogOutputStream:75 - [STDERR_REDIRECT] 	at java.desktop/java.awt.Component.processMouseEvent(Component.java:6624)
2025-10-26 21:28:16,521 [ERROR] LogOutputStream:75 - [STDERR_REDIRECT] 	at java.desktop/javax.swing.JComponent.processMouseEvent(JComponent.java:3398)
2025-10-26 21:28:16,523 [ERROR] LogOutputStream:75 - [STDERR_REDIRECT] 	at java.desktop/java.awt.Component.processEvent(Component.java:6386)
2025-10-26 21:28:16,524 [ERROR] LogOutputStream:75 - [STDERR_REDIRECT] 	at java.desktop/java.awt.Container.processEvent(Container.java:2266)
2025-10-26 21:28:16,527 [ERROR] LogOutputStream:75 - [STDERR_REDIRECT] 	at java.desktop/java.awt.Component.dispatchEventImpl(Component.java:4996)
2025-10-26 21:28:16,529 [ERROR] LogOutputStream:75 - [STDERR_REDIRECT] 	at java.desktop/java.awt.Container.dispatchEventImpl(Container.java:2324)
2025-10-26 21:28:16,530 [ERROR] LogOutputStream:75 - [STDERR_REDIRECT] 	at java.desktop/java.awt.Component.dispatchEvent(Component.java:4828)
2025-10-26 21:28:16,533 [ERROR] LogOutputStream:75 - [STDERR_REDIRECT] 	at java.desktop/java.awt.LightweightDispatcher.retargetMouseEvent(Container.java:4948)
2025-10-26 21:28:16,536 [ERROR] LogOutputStream:75 - [STDERR_REDIRECT] 	at java.desktop/java.awt.LightweightDispatcher.processMouseEvent(Container.java:4584)
2025-10-26 21:28:16,536 [ERROR] LogOutputStream:75 - [STDERR_REDIRECT] 	at java.desktop/java.awt.LightweightDispatcher.dispatchEvent(Container.java:4516)
2025-10-26 21:28:16,538 [ERROR] LogOutputStream:75 - [STDERR_REDIRECT] 	at java.desktop/java.awt.Container.dispatchEventImpl(Container.java:2310)
2025-10-26 21:28:16,539 [ERROR] LogOutputStream:75 - [STDERR_REDIRECT] 	at java.desktop/java.awt.Component.dispatchEvent(Component.java:4828)
2025-10-26 21:28:16,541 [ERROR] LogOutputStream:75 - [STDERR_REDIRECT] 	at java.desktop/java.awt.EventQueue.dispatchEventImpl(EventQueue.java:775)
2025-10-26 21:28:16,542 [ERROR] LogOutputStream:75 - [STDERR_REDIRECT] 	at java.desktop/java.awt.EventQueue$4.run(EventQueue.java:720)
2025-10-26 21:28:16,544 [ERROR] LogOutputStream:75 - [STDERR_REDIRECT] 	at java.desktop/java.awt.EventQueue$4.run(EventQueue.java:714)
2025-10-26 21:28:16,546 [ERROR] LogOutputStream:75 - [STDERR_REDIRECT] 	at java.base/java.security.AccessController.doPrivileged(AccessController.java:400)
2025-10-26 21:28:16,549 [ERROR] LogOutputStream:75 - [STDERR_REDIRECT] 	at java.base/java.security.ProtectionDomain$JavaSecurityAccessImpl.doIntersectionPrivilege(ProtectionDomain.java:87)
2025-10-26 21:28:16,551 [ERROR] LogOutputStream:75 - [STDERR_REDIRECT] 	at java.base/java.security.ProtectionDomain$JavaSecurityAccessImpl.doIntersectionPrivilege(ProtectionDomain.java:98)
2025-10-26 21:28:16,552 [ERROR] LogOutputStream:75 - [STDERR_REDIRECT] 	at java.desktop/java.awt.EventQueue$5.run(EventQueue.java:747)
2025-10-26 21:28:16,553 [ERROR] LogOutputStream:75 - [STDERR_REDIRECT] 	at java.desktop/java.awt.EventQueue$5.run(EventQueue.java:745)
2025-10-26 21:28:16,554 [ERROR] LogOutputStream:75 - [STDERR_REDIRECT] 	at java.base/java.security.AccessController.doPrivileged(AccessController.java:400)
2025-10-26 21:28:16,556 [ERROR] LogOutputStream:75 - [STDERR_REDIRECT] 	at java.base/java.security.ProtectionDomain$JavaSecurityAccessImpl.doIntersectionPrivilege(ProtectionDomain.java:87)
2025-10-26 21:28:16,558 [ERROR] LogOutputStream:75 - [STDERR_REDIRECT] 	at java.desktop/java.awt.EventQueue.dispatchEvent(EventQueue.java:744)
2025-10-26 21:28:16,561 [ERROR] LogOutputStream:75 - [STDERR_REDIRECT] 	at java.desktop/java.awt.EventDispatchThread.pumpOneEventForFilters(EventDispatchThread.java:203)
2025-10-26 21:28:16,562 [ERROR] LogOutputStream:75 - [STDERR_REDIRECT] 	at java.desktop/java.awt.EventDispatchThread.pumpEventsForFilter(EventDispatchThread.java:124)
2025-10-26 21:28:16,565 [ERROR] LogOutputStream:75 - [STDERR_REDIRECT] 	at java.desktop/java.awt.EventDispatchThread.pumpEventsForHierarchy(EventDispatchThread.java:113)
2025-10-26 21:28:16,566 [ERROR] LogOutputStream:75 - [STDERR_REDIRECT] 	at java.desktop/java.awt.EventDispatchThread.pumpEvents(EventDispatchThread.java:109)
2025-10-26 21:28:16,568 [ERROR] LogOutputStream:75 - [STDERR_REDIRECT] 	at java.desktop/java.awt.EventDispatchThread.pumpEvents(EventDispatchThread.java:101)
2025-10-26 21:28:16,569 [ERROR] LogOutputStream:75 - [STDERR_REDIRECT] 	at java.desktop/java.awt.EventDispatchThread.run(EventDispatchThread.java:90)
2025-10-26 21:28:16,579 [ERROR] LogOutputStream:75 - [STDERR_REDIRECT] java.lang.Error: no ComponentUI class for: com.st.microxplorer.plugins.ip.nvic.CheckBoxHeader[,0,0,0x0,invalid,alignmentX=0.0,alignmentY=0.0,border=,flags=0,maximumSize=,minimumSize=,preferredSize=,defaultIcon=,disabledIcon=,disabledSelectedIcon=,margin=null,paintBorder=true,paintFocus=true,pressedIcon=,rolloverEnabled=false,rolloverIcon=,rolloverSelectedIcon=,selectedIcon=,text=]
2025-10-26 21:28:16,582 [ERROR] LogOutputStream:75 - [STDERR_REDIRECT] 	at java.desktop/javax.swing.UIDefaults.getUIError(UIDefaults.java:763)
2025-10-26 21:28:16,583 [ERROR] LogOutputStream:75 - [STDERR_REDIRECT] 	at java.desktop/javax.swing.MultiUIDefaults.getUIError(MultiUIDefaults.java:144)
2025-10-26 21:28:16,585 [ERROR] LogOutputStream:75 - [STDERR_REDIRECT] 	at java.desktop/javax.swing.UIDefaults.getUI(UIDefaults.java:793)
2025-10-26 21:28:16,586 [ERROR] LogOutputStream:75 - [STDERR_REDIRECT] 	at java.desktop/javax.swing.UIManager.getUI(UIManager.java:1070)
2025-10-26 21:28:16,587 [ERROR] LogOutputStream:75 - [STDERR_REDIRECT] 	at java.desktop/javax.swing.JCheckBox.updateUI(JCheckBox.java:228)
2025-10-26 21:28:16,588 [ERROR] LogOutputStream:75 - [STDERR_REDIRECT] 	at java.desktop/javax.swing.AbstractButton.init(AbstractButton.java:2141)
2025-10-26 21:28:16,589 [ERROR] LogOutputStream:75 - [STDERR_REDIRECT] 	at java.desktop/javax.swing.JToggleButton.<init>(JToggleButton.java:187)
2025-10-26 21:28:16,591 [ERROR] LogOutputStream:75 - [STDERR_REDIRECT] 	at java.desktop/javax.swing.JCheckBox.<init>(JCheckBox.java:176)
2025-10-26 21:28:16,593 [ERROR] LogOutputStream:75 - [STDERR_REDIRECT] 	at java.desktop/javax.swing.JCheckBox.<init>(JCheckBox.java:97)
2025-10-26 21:28:16,594 [ERROR] LogOutputStream:75 - [STDERR_REDIRECT] 	at com.st.microxplorer.plugins.ip.nvic.CheckBoxHeader.<init>(CheckBoxHeader.java:55)
2025-10-26 21:28:16,596 [ERROR] LogOutputStream:75 - [STDERR_REDIRECT] 	at com.st.microxplorer.plugins.ip.nvic.NvicCodeSelectionTable.<init>(NvicCodeSelectionTable.java:78)
2025-10-26 21:28:16,598 [ERROR] LogOutputStream:75 - [STDERR_REDIRECT] 	at com.st.microxplorer.plugins.ip.nvic.NvicCodePanel.initComponents(NvicCodePanel.java:102)
2025-10-26 21:28:16,599 [ERROR] LogOutputStream:75 - [STDERR_REDIRECT] 	at com.st.microxplorer.plugins.ip.nvic.NvicCodePanel.<init>(NvicCodePanel.java:78)
2025-10-26 21:28:16,601 [ERROR] LogOutputStream:75 - [STDERR_REDIRECT] 	at com.st.microxplorer.plugins.ip.nvic.NvicTabbedPanel.<init>(NvicTabbedPanel.java:57)
2025-10-26 21:28:16,602 [ERROR] LogOutputStream:75 - [STDERR_REDIRECT] 	at com.st.microxplorer.plugins.ip.nvic.Nvic.getUI(Nvic.java:73)
2025-10-26 21:28:16,604 [ERROR] LogOutputStream:75 - [STDERR_REDIRECT] 	at com.st.microxplorer.plugins.ipmanager.gui.BlockDiagram.createIpPanel(BlockDiagram.java:402)
2025-10-26 21:28:16,605 [ERROR] LogOutputStream:75 - [STDERR_REDIRECT] 	at com.st.microxplorer.plugins.ipmanager.gui.BlockDiagram.getIPConfigPanel(BlockDiagram.java:552)
2025-10-26 21:28:16,607 [ERROR] LogOutputStream:75 - [STDERR_REDIRECT] 	at com.st.microxplorer.plugins.ipmanager.gui.BlockDiagram.getIPConfigPanel(BlockDiagram.java:458)
2025-10-26 21:28:16,609 [ERROR] LogOutputStream:75 - [STDERR_REDIRECT] 	at com.st.microxplorer.plugins.ipmanager.gui.BlockDiagram.propertyChange(BlockDiagram.java:1389)
2025-10-26 21:28:16,610 [ERROR] LogOutputStream:75 - [STDERR_REDIRECT] 	at java.desktop/java.beans.PropertyChangeSupport.fire(PropertyChangeSupport.java:343)
2025-10-26 21:28:16,612 [ERROR] LogOutputStream:75 - [STDERR_REDIRECT] 	at java.desktop/java.beans.PropertyChangeSupport.firePropertyChange(PropertyChangeSupport.java:335)
2025-10-26 21:28:16,614 [ERROR] LogOutputStream:75 - [STDERR_REDIRECT] 	at java.desktop/java.beans.PropertyChangeSupport.firePropertyChange(PropertyChangeSupport.java:268)
2025-10-26 21:28:16,617 [ERROR] LogOutputStream:75 - [STDERR_REDIRECT] 	at com.st.microxplorer.util.MXPropertyChangeSupport.firePropertyChange(MXPropertyChangeSupport.java:54)
2025-10-26 21:28:16,618 [ERROR] LogOutputStream:75 - [STDERR_REDIRECT] 	at com.st.microxplorer.mxsystem.MxSystem.firePropertyChange(MxSystem.java:357)
2025-10-26 21:28:16,620 [ERROR] LogOutputStream:75 - [STDERR_REDIRECT] 	at com.st.microxplorer.plugins.pinoutconfig.guiV5.PeripheralsSelectionPanel.selectIP(PeripheralsSelectionPanel.java:409)
2025-10-26 21:28:16,622 [ERROR] LogOutputStream:75 - [STDERR_REDIRECT] 	at com.st.microxplorer.plugins.pinoutconfig.guiV5.PeripheralsListListener.mouseClicked(PeripheralsListListener.java:103)
2025-10-26 21:28:16,623 [ERROR] LogOutputStream:75 - [STDERR_REDIRECT] 	at java.desktop/java.awt.AWTEventMulticaster.mouseClicked(AWTEventMulticaster.java:278)
2025-10-26 21:28:16,624 [ERROR] LogOutputStream:75 - [STDERR_REDIRECT] 	at java.desktop/java.awt.AWTEventMulticaster.mouseClicked(AWTEventMulticaster.java:277)
2025-10-26 21:28:16,627 [ERROR] LogOutputStream:75 - [STDERR_REDIRECT] 	at java.desktop/java.awt.AWTEventMulticaster.mouseClicked(AWTEventMulticaster.java:277)
2025-10-26 21:28:16,628 [ERROR] LogOutputStream:75 - [STDERR_REDIRECT] 	at java.desktop/java.awt.Component.processMouseEvent(Component.java:6624)
2025-10-26 21:28:16,629 [ERROR] LogOutputStream:75 - [STDERR_REDIRECT] 	at java.desktop/javax.swing.JComponent.processMouseEvent(JComponent.java:3398)
2025-10-26 21:28:16,631 [ERROR] LogOutputStream:75 - [STDERR_REDIRECT] 	at java.desktop/java.awt.Component.processEvent(Component.java:6386)
2025-10-26 21:28:16,632 [ERROR] LogOutputStream:75 - [STDERR_REDIRECT] 	at java.desktop/java.awt.Container.processEvent(Container.java:2266)
2025-10-26 21:28:16,634 [ERROR] LogOutputStream:75 - [STDERR_REDIRECT] 	at java.desktop/java.awt.Component.dispatchEventImpl(Component.java:4996)
2025-10-26 21:28:16,635 [ERROR] LogOutputStream:75 - [STDERR_REDIRECT] 	at java.desktop/java.awt.Container.dispatchEventImpl(Container.java:2324)
2025-10-26 21:28:16,636 [ERROR] LogOutputStream:75 - [STDERR_REDIRECT] 	at java.desktop/java.awt.Component.dispatchEvent(Component.java:4828)
2025-10-26 21:28:16,638 [ERROR] LogOutputStream:75 - [STDERR_REDIRECT] 	at java.desktop/java.awt.LightweightDispatcher.retargetMouseEvent(Container.java:4948)
2025-10-26 21:28:16,640 [ERROR] LogOutputStream:75 - [STDERR_REDIRECT] 	at java.desktop/java.awt.LightweightDispatcher.processMouseEvent(Container.java:4584)
2025-10-26 21:28:16,642 [ERROR] LogOutputStream:75 - [STDERR_REDIRECT] 	at java.desktop/java.awt.LightweightDispatcher.dispatchEvent(Container.java:4516)
2025-10-26 21:28:16,644 [ERROR] LogOutputStream:75 - [STDERR_REDIRECT] 	at java.desktop/java.awt.Container.dispatchEventImpl(Container.java:2310)
2025-10-26 21:28:16,645 [ERROR] LogOutputStream:75 - [STDERR_REDIRECT] 	at java.desktop/java.awt.Component.dispatchEvent(Component.java:4828)
2025-10-26 21:28:16,646 [ERROR] LogOutputStream:75 - [STDERR_REDIRECT] 	at java.desktop/java.awt.EventQueue.dispatchEventImpl(EventQueue.java:775)
2025-10-26 21:28:16,648 [ERROR] LogOutputStream:75 - [STDERR_REDIRECT] 	at java.desktop/java.awt.EventQueue$4.run(EventQueue.java:720)
2025-10-26 21:28:16,650 [ERROR] LogOutputStream:75 - [STDERR_REDIRECT] 	at java.desktop/java.awt.EventQueue$4.run(EventQueue.java:714)
2025-10-26 21:28:16,651 [ERROR] LogOutputStream:75 - [STDERR_REDIRECT] 	at java.base/java.security.AccessController.doPrivileged(AccessController.java:400)
2025-10-26 21:28:16,653 [ERROR] LogOutputStream:75 - [STDERR_REDIRECT] 	at java.base/java.security.ProtectionDomain$JavaSecurityAccessImpl.doIntersectionPrivilege(ProtectionDomain.java:87)
2025-10-26 21:28:16,655 [ERROR] LogOutputStream:75 - [STDERR_REDIRECT] 	at java.base/java.security.ProtectionDomain$JavaSecurityAccessImpl.doIntersectionPrivilege(ProtectionDomain.java:98)
2025-10-26 21:28:16,656 [ERROR] LogOutputStream:75 - [STDERR_REDIRECT] 	at java.desktop/java.awt.EventQueue$5.run(EventQueue.java:747)
2025-10-26 21:28:16,657 [ERROR] LogOutputStream:75 - [STDERR_REDIRECT] 	at java.desktop/java.awt.EventQueue$5.run(EventQueue.java:745)
2025-10-26 21:28:16,660 [ERROR] LogOutputStream:75 - [STDERR_REDIRECT] 	at java.base/java.security.AccessController.doPrivileged(AccessController.java:400)
2025-10-26 21:28:16,662 [ERROR] LogOutputStream:75 - [STDERR_REDIRECT] 	at java.base/java.security.ProtectionDomain$JavaSecurityAccessImpl.doIntersectionPrivilege(ProtectionDomain.java:87)
2025-10-26 21:28:16,663 [ERROR] LogOutputStream:75 - [STDERR_REDIRECT] 	at java.desktop/java.awt.EventQueue.dispatchEvent(EventQueue.java:744)
2025-10-26 21:28:16,665 [ERROR] LogOutputStream:75 - [STDERR_REDIRECT] 	at java.desktop/java.awt.EventDispatchThread.pumpOneEventForFilters(EventDispatchThread.java:203)
2025-10-26 21:28:16,667 [ERROR] LogOutputStream:75 - [STDERR_REDIRECT] 	at java.desktop/java.awt.EventDispatchThread.pumpEventsForFilter(EventDispatchThread.java:124)
2025-10-26 21:28:16,669 [ERROR] LogOutputStream:75 - [STDERR_REDIRECT] 	at java.desktop/java.awt.EventDispatchThread.pumpEventsForHierarchy(EventDispatchThread.java:113)
2025-10-26 21:28:16,671 [ERROR] LogOutputStream:75 - [STDERR_REDIRECT] 	at java.desktop/java.awt.EventDispatchThread.pumpEvents(EventDispatchThread.java:109)
2025-10-26 21:28:16,672 [ERROR] LogOutputStream:75 - [STDERR_REDIRECT] 	at java.desktop/java.awt.EventDispatchThread.pumpEvents(EventDispatchThread.java:101)
2025-10-26 21:28:16,674 [ERROR] LogOutputStream:75 - [STDERR_REDIRECT] 	at java.desktop/java.awt.EventDispatchThread.run(EventDispatchThread.java:90)
2025-10-26 21:29:16,492 [INFO] UtilMem:75 - End SaveConfig() Used Memory: 751743648 Bytes (1073741824)
2025-10-26 21:29:18,121 [INFO] UtilMem:75 - End SaveConfig() Used Memory: 766991024 Bytes (1073741824)
2025-10-26 21:29:18,885 [INFO] UtilMem:75 - End SaveConfig() Used Memory: 821446552 Bytes (1073741824)
2025-10-26 21:29:19,316 [INFO] BlockDiagram:2775 - set Specific Code input for plugin: NVIC
2025-10-26 21:29:19,317 [INFO] BlockDiagram:2775 - set Specific Code input for plugin: USART
2025-10-26 21:29:19,318 [INFO] BlockDiagram:2775 - set Specific Code input for plugin: TIM1_8F1
2025-10-26 21:29:19,319 [INFO] BlockDiagram:2775 - set Specific Code input for plugin: TIM1_8F1
2025-10-26 21:29:19,319 [INFO] BlockDiagram:2775 - set Specific Code input for plugin: SYS
2025-10-26 21:29:19,319 [INFO] BlockDiagram:2775 - set Specific Code input for plugin: GPIO
2025-10-26 21:29:19,320 [INFO] BlockDiagram:2775 - set Specific Code input for plugin: RCC
2025-10-26 21:29:19,321 [INFO] CodeGenerator:882 - code generatio: config db path: C:\ST\STM32CubeIDE_1.18.0\STM32CubeIDE\plugins\com.st.stm32cube.common.mx_6.14.1.202504091515\\db\
2025-10-26 21:29:19,473 [INFO] CodeEngine:263 - oldGeneratedFile, C:\GIT\GIT_AULAS_FATEC\Exemplos_Codigo_STM32\RodaFonicaVirtual\MXTmpFiles\license.tmp_save
2025-10-26 21:29:19,800 [INFO] CodeEngine:287 - Generated code: C:\GIT\GIT_AULAS_FATEC\Exemplos_Codigo_STM32\RodaFonicaVirtual\MXTmpFiles\license.tmp
2025-10-26 21:29:19,847 [INFO] CodeEngine:263 - oldGeneratedFile, C:\GIT\GIT_AULAS_FATEC\Exemplos_Codigo_STM32\RodaFonicaVirtual\MXTmpFiles\gpio.tmp_save
2025-10-26 21:29:20,031 [INFO] CodeEngine:287 - Generated code: C:\GIT\GIT_AULAS_FATEC\Exemplos_Codigo_STM32\RodaFonicaVirtual\MXTmpFiles\gpio.tmp
2025-10-26 21:29:20,285 [INFO] CodeEngine:263 - oldGeneratedFile, C:\GIT\GIT_AULAS_FATEC\Exemplos_Codigo_STM32\RodaFonicaVirtual\Core\Src\stm32f1xx_it.c_save
2025-10-26 21:29:20,749 [INFO] CodeEngine:287 - Generated code: C:\GIT\GIT_AULAS_FATEC\Exemplos_Codigo_STM32\RodaFonicaVirtual\Core\Src\stm32f1xx_it.c
2025-10-26 21:29:20,758 [INFO] CodeEngine:263 - oldGeneratedFile, C:\GIT\GIT_AULAS_FATEC\Exemplos_Codigo_STM32\RodaFonicaVirtual\Core\Inc\stm32f1xx_it.h_save
2025-10-26 21:29:20,873 [INFO] CodeEngine:287 - Generated code: C:\GIT\GIT_AULAS_FATEC\Exemplos_Codigo_STM32\RodaFonicaVirtual\Core\Inc\stm32f1xx_it.h
2025-10-26 21:29:20,895 [INFO] CodeEngine:263 - oldGeneratedFile, C:\GIT\GIT_AULAS_FATEC\Exemplos_Codigo_STM32\RodaFonicaVirtual\Core\Src\stm32f1xx_hal_msp.c_save
2025-10-26 21:29:21,133 [INFO] CodeEngine:287 - Generated code: C:\GIT\GIT_AULAS_FATEC\Exemplos_Codigo_STM32\RodaFonicaVirtual\Core\Src\stm32f1xx_hal_msp.c
2025-10-26 21:29:21,140 [INFO] CodeEngine:263 - oldGeneratedFile, C:\GIT\GIT_AULAS_FATEC\Exemplos_Codigo_STM32\RodaFonicaVirtual\MXTmpFiles\system.tmp_save
2025-10-26 21:29:21,243 [INFO] CodeEngine:287 - Generated code: C:\GIT\GIT_AULAS_FATEC\Exemplos_Codigo_STM32\RodaFonicaVirtual\MXTmpFiles\system.tmp
2025-10-26 21:29:21,262 [INFO] CodeEngine:319 - oldGeneratedFile, C:\GIT\GIT_AULAS_FATEC\Exemplos_Codigo_STM32\RodaFonicaVirtual\Core\Inc\stm32f1xx_hal_conf.h_save
2025-10-26 21:29:21,372 [INFO] CodeEngine:343 - Generated code: C:\GIT\GIT_AULAS_FATEC\Exemplos_Codigo_STM32\RodaFonicaVirtual\Core\Inc\stm32f1xx_hal_conf.h
2025-10-26 21:29:21,403 [WARN] IPConfigManager:3790 - IP not found : TIM
2025-10-26 21:29:21,406 [WARN] CodeGenerator:4198 - IP not found : null
2025-10-26 21:29:21,420 [INFO] CodeEngine:263 - oldGeneratedFile, C:\GIT\GIT_AULAS_FATEC\Exemplos_Codigo_STM32\RodaFonicaVirtual\Core\Inc\main.h_save
2025-10-26 21:29:21,586 [INFO] CodeEngine:287 - Generated code: C:\GIT\GIT_AULAS_FATEC\Exemplos_Codigo_STM32\RodaFonicaVirtual\Core\Inc\main.h
2025-10-26 21:29:21,597 [INFO] CodeEngine:263 - oldGeneratedFile, C:\GIT\GIT_AULAS_FATEC\Exemplos_Codigo_STM32\RodaFonicaVirtual\Core\Src\main.c_save
2025-10-26 21:29:21,770 [INFO] CodeEngine:287 - Generated code: C:\GIT\GIT_AULAS_FATEC\Exemplos_Codigo_STM32\RodaFonicaVirtual\Core\Src\main.c
2025-10-26 21:29:22,466 [INFO] ProjectBuilder:3324 - Time for Copy HAL[1] : 294mS.
2025-10-26 21:29:22,473 [INFO] ProjectBuilder:4912 - Project Generator version: 4.6.0.1-B1
2025-10-26 21:29:22,660 [INFO] ConfigFileManager:1590 - The Die is : DIE410
2025-10-26 21:29:24,134 [INFO] ProjectBuilder:5191 - Time for Generating toolchain IDE Files: 1661mS.
2025-10-26 21:29:24,135 [INFO] ProjectBuilder:3181 - Time for Copy CMSIS : 0mS.
2025-10-26 21:29:24,139 [INFO] ProjectBuilder:3181 - Time for Copy CMSIS : 0mS.
2025-10-26 21:56:20,306 [INFO] WebApp:194 - Connection lost
2025-10-26 21:56:20,785 [INFO] WebApp:191 - Connection restablished
2025-10-26 21:56:25,753 [INFO] WebApp:194 - Connection lost
2025-10-26 21:56:25,903 [INFO] WebApp:191 - Connection restablished
2025-10-26 22:24:01,463 [ERROR] LogOutputStream:75 - [STDERR_REDIRECT] 
