2025-10-19 18:27:21,586 [INFO] Activator:176 - 


2025-10-19 18:27:21,593 [INFO] Activator:177 - !SESSION log4j initialized
2025-10-19 18:27:28,962 [INFO] LogOutputStream:77 - [STDOUT_REDIRECT] 
2025-10-19 18:27:30,701 [INFO] ApplicationProperties:184 - Using Application install path: C:\ST\STM32CubeIDE_1.18.0\STM32CubeIDE\plugins\com.st.stm32cube.common.mx_6.14.1.202504091515
2025-10-19 18:27:30,722 [INFO] DbMcusXml:78 - Set database path to: C:\ST\STM32CubeIDE_1.18.0\STM32CubeIDE\plugins\com.st.stm32cube.common.mx_6.14.1.202504091515\\db\/mcu/
2025-10-19 18:27:30,722 [INFO] ApiDb:274 - Set plugin database path to: C:\ST\STM32CubeIDE_1.18.0\STM32CubeIDE\plugins\com.st.stm32cube.common.mx_6.14.1.202504091515\\db\/plugins/boardmanager/
2025-10-19 18:27:30,722 [WARN] ApiDb:259 - Overriding images path with different value:  => C:\ST\STM32CubeIDE_1.18.0\STM32CubeIDE\plugins\com.st.stm32cube.common.mx_6.14.1.202504091515\\db\/plugins/mcufinder/images/
2025-10-19 18:27:30,735 [INFO] ApiDb:250 - Set database path to: C:\Users\User\.stmcufinder\plugins\mcufinder//mcu/
2025-10-19 18:27:30,736 [INFO] DbMcusAds:125 - Set database path to: C:\Users\User\.stmcufinder\plugins\mcufinder//mcu/
2025-10-19 18:27:30,739 [INFO] CrossReferenceDbSqlite:203 - Set database path to: C:\Users\User\.stmcufinder\plugins\mcufinder//mcu/cs/
2025-10-19 18:27:30,871 [INFO] RulesReader:64 - Compatibility file has been processed (302 Rules)
2025-10-19 18:27:30,965 [INFO] DbMcusXml:78 - Set database path to: C:\ST\STM32CubeIDE_1.18.0\STM32CubeIDE\plugins\com.st.stm32cube.common.mx_6.14.1.202504091515\\db\/mcu/
2025-10-19 18:27:30,966 [INFO] ApiDb:274 - Set plugin database path to: C:\ST\STM32CubeIDE_1.18.0\STM32CubeIDE\plugins\com.st.stm32cube.common.mx_6.14.1.202504091515\\db\/plugins/boardmanager/
2025-10-19 18:27:30,966 [INFO] ApiDb:261 - Set plugin images path to: C:\ST\STM32CubeIDE_1.18.0\STM32CubeIDE\plugins\com.st.stm32cube.common.mx_6.14.1.202504091515\\db\/plugins/mcufinder/images/
2025-10-19 18:27:30,966 [WARN] DbFile:41 - Overriding database path with different value: C:\Users\User\.stmcufinder\plugins\mcufinder/ => C:\Users\User\.stmcufinder\plugins\mcufinder
2025-10-19 18:27:30,966 [INFO] ApiDb:250 - Set database path to: C:\Users\User\.stmcufinder\plugins\mcufinder//mcu/
2025-10-19 18:27:30,966 [WARN] DbFile:41 - Overriding database path with different value: C:\Users\User\.stmcufinder\plugins\mcufinder/ => C:\Users\User\.stmcufinder\plugins\mcufinder
2025-10-19 18:27:30,966 [INFO] DbMcusAds:125 - Set database path to: C:\Users\User\.stmcufinder\plugins\mcufinder//mcu/
2025-10-19 18:27:30,966 [WARN] DbFile:41 - Overriding database path with different value: C:\Users\User\.stmcufinder\plugins\mcufinder/ => C:\Users\User\.stmcufinder\plugins\mcufinder
2025-10-19 18:27:30,966 [WARN] DbFile:41 - Overriding database path with different value: C:\Users\User\.stmcufinder\plugins\mcufinder/ => C:\Users\User\.stmcufinder\plugins\mcufinder
2025-10-19 18:27:30,966 [INFO] CrossReferenceDbSqlite:203 - Set database path to: C:\Users\User\.stmcufinder\plugins\mcufinder//mcu/cs/
2025-10-19 18:27:31,060 [INFO] MainPanel:272 - HeapMemory: 268435456
2025-10-19 18:27:31,271 [INFO] DbMcusXml:78 - Set database path to: C:\ST\STM32CubeIDE_1.18.0\STM32CubeIDE\plugins\com.st.stm32cube.common.mx_6.14.1.202504091515\\db\/mcu/
2025-10-19 18:27:31,271 [INFO] ApiDb:274 - Set plugin database path to: C:\ST\STM32CubeIDE_1.18.0\STM32CubeIDE\plugins\com.st.stm32cube.common.mx_6.14.1.202504091515\\db\/plugins/boardmanager/
2025-10-19 18:27:31,271 [INFO] ApiDb:261 - Set plugin images path to: C:\ST\STM32CubeIDE_1.18.0\STM32CubeIDE\plugins\com.st.stm32cube.common.mx_6.14.1.202504091515\\db\/plugins/mcufinder/images/
2025-10-19 18:27:31,272 [WARN] DbFile:41 - Overriding database path with different value: C:\Users\User\.stmcufinder\plugins\mcufinder/ => C:\Users\User\.stmcufinder\plugins\mcufinder
2025-10-19 18:27:31,272 [INFO] ApiDb:250 - Set database path to: C:\Users\User\.stmcufinder\plugins\mcufinder//mcu/
2025-10-19 18:27:31,272 [WARN] DbFile:41 - Overriding database path with different value: C:\Users\User\.stmcufinder\plugins\mcufinder/ => C:\Users\User\.stmcufinder\plugins\mcufinder
2025-10-19 18:27:31,272 [INFO] DbMcusAds:125 - Set database path to: C:\Users\User\.stmcufinder\plugins\mcufinder//mcu/
2025-10-19 18:27:31,272 [WARN] DbFile:41 - Overriding database path with different value: C:\Users\User\.stmcufinder\plugins\mcufinder/ => C:\Users\User\.stmcufinder\plugins\mcufinder
2025-10-19 18:27:31,273 [WARN] DbFile:41 - Overriding database path with different value: C:\Users\User\.stmcufinder\plugins\mcufinder/ => C:\Users\User\.stmcufinder\plugins\mcufinder
2025-10-19 18:27:31,273 [INFO] CrossReferenceDbSqlite:203 - Set database path to: C:\Users\User\.stmcufinder\plugins\mcufinder//mcu/cs/
2025-10-19 18:27:31,297 [INFO] ApplicationProperties:184 - Using Application install path: C:\ST\STM32CubeIDE_1.18.0\STM32CubeIDE\plugins\com.st.stm32cube.common.mx_6.14.1.202504091515
2025-10-19 18:27:31,298 [INFO] PluginManage:196 - Search for loadable plugins [exclusion list=, ]
2025-10-19 18:27:31,300 [INFO] PluginManage:310 - Check plugin analytics
2025-10-19 18:27:31,536 [INFO] AnalyticsPlugin:253 - Accepted Software Licenses: 
2025-10-19 18:27:31,536 [INFO] AnalyticsPlugin:255 - Accepted CMSIS Pack Licenses: 
2025-10-19 18:27:31,537 [INFO] AnalyticsPlugin:257 - Accepted Firmware Licenses: FW.C0.1.1.0
2025-10-19 18:27:31,539 [INFO] PluginManage:359 - Loaded plugin analytics (category:tool,tabindex:-1)
2025-10-19 18:27:31,541 [INFO] PluginManage:310 - Check plugin cadmodel
2025-10-19 18:27:31,549 [INFO] CADModel:105 - Init CAD model plugin
2025-10-19 18:27:31,549 [INFO] PluginManage:359 - Loaded plugin cadmodel (category:power,tabindex:5)
2025-10-19 18:27:31,550 [INFO] PluginManage:310 - Check plugin clock
2025-10-19 18:27:31,563 [INFO] PluginManage:359 - Loaded plugin clock (category:base,tabindex:2)
2025-10-19 18:27:31,563 [INFO] PluginManage:310 - Check plugin ddr
2025-10-19 18:27:31,568 [INFO] PluginManage:359 - Loaded plugin ddr (category:tool,tabindex:6)
2025-10-19 18:27:31,568 [INFO] PluginManage:310 - Check plugin filemanager
2025-10-19 18:27:31,730 [INFO] PluginManage:359 - Loaded plugin filemanager (category:base,tabindex:10)
2025-10-19 18:27:31,730 [INFO] PluginManage:310 - Check plugin ipmanager
2025-10-19 18:27:31,737 [INFO] PluginManage:359 - Loaded plugin ipmanager (category:base,tabindex:5)
2025-10-19 18:27:31,738 [INFO] PluginManage:310 - Check plugin lpbam
2025-10-19 18:27:31,747 [INFO] PluginManage:359 - Loaded plugin lpbam (category:base,tabindex:0)
2025-10-19 18:27:31,747 [INFO] PluginManage:310 - Check plugin memorymap
2025-10-19 18:27:31,763 [INFO] PluginManage:359 - Loaded plugin memorymap (category:base,tabindex:4)
2025-10-19 18:27:31,764 [INFO] PluginManage:310 - Check plugin pinoutandconfiguration
2025-10-19 18:27:31,774 [INFO] PluginManage:359 - Loaded plugin pinoutandconfiguration (category:base,tabindex:1)
2025-10-19 18:27:31,774 [INFO] PluginManage:310 - Check plugin pinoutconfig
2025-10-19 18:27:31,876 [WARN] SupportedApi:132 - Cannot load RTOS API schema: s4s-elt-must-match.1: The content of 'definitions' must match (annotation?, (simpleType | complexType)?, (unique | key | keyref)*)). A problem was found starting at: attribute.
2025-10-19 18:27:32,032 [INFO] PluginManage:359 - Loaded plugin pinoutconfig (category:base,tabindex:0)
2025-10-19 18:27:32,032 [INFO] PluginManage:310 - Check plugin power
2025-10-19 18:27:32,045 [INFO] PluginManage:359 - Loaded plugin power (category:power,tabindex:4)
2025-10-19 18:27:32,045 [INFO] PluginManage:310 - Check plugin projectmanager
2025-10-19 18:27:32,060 [INFO] PluginManage:359 - Loaded plugin projectmanager (category:projectmanager,tabindex:4)
2025-10-19 18:27:32,061 [INFO] PluginManage:310 - Check plugin rif
2025-10-19 18:27:32,070 [INFO] PluginManage:359 - Loaded plugin rif (category:base,tabindex:3)
2025-10-19 18:27:32,071 [INFO] PluginManage:310 - Check plugin thirdparty
2025-10-19 18:27:32,245 [INFO] PluginManage:359 - Loaded plugin thirdparty (category:base,tabindex:-1)
2025-10-19 18:27:32,245 [WARN] IntegrityCheckThread:84 - waiting for thirdparty lock release [integrity check]
2025-10-19 18:27:32,246 [INFO] PluginManage:310 - Check plugin tools
2025-10-19 18:27:32,246 [INFO] IntegrityCheckThread:86 - entering critical section [integrity check]
2025-10-19 18:27:32,246 [INFO] ThirdPartyUpdaterWithRetryManager:70 - Updater plugin not ready yet. [1/15]
2025-10-19 18:27:32,249 [INFO] PluginManage:359 - Loaded plugin tools (category:base,tabindex:7)
2025-10-19 18:27:32,250 [INFO] PluginManage:310 - Check plugin tutovideos
2025-10-19 18:27:32,435 [INFO] PluginManage:359 - Loaded plugin tutovideos (category:base,tabindex:-1)
2025-10-19 18:27:32,436 [INFO] PluginManage:310 - Check plugin updater
2025-10-19 18:27:32,459 [INFO] PluginManage:359 - Loaded plugin updater (category:base,tabindex:12)
2025-10-19 18:27:32,459 [INFO] PluginManage:310 - Check plugin userauth
2025-10-19 18:27:32,463 [INFO] UserAuth:118 - Init User Auth plugin
2025-10-19 18:27:32,464 [INFO] PluginManage:359 - Loaded plugin userauth (category:base,tabindex:14)
2025-10-19 18:27:32,464 [INFO] PluginManage:283 - PluginManage : Loaded plugins [18]
2025-10-19 18:27:32,711 [INFO] PinOutPanel:1589 - setPackage(No Configuration,No Configuration)
2025-10-19 18:27:32,821 [INFO] CADModel:165 - CPN selected for project level
2025-10-19 18:27:32,821 [INFO] CADModel:114 - Register for checkConnection events
2025-10-19 18:27:32,846 [INFO] IPUIPlugin:80 - create IPUIPlugin
2025-10-19 18:27:32,846 [INFO] PluginManager:220 - loadIPPluginJar : add adc
2025-10-19 18:27:32,851 [INFO] IPUIPlugin:80 - create IPUIPlugin
2025-10-19 18:27:32,851 [INFO] PluginManager:220 - loadIPPluginJar : add aes
2025-10-19 18:27:32,856 [INFO] IPUIPlugin:80 - create IPUIPlugin
2025-10-19 18:27:32,856 [INFO] PluginManager:220 - loadIPPluginJar : add can
2025-10-19 18:27:32,859 [INFO] IPUIPlugin:80 - create IPUIPlugin
2025-10-19 18:27:32,859 [INFO] PluginManager:220 - loadIPPluginJar : add comp
2025-10-19 18:27:32,862 [INFO] IPUIPlugin:80 - create IPUIPlugin
2025-10-19 18:27:32,862 [INFO] PluginManager:220 - loadIPPluginJar : add cryp
2025-10-19 18:27:32,866 [INFO] IPUIPlugin:80 - create IPUIPlugin
2025-10-19 18:27:32,866 [INFO] PluginManager:220 - loadIPPluginJar : add ddr_ctrl_phy
2025-10-19 18:27:32,871 [INFO] IPUIPlugin:80 - create IPUIPlugin
2025-10-19 18:27:32,871 [INFO] PluginManager:220 - loadIPPluginJar : add dfsdm
2025-10-19 18:27:32,878 [INFO] IPUIPlugin:80 - create IPUIPlugin
2025-10-19 18:27:32,879 [INFO] PluginManager:220 - loadIPPluginJar : add dma
2025-10-19 18:27:32,883 [INFO] IPUIPlugin:80 - create IPUIPlugin
2025-10-19 18:27:32,883 [INFO] PluginManager:220 - loadIPPluginJar : add dma3
2025-10-19 18:27:32,888 [INFO] IPUIPlugin:80 - create IPUIPlugin
2025-10-19 18:27:32,888 [INFO] PluginManager:220 - loadIPPluginJar : add extmemmanager
2025-10-19 18:27:32,890 [INFO] IPUIPlugin:80 - create IPUIPlugin
2025-10-19 18:27:32,890 [INFO] PluginManager:220 - loadIPPluginJar : add fatfs
2025-10-19 18:27:32,896 [INFO] IPUIPlugin:80 - create IPUIPlugin
2025-10-19 18:27:32,897 [INFO] PluginManager:220 - loadIPPluginJar : add fmc
2025-10-19 18:27:32,907 [INFO] IPUIPlugin:80 - create IPUIPlugin
2025-10-19 18:27:32,907 [INFO] PluginManager:220 - loadIPPluginJar : add freertos
2025-10-19 18:27:32,910 [INFO] IPUIPlugin:80 - create IPUIPlugin
2025-10-19 18:27:32,910 [INFO] PluginManager:220 - loadIPPluginJar : add genericplugin
2025-10-19 18:27:32,914 [INFO] IPUIPlugin:80 - create IPUIPlugin
2025-10-19 18:27:32,914 [INFO] PluginManager:220 - loadIPPluginJar : add gfxmmu
2025-10-19 18:27:32,921 [INFO] IPUIPlugin:80 - create IPUIPlugin
2025-10-19 18:27:32,921 [INFO] PluginManager:220 - loadIPPluginJar : add gic
2025-10-19 18:27:32,926 [INFO] IPUIPlugin:80 - create IPUIPlugin
2025-10-19 18:27:32,927 [INFO] PluginManager:220 - loadIPPluginJar : add gpio
2025-10-19 18:27:32,931 [INFO] IPUIPlugin:80 - create IPUIPlugin
2025-10-19 18:27:32,931 [INFO] PluginManager:220 - loadIPPluginJar : add gtzc
2025-10-19 18:27:32,936 [INFO] IPUIPlugin:80 - create IPUIPlugin
2025-10-19 18:27:32,937 [INFO] PluginManager:220 - loadIPPluginJar : add hash
2025-10-19 18:27:32,941 [INFO] IPUIPlugin:80 - create IPUIPlugin
2025-10-19 18:27:32,941 [INFO] PluginManager:220 - loadIPPluginJar : add i2c
2025-10-19 18:27:32,945 [INFO] IPUIPlugin:80 - create IPUIPlugin
2025-10-19 18:27:32,945 [INFO] PluginManager:220 - loadIPPluginJar : add i2s
2025-10-19 18:27:32,951 [INFO] IPUIPlugin:80 - create IPUIPlugin
2025-10-19 18:27:32,951 [INFO] PluginManager:220 - loadIPPluginJar : add i3c
2025-10-19 18:27:32,955 [INFO] IPUIPlugin:80 - create IPUIPlugin
2025-10-19 18:27:32,955 [INFO] PluginManager:220 - loadIPPluginJar : add ipddr
2025-10-19 18:27:32,962 [INFO] IPUIPlugin:80 - create IPUIPlugin
2025-10-19 18:27:32,962 [INFO] PluginManager:220 - loadIPPluginJar : add linkedlist
2025-10-19 18:27:32,966 [INFO] IPUIPlugin:80 - create IPUIPlugin
2025-10-19 18:27:32,966 [INFO] PluginManager:220 - loadIPPluginJar : add lorawan
2025-10-19 18:27:32,968 [INFO] IPUIPlugin:80 - create IPUIPlugin
2025-10-19 18:27:32,968 [INFO] PluginManager:220 - loadIPPluginJar : add ltdc
2025-10-19 18:27:32,974 [INFO] IPUIPlugin:80 - create IPUIPlugin
2025-10-19 18:27:32,975 [INFO] PluginManager:220 - loadIPPluginJar : add mdma
2025-10-19 18:27:32,979 [INFO] IPUIPlugin:80 - create IPUIPlugin
2025-10-19 18:27:32,980 [INFO] PluginManager:220 - loadIPPluginJar : add nvic
2025-10-19 18:27:32,983 [INFO] IPUIPlugin:80 - create IPUIPlugin
2025-10-19 18:27:32,983 [INFO] PluginManager:220 - loadIPPluginJar : add opamp
2025-10-19 18:27:32,988 [INFO] IPUIPlugin:80 - create IPUIPlugin
2025-10-19 18:27:32,988 [INFO] PluginManager:220 - loadIPPluginJar : add openamp
2025-10-19 18:27:32,992 [INFO] IPUIPlugin:80 - create IPUIPlugin
2025-10-19 18:27:32,992 [INFO] PluginManager:220 - loadIPPluginJar : add pdm2pcm
2025-10-19 18:27:32,999 [INFO] IPUIPlugin:80 - create IPUIPlugin
2025-10-19 18:27:33,002 [INFO] PluginManager:220 - loadIPPluginJar : add plateformsettings
2025-10-19 18:27:33,005 [INFO] IPUIPlugin:80 - create IPUIPlugin
2025-10-19 18:27:33,005 [INFO] PluginManager:220 - loadIPPluginJar : add quadspi
2025-10-19 18:27:33,007 [INFO] IPUIPlugin:80 - create IPUIPlugin
2025-10-19 18:27:33,010 [INFO] PluginManager:220 - loadIPPluginJar : add radio
2025-10-19 18:27:33,014 [INFO] IPUIPlugin:80 - create IPUIPlugin
2025-10-19 18:27:33,015 [INFO] PluginManager:220 - loadIPPluginJar : add resmgrutility
2025-10-19 18:27:33,020 [INFO] IPUIPlugin:80 - create IPUIPlugin
2025-10-19 18:27:33,020 [INFO] PluginManager:220 - loadIPPluginJar : add sai
2025-10-19 18:27:33,023 [INFO] IPUIPlugin:80 - create IPUIPlugin
2025-10-19 18:27:33,023 [INFO] PluginManager:220 - loadIPPluginJar : add spi
2025-10-19 18:27:33,029 [INFO] IPUIPlugin:80 - create IPUIPlugin
2025-10-19 18:27:33,029 [INFO] PluginManager:220 - loadIPPluginJar : add stm32_wpan
2025-10-19 18:27:33,032 [INFO] IPUIPlugin:80 - create IPUIPlugin
2025-10-19 18:27:33,032 [INFO] PluginManager:220 - loadIPPluginJar : add tim
2025-10-19 18:27:33,037 [INFO] IPUIPlugin:80 - create IPUIPlugin
2025-10-19 18:27:33,037 [INFO] PluginManager:220 - loadIPPluginJar : add touchsensing
2025-10-19 18:27:33,040 [INFO] IPUIPlugin:80 - create IPUIPlugin
2025-10-19 18:27:33,040 [INFO] PluginManager:220 - loadIPPluginJar : add tracer_emb
2025-10-19 18:27:33,042 [INFO] IPUIPlugin:80 - create IPUIPlugin
2025-10-19 18:27:33,042 [INFO] PluginManager:220 - loadIPPluginJar : add ts
2025-10-19 18:27:33,044 [INFO] IPUIPlugin:80 - create IPUIPlugin
2025-10-19 18:27:33,046 [INFO] PluginManager:220 - loadIPPluginJar : add tsc
2025-10-19 18:27:33,048 [INFO] IPUIPlugin:80 - create IPUIPlugin
2025-10-19 18:27:33,049 [INFO] PluginManager:220 - loadIPPluginJar : add ucpd
2025-10-19 18:27:33,052 [INFO] IPUIPlugin:80 - create IPUIPlugin
2025-10-19 18:27:33,053 [INFO] PluginManager:220 - loadIPPluginJar : add usart
2025-10-19 18:27:33,057 [INFO] IPUIPlugin:80 - create IPUIPlugin
2025-10-19 18:27:33,058 [INFO] PluginManager:220 - loadIPPluginJar : add usbx
2025-10-19 18:27:33,205 [FATAL] Updater:351 - Updater called before beeing initialized
2025-10-19 18:27:33,235 [INFO] RulesReader:64 - Compatibility file has been processed (302 Rules)
2025-10-19 18:27:33,245 [INFO] RulesReader:64 - Compatibility file has been processed (302 Rules)
2025-10-19 18:27:33,255 [INFO] CADModel:165 - CPN selected for project level
2025-10-19 18:27:33,255 [INFO] CADModel:114 - Register for checkConnection events
2025-10-19 18:27:33,255 [FATAL] Updater:351 - Updater called before beeing initialized
2025-10-19 18:27:33,255 [ERROR] CADModel:125 - Updater not yet initialized, retry later 
2025-10-19 18:27:33,431 [FATAL] Updater:351 - Updater called before beeing initialized
2025-10-19 18:27:33,434 [INFO] CADModel:165 - CPN selected for project level
2025-10-19 18:27:33,434 [INFO] CADModel:114 - Register for checkConnection events
2025-10-19 18:27:33,434 [FATAL] Updater:351 - Updater called before beeing initialized
2025-10-19 18:27:33,434 [ERROR] CADModel:125 - Updater not yet initialized, retry later 
2025-10-19 18:27:33,439 [FATAL] Updater:351 - Updater called before beeing initialized
2025-10-19 18:27:33,569 [FATAL] Updater:351 - Updater called before beeing initialized
2025-10-19 18:27:33,573 [INFO] DbMcusAds:53 - JSON generation date=Thu Oct 02 06:36:05 BRT 2025 (1759397765645)
2025-10-19 18:27:33,574 [FATAL] Updater:351 - Updater called before beeing initialized
2025-10-19 18:27:33,632 [WARN] DetailPanel:346 - Failed to get advertising image, set to default
2025-10-19 18:27:33,907 [FATAL] Updater:351 - Updater called before beeing initialized
2025-10-19 18:27:33,910 [FATAL] Updater:351 - Updater called before beeing initialized
2025-10-19 18:27:33,910 [FATAL] Updater:351 - Updater called before beeing initialized
2025-10-19 18:27:33,910 [WARN] DetailPanel:346 - Failed to get advertising image, set to default
2025-10-19 18:27:33,911 [FATAL] Updater:351 - Updater called before beeing initialized
2025-10-19 18:27:33,962 [ERROR] Updater:1198 - MainUpdater not yet initialized. External WinMGr cannot be set.
2025-10-19 18:27:33,964 [INFO] Updater:1134 - Updater Version found : 6.14.1
2025-10-19 18:27:33,984 [INFO] ApplicationProperties:184 - Using Application install path: C:\ST\STM32CubeIDE_1.18.0\STM32CubeIDE\plugins\com.st.stm32cube.common.mx_6.14.1.202504091515
2025-10-19 18:27:34,312 [INFO] MainUpdater:2872 - connection check result : 10
2025-10-19 18:27:34,312 [INFO] MainUpdater:3566 - Updater definition file requires update
2025-10-19 18:27:34,313 [INFO] MainUpdater:289 - Updater Check For Update Now.
2025-10-19 18:27:34,313 [INFO] MicroXplorer:498 - Change Database Version : DB.6.0.141
2025-10-19 18:27:34,319 [INFO] McuFinderGlobals:63 - Set McuFinder mode to 2 (CubeIDE integrated)
2025-10-19 18:27:34,320 [INFO] UserAuth:484 - Internet connection configuration mode: 1
2025-10-19 18:27:34,341 [INFO] JxBrowserEngine:152 - Initiate JxBrowser Engine with user profile folder
2025-10-19 18:27:34,420 [INFO] ServerAccessManage:473 - Download File updaters.zip
2025-10-19 18:27:34,488 [INFO] FileExtend:242 - Unzip File : updaters.zip
2025-10-19 18:27:34,489 [INFO] FileExtend:257 - Standard Zip Deflate
2025-10-19 18:27:34,902 [INFO] ServerAccessManage:473 - Download File PacksControlFlags.xml
2025-10-19 18:27:35,247 [WARN] MainUpdater:1193 - Updater busy. Cannot search thirdparties
2025-10-19 18:27:35,247 [INFO] ThirdPartyUpdaterWithRetryManager:96 - Updater plugin is busy. [1/15]
2025-10-19 18:27:35,408 [INFO] ServerAccessManage:473 - Download File cubemx.pidx
2025-10-19 18:27:36,145 [INFO] WebApp:169 - Instantiating new browser for Auth
2025-10-19 18:27:36,656 [INFO] ServerAccessManage:473 - Download File STMicroelectronics.X-CUBE-ST60.pdsc
2025-10-19 18:27:37,602 [WARN] PackLoader:240 - Cannot read IP mode file for STMicroelectronics.X-CUBE-ST60.1.1.0
2025-10-19 18:27:37,609 [INFO] PopulateThirdPartyThread:66 - Ending populate Thread
2025-10-19 18:27:37,611 [INFO] ThirdParty:1030 - CMSIS Pack Vendor :STMicroelectronics X-CUBE-ST60 1.1.0
2025-10-19 18:27:37,613 [INFO] LoadServerUpdatesThread:375 - End of LoadServerUpdate Thread
2025-10-19 18:27:37,617 [INFO] WebApp:463 - Apply proxy settings
2025-10-19 18:27:37,618 [INFO] WebApp:548 - Chromium requires no authentication
2025-10-19 18:27:37,639 [INFO] WebApp:491 - Direct internet connection detected
2025-10-19 18:27:37,685 [INFO] WebApp:894 - Register for checkConnection events
2025-10-19 18:27:37,685 [INFO] WebApp:463 - Apply proxy settings
2025-10-19 18:27:37,685 [INFO] WebApp:548 - Chromium requires no authentication
2025-10-19 18:27:37,686 [INFO] WebApp:491 - Direct internet connection detected
2025-10-19 18:27:37,749 [INFO] CheckServerUpdateThread:120 - End of CheckServer Thread
2025-10-19 18:27:37,920 [INFO] WebApp:191 - Connection restablished
2025-10-19 18:27:38,002 [INFO] WebApp:225 - Starting web application
2025-10-19 18:27:38,002 [INFO] WebApp:593 - Web application path used C:\ST\STM32CubeIDE_1.18.0\STM32CubeIDE\plugins\com.st.stm32cube.common.mx_6.14.1.202504091515\db\plugins\mcufinder\reactClient1\index.html
2025-10-19 18:27:38,171 [INFO] UserAuth:484 - Internet connection configuration mode: 1
2025-10-19 18:27:38,914 [WARN] PackLoader:240 - Cannot read IP mode file for STMicroelectronics.FP-SNS-MOTENVWB1.1.4.0
2025-10-19 18:27:38,926 [WARN] PackLoader:240 - Cannot read IP mode file for STMicroelectronics.FP-ATR-ASTRA1.2.0.2
2025-10-19 18:27:38,929 [WARN] PackLoader:240 - Cannot read IP mode file for STMicroelectronics.FP-ATR-ASTRA1.2.0.1
2025-10-19 18:27:38,941 [WARN] PackLoader:240 - Cannot read IP mode file for STMicroelectronics.X-CUBE-SMBUS.2.1.0
2025-10-19 18:27:38,953 [WARN] PackLoader:240 - Cannot read IP mode file for STMicroelectronics.X-CUBE-WB05N.1.1.0
2025-10-19 18:27:38,964 [WARN] PackLoader:240 - Cannot read IP mode file for STMicroelectronics.X-CUBE-ST60.1.0.0
2025-10-19 18:27:38,972 [WARN] PackLoader:240 - Cannot read IP mode file for STMicroelectronics.X-CUBE-TOUCHGFX.4.23.0
2025-10-19 18:27:38,977 [WARN] PackLoader:240 - Cannot read IP mode file for STMicroelectronics.X-CUBE-TOUCHGFX.4.23.2
2025-10-19 18:27:39,008 [WARN] PackLoader:240 - Cannot read IP mode file for STMicroelectronics.X-CUBE-AZRTOS-F7.1.1.0
2025-10-19 18:27:39,017 [WARN] PackLoader:240 - Cannot read IP mode file for STMicroelectronics.FP-SNS-MOTENV1.4.3.2
2025-10-19 18:27:39,102 [WARN] PackLoader:240 - Cannot read IP mode file for STMicroelectronics.X-CUBE-MEMS1.11.0.0
2025-10-19 18:27:39,279 [WARN] PackLoader:240 - Cannot read IP mode file for STMicroelectronics.FP-SNS-FLIGHT1.5.0.2
2025-10-19 18:27:39,301 [WARN] PackLoader:240 - Cannot read IP mode file for STMicroelectronics.X-CUBE-AZRTOS-H7.3.4.0
2025-10-19 18:27:39,315 [WARN] PackLoader:240 - Cannot read IP mode file for STMicroelectronics.X-CUBE-DISPLAY.3.0.0
2025-10-19 18:27:39,325 [WARN] PackLoader:240 - Cannot read IP mode file for STMicroelectronics.X-CUBE-BLE1.7.0.0
2025-10-19 18:27:39,335 [WARN] PackLoader:240 - Cannot read IP mode file for STMicroelectronics.X-CUBE-NFC10.1.0.0
2025-10-19 18:27:39,351 [WARN] PackLoader:240 - Cannot read IP mode file for STMicroelectronics.X-CUBE-BLEMGR.4.0.0
2025-10-19 18:27:39,360 [WARN] PackLoader:240 - Cannot read IP mode file for STMicroelectronics.X-CUBE-ST60.1.1.0
2025-10-19 18:27:39,367 [WARN] PackLoader:240 - Cannot read IP mode file for emotas.I-CUBE-CANOPEN.1.3.0
2025-10-19 18:27:39,379 [WARN] PackLoader:240 - Cannot read IP mode file for STMicroelectronics.X-CUBE-BLEMGR.3.1.0
2025-10-19 18:27:39,387 [WARN] PackLoader:240 - Cannot read IP mode file for STMicroelectronics.X-CUBE-AI.10.0.0
2025-10-19 18:27:39,396 [ERROR] Engine:466 - C:\Users\User\.stm32cubemx\thirdparties\pdsc\STMicroelectronics.FP-SNS-STBOX1.2.1.0.pdsc: PDSC version is not supported
2025-10-19 18:27:39,408 [WARN] PackLoader:240 - Cannot read IP mode file for STMicroelectronics.FP-SNS-SMARTAG2.1.2.0
2025-10-19 18:27:39,415 [WARN] PackLoader:240 - Cannot read IP mode file for STMicroelectronics.FP-SNS-FLIGHT1.5.1.0
2025-10-19 18:27:39,464 [WARN] PackLoader:240 - Cannot read IP mode file for STMicroelectronics.X-CUBE-MEMS1.11.1.0
2025-10-19 18:27:39,598 [INFO] LogOutputStream:77 - [STDOUT_REDIRECT] 1 : Invalid condition id : UX_CORESTACK_Condition cause : null
2025-10-19 18:27:39,598 [INFO] LogOutputStream:77 - [STDOUT_REDIRECT] 1 : Invalid condition id : UX_CORESTACK_Condition cause : null
2025-10-19 18:27:39,599 [INFO] LogOutputStream:77 - [STDOUT_REDIRECT] 1 : Invalid condition id : UX_CORESTACK_Condition cause : null
2025-10-19 18:27:39,601 [INFO] LogOutputStream:77 - [STDOUT_REDIRECT] 1 : Invalid condition id : UX_CORESTACK_Condition cause : null
2025-10-19 18:27:39,602 [INFO] LogOutputStream:77 - [STDOUT_REDIRECT] 1 : Invalid condition id : UX_CORESTACK_Condition cause : null
2025-10-19 18:27:39,608 [WARN] PackLoader:240 - Cannot read IP mode file for STMicroelectronics.X-CUBE-AZRTOS-WL.2.0.0
2025-10-19 18:27:39,613 [WARN] PackLoader:240 - Cannot read IP mode file for STMicroelectronics.FP-SNS-MOTENV1.5.0.0
2025-10-19 18:27:39,622 [WARN] PackLoader:240 - Cannot read IP mode file for wolfSSL.I-CUBE-wolfMQTT.1.19.0
2025-10-19 18:27:39,633 [WARN] PackLoader:240 - Cannot read IP mode file for WES.I-CUBE-Cesium.1.3.0
2025-10-19 18:27:39,643 [WARN] PackLoader:240 - Cannot read IP mode file for STMicroelectronics.X-CUBE-BLE2.3.3.0
2025-10-19 18:27:39,653 [WARN] PackLoader:240 - Cannot read IP mode file for STMicroelectronics.X-CUBE-NFC9.1.0.0
2025-10-19 18:27:39,661 [WARN] PackLoader:240 - Cannot read IP mode file for STMicroelectronics.X-CUBE-BLE1.7.1.0
2025-10-19 18:27:39,668 [WARN] PackLoader:240 - Cannot read IP mode file for STMicroelectronics.X-CUBE-TCPP.4.1.0
2025-10-19 18:27:39,680 [WARN] PackLoader:240 - Cannot read IP mode file for STMicroelectronics.X-CUBE-EEPRMA1.5.2.0
2025-10-19 18:27:39,686 [ERROR] Engine:466 - C:\Users\User\.stm32cubemx\thirdparties\pdsc\STMicroelectronics.X-CUBE-ST67W61.1.1.0.pdsc: PDSC version is not supported
2025-10-19 18:27:39,694 [WARN] PackLoader:240 - Cannot read IP mode file for STMicroelectronics.X-CUBE-AI.10.1.0
2025-10-19 18:27:39,701 [WARN] PackLoader:240 - Cannot read IP mode file for STMicroelectronics.X-CUBE-ALGOBUILD.1.3.0
2025-10-19 18:27:39,746 [WARN] PackLoader:240 - Cannot read IP mode file for STMicroelectronics.X-CUBE-MEMS1.11.2.0
2025-10-19 18:27:39,897 [WARN] PackLoader:240 - Cannot read IP mode file for STMicroelectronics.X-CUBE-AZRTOS-G0.1.1.0
2025-10-19 18:27:39,908 [WARN] PackLoader:240 - Cannot read IP mode file for STMicroelectronics.X-CUBE-SAFEA1.1.2.2
2025-10-19 18:27:39,915 [WARN] PackLoader:240 - Cannot read IP mode file for STMicroelectronics.X-CUBE-NFC4.3.0.0
2025-10-19 18:27:39,928 [WARN] PackLoader:240 - Cannot read IP mode file for EmbeddedOffice.I-CUBE-FS-RTOS.1.0.1
2025-10-19 18:27:39,932 [WARN] PackLoader:240 - Cannot read IP mode file for STMicroelectronics.X-CUBE-WB05N.2.0.0
2025-10-19 18:27:39,943 [WARN] PackLoader:240 - Cannot read IP mode file for STMicroelectronics.X-CUBE-BLEMGR.3.0.0
2025-10-19 18:27:39,955 [WARN] PackLoader:240 - Cannot read IP mode file for STMicroelectronics.X-CUBE-TCPP.4.2.0
2025-10-19 18:27:39,965 [WARN] PackLoader:240 - Cannot read IP mode file for RealThread.X-CUBE-RT-Thread_Nano.4.1.1
2025-10-19 18:27:39,976 [WARN] PackLoader:240 - Cannot read IP mode file for wolfSSL.I-CUBE-wolfSSL.5.7.0
2025-10-19 18:27:39,982 [WARN] PackLoader:240 - Cannot read IP mode file for STMicroelectronics.FP-ATR-SIGFOX1.3.2.0
2025-10-19 18:27:39,992 [WARN] ConditionMgr:438 - getConditionDescription Invalid condition id : Cortex-A Device cause : null
2025-10-19 18:27:40,010 [WARN] ConditionMgr:1044 - genDependencies : Invalid condition id : Cortex-A Device cause : null
2025-10-19 18:27:40,010 [WARN] ConditionMgr:1044 - genDependencies : Invalid condition id : Cortex-A Device cause : null
2025-10-19 18:27:40,010 [WARN] ConditionMgr:1044 - genDependencies : Invalid condition id : Cortex-A Device cause : null
2025-10-19 18:27:40,016 [WARN] PackLoader:240 - Cannot read IP mode file for STMicroelectronics.X-CUBE-EEPRMA1.5.1.0
2025-10-19 18:27:40,029 [WARN] PackLoader:240 - Cannot read IP mode file for ITTIA_DB.I-CUBE-ITTIADB.8.9.0
2025-10-19 18:27:40,039 [WARN] PackLoader:240 - Cannot read IP mode file for STMicroelectronics.X-CUBE-ST67W61.1.0.0
2025-10-19 18:27:40,045 [WARN] PackLoader:240 - Cannot read IP mode file for STMicroelectronics.X-CUBE-AI.10.2.0
2025-10-19 18:27:40,081 [WARN] PackLoader:240 - Cannot read IP mode file for SEGGER.I-CUBE-embOS.1.3.1
2025-10-19 18:27:40,126 [WARN] PackLoader:240 - Cannot read IP mode file for STMicroelectronics.X-CUBE-ALGOBUILD.1.4.0
2025-10-19 18:27:40,172 [WARN] PackLoader:240 - Cannot read IP mode file for STMicroelectronics.X-CUBE-MEMS1.11.3.0
2025-10-19 18:27:40,308 [WARN] PackLoader:240 - Cannot read IP mode file for STMicroelectronics.X-CUBE-AI.9.1.0
2025-10-19 18:27:40,314 [WARN] PackLoader:240 - Cannot read IP mode file for STMicroelectronics.X-CUBE-PM33A1.1.0.0
2025-10-19 18:27:40,322 [WARN] PackLoader:240 - Cannot read IP mode file for STMicroelectronics.X-CUBE-GNSS1.6.0.0
2025-10-19 18:27:40,344 [WARN] PackLoader:240 - Cannot read IP mode file for STMicroelectronics.X-CUBE-AZRTOS-F4.1.1.0
2025-10-19 18:27:40,355 [WARN] PackLoader:240 - Cannot read IP mode file for Avnet-IotConnect.X-CUBE-IoTC-DA16k-PMOD.1.0.0
2025-10-19 18:27:40,360 [WARN] PackLoader:240 - Cannot read IP mode file for STMicroelectronics.X-CUBE-ISPU.2.1.0
2025-10-19 18:27:40,365 [ERROR] Engine:466 - C:\Users\User\.stm32cubemx\thirdparties\pdsc\STMicroelectronics.X-CUBE-IPS.3.2.0.pdsc: PDSC version is not supported
2025-10-19 18:27:40,371 [WARN] PackLoader:240 - Cannot read IP mode file for STMicroelectronics.X-CUBE-FREERTOS.1.2.0
2025-10-19 18:27:40,378 [WARN] PackLoader:240 - Cannot read IP mode file for STMicroelectronics.X-CUBE-NFC12.1.0.0
2025-10-19 18:27:40,399 [WARN] PackLoader:240 - Cannot read IP mode file for STMicroelectronics.X-CUBE-AZRTOS-L5.2.0.0
2025-10-19 18:27:40,408 [WARN] PackLoader:240 - Cannot read IP mode file for STMicroelectronics.X-CUBE-EEPRMA1.4.2.0
2025-10-19 18:27:40,415 [WARN] PackLoader:240 - Cannot read IP mode file for STMicroelectronics.X-CUBE-NFC6.3.1.0
2025-10-19 18:27:40,424 [WARN] PackLoader:240 - Cannot read IP mode file for STMicroelectronics.X-CUBE-DPower.1.2.0
2025-10-19 18:27:40,431 [WARN] PackLoader:240 - Cannot read IP mode file for STMicroelectronics.X-CUBE-AI.9.0.0
2025-10-19 18:27:40,437 [WARN] PackLoader:240 - Cannot read IP mode file for STMicroelectronics.X-CUBE-FREERTOS.1.3.1
2025-10-19 18:27:40,443 [WARN] PackLoader:240 - Cannot read IP mode file for STMicroelectronics.X-CUBE-FREERTOS.1.3.0
2025-10-19 18:27:40,449 [WARN] PackLoader:240 - Cannot read IP mode file for STMicroelectronics.X-CUBE-NFC7.1.0.1
2025-10-19 18:27:40,455 [WARN] PackLoader:240 - Cannot read IP mode file for STMicroelectronics.X-CUBE-TOUCHGFX.4.26.0
2025-10-19 18:27:40,463 [WARN] PackLoader:240 - Cannot read IP mode file for STMicroelectronics.X-CUBE-NFC6.3.0.0
2025-10-19 18:27:40,473 [WARN] PackLoader:240 - Cannot read IP mode file for STMicroelectronics.X-CUBE-DPower.1.3.0
2025-10-19 18:27:40,478 [WARN] PackLoader:240 - Cannot read IP mode file for STMicroelectronics.X-CUBE-AI.8.1.0
2025-10-19 18:27:40,497 [WARN] ConditionMgr:438 - getConditionDescription Invalid condition id : LAN8742 Phy interface Condition cause : null
2025-10-19 18:27:40,498 [WARN] PackLoader:240 - Cannot read IP mode file for STMicroelectronics.X-CUBE-AZRTOS-L4.2.0.0
2025-10-19 18:27:40,499 [WARN] ConditionMgr:1044 - genDependencies : Invalid condition id : LAN8742 Phy interface Condition cause : null
2025-10-19 18:27:40,499 [WARN] ConditionMgr:1044 - genDependencies : Invalid condition id : LAN8742 Phy interface Condition cause : null
2025-10-19 18:27:40,500 [WARN] ConditionMgr:1044 - genDependencies : Invalid condition id : LAN8742 Phy interface Condition cause : null
2025-10-19 18:27:40,510 [WARN] PackLoader:240 - Cannot read IP mode file for STMicroelectronics.X-CUBE-SFXS2LP1.4.0.0
2025-10-19 18:27:40,532 [WARN] PackLoader:240 - Cannot read IP mode file for STMicroelectronics.X-CUBE-AZRTOS-H7.3.3.0
2025-10-19 18:27:40,547 [WARN] PackLoader:240 - Cannot read IP mode file for STMicroelectronics.X-CUBE-BLEMGR.4.1.0
2025-10-19 18:27:40,587 [WARN] PackLoader:240 - Cannot read IP mode file for STMicroelectronics.X-CUBE-IPS.3.0.0
2025-10-19 18:27:40,612 [WARN] ConditionMgr:438 - getConditionDescription Invalid condition id : UX DEVICE CLASS RTOS Condition cause : null
2025-10-19 18:27:40,613 [WARN] ConditionMgr:438 - getConditionDescription Invalid condition id : UX DEVICE CLASS RTOS Condition cause : null
2025-10-19 18:27:40,616 [WARN] PackLoader:240 - Cannot read IP mode file for STMicroelectronics.X-CUBE-AZRTOS-WB.2.0.0
2025-10-19 18:27:40,617 [WARN] ConditionMgr:1044 - genDependencies : Invalid condition id : UX DEVICE CLASS RTOS Condition cause : null
2025-10-19 18:27:40,618 [WARN] ConditionMgr:1044 - genDependencies : Invalid condition id : UX DEVICE CLASS RTOS Condition cause : null
2025-10-19 18:27:40,619 [WARN] ConditionMgr:1044 - genDependencies : Invalid condition id : UX DEVICE CLASS RTOS Condition cause : null
2025-10-19 18:27:40,619 [WARN] ConditionMgr:1044 - genDependencies : Invalid condition id : UX DEVICE CLASS RTOS Condition cause : null
2025-10-19 18:27:40,619 [WARN] ConditionMgr:1044 - genDependencies : Invalid condition id : UX DEVICE CLASS RTOS Condition cause : null
2025-10-19 18:27:40,629 [WARN] PackLoader:240 - Cannot read IP mode file for STMicroelectronics.X-CUBE-GNSS1.7.0.0
2025-10-19 18:27:40,637 [WARN] PackLoader:240 - Cannot read IP mode file for STMicroelectronics.X-CUBE-GNSS1.7.0.1
2025-10-19 18:27:40,643 [WARN] PackLoader:240 - Cannot read IP mode file for STMicroelectronics.X-CUBE-TOUCHGFX.4.25.0
2025-10-19 18:27:40,650 [WARN] PackLoader:240 - Cannot read IP mode file for STMicroelectronics.FP-SNS-STBOX1.2.0.0
2025-10-19 18:27:40,668 [WARN] PackLoader:240 - Cannot read IP mode file for STMicroelectronics.X-CUBE-SUBG2.5.0.0
2025-10-19 18:27:40,701 [WARN] PackLoader:240 - Cannot read IP mode file for STMicroelectronics.X-CUBE-AZRTOS-H7RS.1.1.0
2025-10-19 18:27:40,713 [WARN] PackLoader:240 - Cannot read IP mode file for Cesanta.I-CUBE-Mongoose.7.13.0
2025-10-19 18:27:40,729 [WARN] PackLoader:240 - Cannot read IP mode file for STMicroelectronics.X-CUBE-AZRTOS-G4.2.0.0
2025-10-19 18:27:40,737 [WARN] PackLoader:240 - Cannot read IP mode file for STMicroelectronics.X-CUBE-NFC7.2.0.0
2025-10-19 18:27:40,743 [WARN] PackLoader:240 - Cannot read IP mode file for STMicroelectronics.FP-SNS-MOTENVWB1.1.3.1
2025-10-19 18:27:40,747 [WARN] PackLoader:240 - Cannot read IP mode file for STMicroelectronics.X-CUBE-ISPU.2.0.0
2025-10-19 18:27:40,759 [WARN] PackLoader:240 - Cannot read IP mode file for STMicroelectronics.X-CUBE-IPS.3.1.0
2025-10-19 18:27:40,772 [WARN] PackLoader:240 - Cannot read IP mode file for STMicroelectronics.X-CUBE-ALS.1.0.2
2025-10-19 18:27:40,807 [WARN] PackLoader:240 - Cannot read IP mode file for STMicroelectronics.X-CUBE-MEMS1.10.0.0
2025-10-19 18:27:40,919 [WARN] PackLoader:240 - Cannot read IP mode file for STMicroelectronics.X-CUBE-FREERTOS.1.1.0
2025-10-19 18:27:40,924 [WARN] PackLoader:240 - Cannot read IP mode file for STMicroelectronics.X-CUBE-TOUCHGFX.4.24.0
2025-10-19 18:27:40,928 [WARN] PackLoader:240 - Cannot read IP mode file for STMicroelectronics.X-CUBE-TOUCHGFX.4.24.2
2025-10-19 18:27:40,931 [WARN] PackLoader:240 - Cannot read IP mode file for STMicroelectronics.X-CUBE-TOUCHGFX.4.24.1
2025-10-19 18:27:40,941 [WARN] PackLoader:240 - Cannot read IP mode file for STMicroelectronics.X-CUBE-STSE01.1.0.0
2025-10-19 18:27:40,946 [WARN] PackLoader:240 - Cannot read IP mode file for wolfSSL.I-CUBE-wolfTPM.3.4.0
2025-10-19 18:27:40,956 [WARN] PackLoader:240 - Cannot read IP mode file for portGmbH.I-Cube-SoM-uGOAL.1.1.0
2025-10-19 18:27:40,961 [WARN] PackLoader:240 - Cannot read IP mode file for STMicroelectronics.X-CUBE-ALS.1.0.1
2025-10-19 18:27:40,986 [WARN] PackLoader:240 - Cannot read IP mode file for STMicroelectronics.X-CUBE-AZRTOS-H7RS.1.0.0
2025-10-19 18:27:40,994 [WARN] PackLoader:240 - Cannot read IP mode file for STMicroelectronics.FP-ATR-ASTRA1.2.0.0
2025-10-19 18:27:41,011 [WARN] PackLoader:240 - Cannot read IP mode file for STMicroelectronics.X-CUBE-TOF1.3.4.2
2025-10-19 18:27:41,034 [WARN] PackLoader:240 - Cannot read IP mode file for STMicroelectronics.X-CUBE-TOF1.3.4.3
2025-10-19 18:27:41,055 [WARN] PackLoader:240 - Cannot read IP mode file for STMicroelectronics.X-CUBE-TOF1.3.4.0
2025-10-19 18:27:41,069 [WARN] PackLoader:240 - Cannot read IP mode file for STMicroelectronics.X-CUBE-TOF1.3.4.1
2025-10-19 18:27:41,098 [WARN] PackLoader:240 - Cannot read IP mode file for STMicroelectronics.X-CUBE-AZRTOS-H7.3.2.0
2025-10-19 18:27:41,115 [WARN] PackLoader:240 - Cannot read IP mode file for Infineon.AIROC-Wi-Fi-Bluetooth-STM32.1.6.0
2025-10-19 18:27:41,123 [WARN] PackLoader:240 - Cannot read IP mode file for wolfSSL.I-CUBE-wolfSSH.1.4.17
2025-10-19 18:27:41,123 [INFO] ThirdParty:978 - Integrity check success = true
2025-10-19 18:27:41,123 [INFO] IntegrityCheckThread:100 - exiting critical section [integrity check]
2025-10-19 18:27:41,124 [INFO] IntegrityCheckThread:103 - End integrity checks thread
2025-10-19 18:32:35,240 [INFO] McuFinderGlobals:63 - Set McuFinder mode to 2 (CubeIDE integrated)
2025-10-19 18:32:35,245 [INFO] MainUpdater:2872 - connection check result : 10
2025-10-19 18:32:35,249 [INFO] McuFinderGlobals:76 - Set McuFinderConnectedMode to true
2025-10-19 18:32:35,824 [INFO] ServerAccessManage:473 - Download File mcusAds.json._tmp_
2025-10-19 18:32:35,937 [INFO] LoadUrlFilesThread:156 - End of LoadUrlFiles Thread
2025-10-19 18:32:36,162 [INFO] ServerAccessManage:473 - Download File cube-finder-db.zip
2025-10-19 18:32:37,590 [INFO] FileExtend:242 - Unzip File : cube-finder-db.zip
2025-10-19 18:32:37,591 [INFO] FileExtend:257 - Standard Zip Deflate
2025-10-19 18:32:38,576 [INFO] LoadUrlFilesThread:156 - End of LoadUrlFiles Thread
2025-10-19 18:32:39,887 [INFO] ServerAccessManage:473 - Download File crdb.zip
2025-10-19 18:32:41,005 [INFO] FileExtend:242 - Unzip File : crdb.zip
2025-10-19 18:32:41,006 [INFO] FileExtend:257 - Standard Zip Deflate
2025-10-19 18:32:41,131 [INFO] LoadUrlFilesThread:156 - End of LoadUrlFiles Thread
2025-10-19 18:32:41,305 [INFO] ServerAccessManage:473 - Download File tutoVideoDB.zip
2025-10-19 18:32:41,310 [INFO] FileExtend:242 - Unzip File : tutoVideoDB.zip
2025-10-19 18:32:41,311 [INFO] FileExtend:257 - Standard Zip Deflate
2025-10-19 18:32:41,424 [INFO] LoadUrlFilesThread:156 - End of LoadUrlFiles Thread
2025-10-19 18:32:41,430 [WARN] DbFile:41 - Overriding database path with different value: C:\Users\User\.stmcufinder\plugins\mcufinder/ => C:\Users\User\.stmcufinder\plugins\mcufinder
2025-10-19 18:32:41,605 [INFO] ServerAccessManage:473 - Download File api_config.json
2025-10-19 18:32:41,720 [INFO] LoadUrlFilesThread:156 - End of LoadUrlFiles Thread
2025-10-19 18:32:41,721 [INFO] DbMcusAds:53 - JSON generation date=Thu Oct 02 06:36:05 BRT 2025 (1759397765645)
2025-10-19 18:32:41,773 [INFO] LoadUrlFilesThread:185 - End of LoadServerUrlFiles without Thread
2025-10-19 18:32:41,774 [INFO] TargetSelectorAdapter:259 - Refresh data is successful
2025-10-19 18:32:41,933 [INFO] ApiDb:581 - Connected to CubeFinder SQLite database (C:\Users\User\.stmcufinder\plugins\mcufinder\mcu\cube-finder-db.db)
2025-10-19 18:32:42,021 [INFO] ApiDb:668 - CubeFinder database Data Model version=2.1
2025-10-19 18:32:42,021 [INFO] ApiDb:669 - CubeFinder database Configuration version=3.0.39
2025-10-19 18:32:42,021 [INFO] ApiDb:670 - CubeFinder database generation date=2025-08-25 (1756130511)
2025-10-19 18:32:42,022 [INFO] ApiDb:671 - CubeFinder database FW Pack versions=[FP-ATR-ASTRA1_V2.0.0, FP-SNS-FLIGHT1_V5.1.0, FP-SNS-MOTENV1_V5.0.0, FP-SNS-MOTENVWB1_V1.4.0, FP-SNS-SMARTAG2_V1.2.0, FP-SNS-STBOX1_V2.1.0, STM32Cube_FW_C0_V1.4.0, STM32Cube_FW_F4_V1.28.3, STM32Cube_FW_F7_V1.17.4, STM32Cube_FW_G0_V1.6.2, STM32Cube_FW_G4_V1.6.1, STM32Cube_FW_H5_V1.5.0, STM32Cube_FW_H7RS_V1.2.0, STM32Cube_FW_H7_V1.12.1, STM32Cube_FW_L0_V1.12.2, STM32Cube_FW_L4_V1.18.1, STM32Cube_FW_L5_V1.5.1, STM32Cube_FW_N6_V1.2.0, STM32Cube_FW_U0_V1.3.0, STM32Cube_FW_U3_V1.2.0, STM32Cube_FW_U5_V1.8.0, STM32Cube_FW_WB0_V1.3.0, STM32Cube_FW_WBA_V1.7.0, STM32Cube_FW_WB_V1.23.0, STM32Cube_FW_WL3_V1.2.0, STM32Cube_FW_WL_V1.3.1, X-CUBE-ALGOBUILD_V1.4.0, X-CUBE-ALS_V1.0.2, X-CUBE-AZRTOS-F4_V1.1.0, X-CUBE-AZRTOS-F7_V1.1.0, X-CUBE-AZRTOS-G0_V1.1.0, X-CUBE-AZRTOS-G4_V2.0.0, X-CUBE-AZRTOS-H7RS_V1.1.0, X-CUBE-AZRTOS-H7_V3.4.0, X-CUBE-AZRTOS-L4_V2.0.0, X-CUBE-AZRTOS-L5_V2.0.0, X-CUBE-AZRTOS-WB_V2.0.0, X-CUBE-AZRTOS-WL_V2.0.0, X-CUBE-BLE1_V7.1.0, X-CUBE-BLE2_V3.3.0, X-CUBE-BLEMGR_V4.1.0, X-CUBE-EEPRMA1_V5.2.0, X-CUBE-FREERTOS_V1.3.1, X-CUBE-GNSS1_V6.0.0, X-CUBE-MEMS1_V11.3.0, X-CUBE-NFC4_V3.0.0, X-CUBE-NFC7_V2.0.0, X-CUBE-SFXS2LP1_V4.0.0, X-CUBE-ST67W61_V1.0.0, X-CUBE-SUBG2_V5.0.0, X-CUBE-TOF1_V3.4.3]
2025-10-19 18:32:44,542 [INFO] ApiDb:240 - Found 895 in-development CPN: [B-G473E-ZEST1S, B-WB1M-WPAN1, B-WBA5M-WPAN, B-WL5M-SUBG1, NUCLEO-C031C6, NUCLEO-C051C8, NUCLEO-C071RB, NUCLEO-C092RC, NUCLEO-H503RB, NUCLEO-H533RE, NUCLEO-H563ZI, NUCLEO-H7S3L8, NUCLEO-N657X0-Q, NUCLEO-U031R8, NUCLEO-U083RC, NUCLEO-U385RG-Q, NUCLEO-U545RE-Q, NUCLEO-U5A5ZJ-Q, NUCLEO-WB05KZ, NUCLEO-WB07CC, NUCLEO-WB09KE, NUCLEO-WBA52CG, NUCLEO-WBA55CG, NUCLEO-WBA65RI, NUCLEO-WL33CC1, NUCLEO-WL33CC2, STEVAL-PROTEUS1, STEVAL-SMARTAG2, STEVAL-STWINBX1, STM320518-EVAL, STM32C0116-DK, STM32C011D6Y3TR, STM32C011D6Y6TR, STM32C011F4P3, STM32C011F4P6, STM32C011F4U3, STM32C011F4U6TR, STM32C011F6P3, STM32C011F6P6, STM32C011F6U3, STM32C011F6U6TR, STM32C011J4M3, STM32C011J4M6, STM32C011J6M3, STM32C011J6M6, STM32C0316-DK, STM32C031C4T3, STM32C031C4T6, STM32C031C4U3, STM32C031C4U6, STM32C031C6T3, STM32C031C6T6, STM32C031C6U3, STM32C031C6U6, STM32C031F4P3, STM32C031F4P6, STM32C031F6P3, STM32C031F6P6, STM32C031G4U3, STM32C031G4U6, STM32C031G6U3, STM32C031G6U6, STM32C031K4T3, STM32C031K4T6, STM32C031K4U3, STM32C031K4U6, STM32C031K6T3, STM32C031K6T6, STM32C031K6U3, STM32C031K6U6, STM32C051C6T6, STM32C051C6U6, STM32C051C8T6, STM32C051C8U6, STM32C051D8Y6TR, STM32C051F6P6, STM32C051F8P6, STM32C051G6U6, STM32C051G8U6, STM32C051K6T6, STM32C051K6U6, STM32C051K8T6, STM32C071C8T6, STM32C071C8T6N, STM32C071C8U6, STM32C071C8U6N, STM32C071CBT6, STM32C071CBT6N, STM32C071CBU6, STM32C071CBU6N, STM32C071F8P6, STM32C071F8P6N, STM32C071FBP6, STM32C071FBP6N, STM32C071FBY6TR, STM32C071G8U6, STM32C071G8U6N, STM32C071GBU6, STM32C071GBU6N, STM32C071K8T6, STM32C071K8T6N, STM32C071K8U6, STM32C071K8U6N, STM32C071KBT6, STM32C071KBT6N, STM32C071KBU6, STM32C071KBU6N, STM32C071R8T6, STM32C071R8T6N, STM32C071RBI6N, STM32C071RBT6, STM32C071RBT6N, STM32C091CBT6, STM32C091CBU6, STM32C091CCT6, STM32C091CCU6, STM32C091ECY6TR, STM32C091FBP6, STM32C091FCP6, STM32C091GBU6, STM32C091GCU6, STM32C091KBT6, STM32C091KBU6, STM32C091KCT6, STM32C091KCU6, STM32C091RBT6, STM32C091RCI6, STM32C091RCT6, STM32C092CBT6, STM32C092CBU6, STM32C092CCT6, STM32C092CCU6, STM32C092ECY6TR, STM32C092FBP6, STM32C092FCP6, STM32C092GBU6, STM32C092GCU6, STM32C092KBT6, STM32C092KBU6, STM32C092KCT6, STM32C092KCU6, STM32C092RBT6, STM32C092RCI6, STM32C092RCT6, STM32G071K8TXN, STM32G071K8UXN, STM32G081GBU6N, STM32G081KBT6N, STM32G081KBUXN, STM32G0B1CCT6N, STM32G0B1KCT6, STM32G0B1NEY6TR, STM32G0B1RCT6N, STM32G0C1CCT6, STM32G0C1CCT6N, STM32G0C1CCU6N, STM32G0C1CET6N, STM32G0C1CEU6N, STM32G0C1KCT6, STM32G0C1NEY6TR, STM32G0C1RCI6N, STM32G0C1RCT6N, STM32G0C1REI6N, STM32G0C1RET6N, STM32G0C1VCI6, STM32G0C1VEI6, STM32G411C6T3, STM32G411C6T6, STM32G411C6U3, STM32G411C6U6, STM32G411C8T3, STM32G411C8T6, STM32G411C8U3, STM32G411C8U6, STM32G411CBT3, STM32G411CBT6, STM32G411CBU3, STM32G411CBU6, STM32G411CCT3, STM32G411CCT6, STM32G411CCU3, STM32G411CCU6, STM32G411K6T3, STM32G411K6T6, STM32G411K6U3, STM32G411K6U6, STM32G411K8T3, STM32G411K8T6, STM32G411K8U3, STM32G411K8U6, STM32G411KBT3, STM32G411KBT6, STM32G411KBU3, STM32G411KBU6, STM32G411M6T3, STM32G411M6T6, STM32G411M8T3, STM32G411M8T6, STM32G411MBT3, STM32G411MBT6, STM32G411MCT3, STM32G411MCT6, STM32G411R6T3, STM32G411R6T6, STM32G411R8T3, STM32G411R8T6, STM32G411RBT3, STM32G411RBT6, STM32G411RCT3, STM32G411RCT6, STM32G414CBT3, STM32G414CBT6, STM32G414CBU3, STM32G414CBU6, STM32G414CCT3, STM32G414CCT6, STM32G414CCU3, STM32G414CCU6, STM32G414MBT3, STM32G414MBT6, STM32G414MCT3, STM32G414MCT6, STM32G414RBT3, STM32G414RBT6, STM32G414RCT3, STM32G414RCT6, STM32G414VBT3, STM32G414VBT6, STM32G414VCT3, STM32G414VCT6, STM32G431CBT3Z, STM32G431RBT3Z, STM32G471CCT6, STM32G471CCU6, STM32G471CET3, STM32G471CET6, STM32G471CEU3, STM32G471CEU6, STM32G471MCT6, STM32G471MET3, STM32G471MET6, STM32G471MEY6TR, STM32G471QCT6, STM32G471QET3, STM32G471RCT6, STM32G471RET3, STM32G471RET6, STM32G471VCH6, STM32G471VCI6, STM32G471VCT6, STM32G471VEH3, STM32G471VEH6, STM32G471VEI3, STM32G471VEI6, STM32G471VET3, STM32G471VET6, STM32G473QET3Z, STM32G473RET3Z, STM32G474CCT6, STM32G491RET3Z, STM32H503CBT6, STM32H503CBU6, STM32H503EBY6TR, STM32H503KBU6, STM32H503RBT6, STM32H523CCT6, STM32H523CCU6, STM32H523CET6, STM32H523CEU6, STM32H523HEY6TR, STM32H523RCT6, STM32H523RET6, STM32H523VCI6, STM32H523VCT6, STM32H523VEI6, STM32H523VET6, STM32H523ZCJ6, STM32H523ZCT6, STM32H523ZEJ6, STM32H523ZET6, STM32H533CET6, STM32H533CEU6, STM32H533HEY6TR, STM32H533RET6, STM32H533VEI6, STM32H533VET6, STM32H533ZEJ6, STM32H533ZET6, STM32H562AGI6, STM32H562AII6, STM32H562IGK6, STM32H562IGT6, STM32H562IIK6, STM32H562IIT6, STM32H562RGT6, STM32H562RGV6, STM32H562RIT6, STM32H562RIV6, STM32H562VGT6, STM32H562VIT6, STM32H562ZGT6, STM32H562ZIT6, STM32H563AGI6, STM32H563AII3Q, STM32H563AII6, STM32H563IGK6, STM32H563IGT6, STM32H563IIK3Q, STM32H563IIK6, STM32H563IIT3Q, STM32H563IIT6, STM32H563MIY3QTR, STM32H563RGT6, STM32H563RGV6, STM32H563RIT6, STM32H563RIV6, STM32H563VGT6, STM32H563VIT3Q, STM32H563VIT6, STM32H563ZGT6, STM32H563ZIT3Q, STM32H563ZIT6, STM32H573AII3Q, STM32H573AII6, STM32H573I-DK, STM32H573IIK3Q, STM32H573IIK6, STM32H573IIT3Q, STM32H573IIT6, STM32H573MIY3QTR, STM32H573RIT6, STM32H573RIV6, STM32H573VIT3Q, STM32H573VIT6, STM32H573ZIT3Q, STM32H573ZIT6, STM32H7R3A8I6, STM32H7R3I8K6, STM32H7R3I8T6, STM32H7R3L8H6, STM32H7R3L8H6H, STM32H7R3R8V6, STM32H7R3V8H6, STM32H7R3V8T6, STM32H7R3V8Y6TR, STM32H7R3Z8J6, STM32H7R3Z8T6, STM32H7R7A8I6, STM32H7R7I8K6, STM32H7R7I8T6, STM32H7R7L8H6, STM32H7R7L8H6H, STM32H7R7Z8J6, STM32H7S3A8I6, STM32H7S3I8K6, STM32H7S3I8T6, STM32H7S3L8H6, STM32H7S3L8H6H, STM32H7S3R8V6, STM32H7S3V8H6, STM32H7S3V8T6, STM32H7S3V8Y6TR, STM32H7S3Z8J6, STM32H7S3Z8T6, STM32H7S78-DK, STM32H7S7A8I6, STM32H7S7I8K6, STM32H7S7I8T6, STM32H7S7L8H6, STM32H7S7L8H6H, STM32H7S7Z8J6, STM32L4R5QGI6STR, STM32MP131AAE3, STM32MP131AAF3, STM32MP131AAG3, STM32MP131CAE3, STM32MP131CAF3, STM32MP131CAG3, STM32MP131DAE7, STM32MP131DAF7, STM32MP131DAG7, STM32MP131FAE7, STM32MP131FAF7, STM32MP131FAG7, STM32MP133AAE3, STM32MP133AAF3, STM32MP133AAG3, STM32MP133CAE3, STM32MP133CAF3, STM32MP133CAG3, STM32MP133DAE7, STM32MP133DAF7, STM32MP133DAG7, STM32MP133FAE7, STM32MP133FAF7, STM32MP133FAG7, STM32MP135AAE3, STM32MP135AAF3, STM32MP135AAG3, STM32MP135CAE3, STM32MP135CAF3, STM32MP135CAG3, STM32MP135DAE7, STM32MP135DAF7, STM32MP135DAG7, STM32MP135F-DK, STM32MP135FAE7, STM32MP135FAF7, STM32MP135FAF7T, STM32MP135FAF7U, STM32MP135FAG7, STM32MP231AAJ3, STM32MP231AAK3, STM32MP231AAL3, STM32MP231CAJ3, STM32MP231CAK3, STM32MP231CAL3, STM32MP231DAJ3, STM32MP231DAK3, STM32MP231DAL3, STM32MP231FAJ3, STM32MP231FAK3, STM32MP231FAL3, STM32MP233AAJ3, STM32MP233AAK3, STM32MP233AAL3, STM32MP233CAJ3, STM32MP233CAK3, STM32MP233CAL3, STM32MP233DAJ3, STM32MP233DAK3, STM32MP233DAL3, STM32MP233FAJ3, STM32MP233FAK3, STM32MP233FAL3, STM32MP235AAJ3, STM32MP235AAK3, STM32MP235AAL3, STM32MP235CAJ3, STM32MP235CAK3, STM32MP235CAL3, STM32MP235DAJ3, STM32MP235DAK3, STM32MP235DAL3, STM32MP235FAJ3, STM32MP235FAK3, STM32MP235FAL3, STM32MP251AAI3, STM32MP251AAJ3, STM32MP251AAK3, STM32MP251AAL3, STM32MP251CAI3, STM32MP251CAJ3, STM32MP251CAK3, STM32MP251CAL3, STM32MP251DAI3, STM32MP251DAJ3, STM32MP251DAK3, STM32MP251DAL3, STM32MP251FAI3, STM32MP251FAJ3, STM32MP251FAK3, STM32MP251FAL3, STM32MP253AAI3, STM32MP253AAJ3, STM32MP253AAK3, STM32MP253AAL3, STM32MP253CAI3, STM32MP253CAJ3, STM32MP253CAK3, STM32MP253CAL3, STM32MP253DAI3, STM32MP253DAJ3, STM32MP253DAK3, STM32MP253DAL3, STM32MP253FAI3, STM32MP253FAJ3, STM32MP253FAK3, STM32MP253FAL3, STM32MP255AAI3, STM32MP255AAJ3, STM32MP255AAK3, STM32MP255AAL3, STM32MP255CAI3, STM32MP255CAJ3, STM32MP255CAK3, STM32MP255CAL3, STM32MP255DAI3, STM32MP255DAJ3, STM32MP255DAK3, STM32MP255DAL3, STM32MP255FAI3, STM32MP255FAJ3, STM32MP255FAK3, STM32MP255FAL3, STM32MP257AAI3, STM32MP257AAJ3, STM32MP257AAK3, STM32MP257AAL3, STM32MP257CAI3, STM32MP257CAJ3, STM32MP257CAK3, STM32MP257CAL3, STM32MP257DAI3, STM32MP257DAJ3, STM32MP257DAK3, STM32MP257DAL3, STM32MP257F-DK, STM32MP257F-EV1, STM32MP257FAI3, STM32MP257FAJ3, STM32MP257FAK3, STM32MP257FAL3, STM32N645A0H3Q, STM32N645B0H3Q, STM32N645I0H3Q, STM32N645L0H3Q, STM32N645X0H3Q, STM32N645Z0H3Q, STM32N647A0H3Q, STM32N647B0H3Q, STM32N647I0H3Q, STM32N647L0H3Q, STM32N647X0H3Q, STM32N647Z0H3Q, STM32N655A0H3Q, STM32N655B0H3Q, STM32N655I0H3Q, STM32N655L0H3Q, STM32N655X0H3Q, STM32N655Z0H3Q, STM32N6570-DK, STM32N657A0H3Q, STM32N657B0H3Q, STM32N657I0H3Q, STM32N657L0H3Q, STM32N657X0H3Q, STM32N657Z0H3Q, STM32U031C6T6, STM32U031C6U6, STM32U031C8T6, STM32U031C8U6, STM32U031F4P6, STM32U031F6P6, STM32U031F8P6, STM32U031G6Y6TR, STM32U031G8Y6TR, STM32U031K4U6, STM32U031K6U6, STM32U031K8U6, STM32U031R6I6, STM32U031R6T6, STM32U031R8I6, STM32U031R8T6, STM32U073C8T6, STM32U073C8U6, STM32U073CBT6, STM32U073CBU6, STM32U073CCT6, STM32U073CCU6, STM32U073H8Y6TR, STM32U073HBY6TR, STM32U073HCY6TR, STM32U073K8U6, STM32U073KBU6, STM32U073KCU6, STM32U073M8I6, STM32U073M8T6, STM32U073MBI6, STM32U073MBT6, STM32U073MCI6, STM32U073MCT6, STM32U073R8I6, STM32U073R8T6, STM32U073RBI6, STM32U073RBT6, STM32U073RCI6, STM32U073RCT6, STM32U083C-DK, STM32U083CCT6, STM32U083CCU6, STM32U083HCY6TR, STM32U083KCU6, STM32U083MCI6, STM32U083MCT6, STM32U083RCI6, STM32U083RCT6, STM32U375CET6, STM32U375CET6Q, STM32U375CEU6, STM32U375CEU6Q, STM32U375CEY6QTR, STM32U375CGT6, STM32U375CGT6Q, STM32U375CGU6, STM32U375CGU6Q, STM32U375CGY6QTR, STM32U375KEU6, STM32U375KGU6, STM32U375REI6, STM32U375REI6Q, STM32U375RET6, STM32U375RET6Q, STM32U375REY6GTR, STM32U375REY6QTR, STM32U375RGI6, STM32U375RGI6Q, STM32U375RGT6, STM32U375RGT6Q, STM32U375RGY6GTR, STM32U375RGY6QTR, STM32U375VEI6, STM32U375VEI6Q, STM32U375VET6, STM32U375VET6Q, STM32U375VGI6, STM32U375VGI6Q, STM32U375VGT6, STM32U375VGT6Q, STM32U385CGT6, STM32U385CGT6Q, STM32U385CGU6, STM32U385CGU6Q, STM32U385CGY6QTR, STM32U385KGU6, STM32U385RGI6, STM32U385RGI6Q, STM32U385RGT6, STM32U385RGT6Q, STM32U385RGY6GTR, STM32U385RGY6QTR, STM32U385VGI6, STM32U385VGI6Q, STM32U385VGT6, STM32U385VGT6Q, STM32U535CBT6, STM32U535CBT6Q, STM32U535CBU6, STM32U535CBU6Q, STM32U535CCT6, STM32U535CCT6Q, STM32U535CCU6, STM32U535CCU6Q, STM32U535CET6, STM32U535CET6Q, STM32U535CEU6, STM32U535CEU6Q, STM32U535JEY6QTR, STM32U535NCY6QTR, STM32U535NEY6QTR, STM32U535RBI6, STM32U535RBI6Q, STM32U535RBT6, STM32U535RBT6Q, STM32U535RCI6, STM32U535RCI6Q, STM32U535RCT6, STM32U535RCT6Q, STM32U535REI6, STM32U535REI6Q, STM32U535RET6, STM32U535RET6Q, STM32U535VCI6, STM32U535VCI6Q, STM32U535VCT6, STM32U535VCT6Q, STM32U535VEI6, STM32U535VEI6Q, STM32U535VET6, STM32U535VET6Q, STM32U545CET6, STM32U545CET6Q, STM32U545CEU6, STM32U545CEU6Q, STM32U545JEY6QTR, STM32U545NEY6QTR, STM32U545REI6, STM32U545REI6Q, STM32U545RET6, STM32U545RET6Q, STM32U545VEI6, STM32U545VEI6Q, STM32U545VET6, STM32U545VET6Q, STM32U595AIH6, STM32U595AIH6Q, STM32U595AJH6, STM32U595AJH6Q, STM32U595QII6, STM32U595QII6Q, STM32U595QJI6, STM32U595QJI6Q, STM32U595RIT6, STM32U595RIT6Q, STM32U595RJT6, STM32U595RJT6Q, STM32U595VIT6, STM32U595VIT6Q, STM32U595VJT6, STM32U595VJT6Q, STM32U595ZIT6, STM32U595ZIT6Q, STM32U595ZIY6QTR, STM32U595ZJT6, STM32U595ZJT6Q, STM32U595ZJY6QTR, STM32U599BJY6QTR, STM32U599NIH6Q, STM32U599NJH6Q, STM32U599VIT6Q, STM32U599VJT6, STM32U599VJT6Q, STM32U599ZIT6Q, STM32U599ZIY6QTR, STM32U599ZJT6Q, STM32U599ZJY6QTR, STM32U5A5AJH6, STM32U5A5AJH6Q, STM32U5A5QII3Q , STM32U5A5QJI6, STM32U5A5QJI6Q, STM32U5A5RJT6, STM32U5A5RJT6Q, STM32U5A5VJT6, STM32U5A5VJT6Q, STM32U5A5ZJT6, STM32U5A5ZJT6Q, STM32U5A5ZJY6QTR, STM32U5A9BJY6QTR, STM32U5A9J-DK, STM32U5A9NJH6Q, STM32U5A9VJT6Q, STM32U5A9ZJT6Q, STM32U5A9ZJY6QTR, STM32U5F7VIT6, STM32U5F7VIT6Q, STM32U5F7VJT6, STM32U5F7VJT6Q, STM32U5F9BJY6QTR, STM32U5F9NJH6Q, STM32U5F9VIT6Q, STM32U5F9VJT6Q, STM32U5F9ZIJ6QTR, STM32U5F9ZIT6Q, STM32U5F9ZJJ6QTR, STM32U5F9ZJT6Q, STM32U5G7VJT6, STM32U5G7VJT6Q, STM32U5G9BJY6QTR, STM32U5G9J-DK1, STM32U5G9J-DK2, STM32U5G9NJH6Q, STM32U5G9VJT6Q, STM32U5G9ZJJ6QTR, STM32U5G9ZJT6Q, STM32WB05KZV6TR, STM32WB05KZV7TR, STM32WB05TZF6TR, STM32WB05TZF7TR, STM32WB06CCF6TR, STM32WB06CCF7TR, STM32WB06CCV6TR, STM32WB06CCV7TR, STM32WB06KCV6TR, STM32WB06KCV7TR, STM32WB07CCF6TR, STM32WB07CCF7TR, STM32WB07CCV6TR, STM32WB07CCV7TR, STM32WB07KCV6TR, STM32WB07KCV7TR, STM32WB09KEV6TR, STM32WB09KEV7TR, STM32WB09TEF6TR, STM32WB09TEF7TR, STM32WB1MMCH6, STM32WBA50KGU6, STM32WBA50KGU6TR, STM32WBA52CEU6, STM32WBA52CEU6TR, STM32WBA52CEU7, STM32WBA52CEU7TR, STM32WBA52CGU6, STM32WBA52CGU6TR, STM32WBA52CGU6U, STM32WBA52CGU7, STM32WBA52CGU7TR, STM32WBA52KEU6, STM32WBA52KEU6TR, STM32WBA52KGU6, STM32WBA52KGU6TR, STM32WBA54CEU6, STM32WBA54CEU6TR, STM32WBA54CEU7, STM32WBA54CEU7TR, STM32WBA54CGU6, STM32WBA54CGU6TR, STM32WBA54CGU7, STM32WBA54CGU7TR, STM32WBA54KEU6, STM32WBA54KEU6TR, STM32WBA54KEU7, STM32WBA54KEU7TR, STM32WBA54KGU6, STM32WBA54KGU6TR, STM32WBA54KGU7, STM32WBA54KGU7TR, STM32WBA55CEU6, STM32WBA55CEU6TR, STM32WBA55CEU7, STM32WBA55CEU7TR, STM32WBA55CGU6, STM32WBA55CGU6TR, STM32WBA55CGU6U, STM32WBA55CGU7, STM32WBA55CGU7TR, STM32WBA55G-DK1, STM32WBA55HEF6, STM32WBA55HEF7, STM32WBA55HGF6, STM32WBA55HGF7, STM32WBA55UEI6, STM32WBA55UEI6TR, STM32WBA55UEI7, STM32WBA55UEI7TR, STM32WBA55UGI6, STM32WBA55UGI6TR, STM32WBA55UGI7, STM32WBA55UGI7TR, STM32WBA5MJGH6TR, STM32WBA62CGU6, STM32WBA62CIU6, STM32WBA62MGF6, STM32WBA62MIF6, STM32WBA62PGI6, STM32WBA62PII6, STM32WBA63CGU6, STM32WBA63CGU7, STM32WBA63CIU6, STM32WBA63CIU7, STM32WBA64CGU6, STM32WBA64CGU7, STM32WBA64CIU6, STM32WBA64CIU7, STM32WBA65CGU6, STM32WBA65CGU7, STM32WBA65CIU6, STM32WBA65CIU7, STM32WBA65I-DK1, STM32WBA65MGF6, STM32WBA65MGF7, STM32WBA65MIF6, STM32WBA65MIF7, STM32WBA65PGI6, STM32WBA65PGI7, STM32WBA65PII6, STM32WBA65PII7, STM32WBA65RGV6, STM32WBA65RGV7, STM32WBA65RIV6, STM32WBA65RIV7, STM32WL30K8V6, STM32WL30KBV6, STM32WL31C8V6, STM32WL31CBV6, STM32WL31K8V6, STM32WL31KBV6, STM32WL33C8V6, STM32WL33C8V6TR, STM32WL33C8V7, STM32WL33C8V7TR, STM32WL33CBV6, STM32WL33CBV6TR, STM32WL33CBV7, STM32WL33CBV7TR, STM32WL33CCV6, STM32WL33CCV6TR, STM32WL33CCV7, STM32WL33CCV7A, STM32WL33CCV7ATR, STM32WL33CCV7TR, STM32WL33K8V6, STM32WL33K8V6TR, STM32WL33K8V7, STM32WL33K8V7TR, STM32WL33KBV6, STM32WL33KBV6TR, STM32WL33KBV7, STM32WL33KBV7TR, STM32WL33KCV6, STM32WL33KCV6TR, STM32WL33KCV7, STM32WL33KCV7TR, STM32WL5MOCH6, STM32WL5MOCH6TR]
2025-10-19 18:32:44,549 [INFO] DbMcus:218 - Found 4747 MCUs, 4747 are supported
2025-10-19 18:32:44,551 [INFO] ApiDb:423 - Load user favorites file C:\Users\User/.stm32cubeide/favorites.mcus.txt: 1 item(s)
2025-10-19 18:32:44,552 [INFO] ApiDb:427 - User favorites MCUs=[STM32F103C8T6]
2025-10-19 18:32:44,553 [INFO] DbMcus:224 - Set 1 / 1 favorites MCUs
2025-10-19 18:32:45,100 [INFO] ApiDb:668 - CubeFinder database Data Model version=2.1
2025-10-19 18:32:45,100 [INFO] ApiDb:669 - CubeFinder database Configuration version=3.0.39
2025-10-19 18:32:45,100 [INFO] ApiDb:670 - CubeFinder database generation date=2025-08-25 (1756130511)
2025-10-19 18:32:45,101 [INFO] ApiDb:671 - CubeFinder database FW Pack versions=[FP-ATR-ASTRA1_V2.0.0, FP-SNS-FLIGHT1_V5.1.0, FP-SNS-MOTENV1_V5.0.0, FP-SNS-MOTENVWB1_V1.4.0, FP-SNS-SMARTAG2_V1.2.0, FP-SNS-STBOX1_V2.1.0, STM32Cube_FW_C0_V1.4.0, STM32Cube_FW_F4_V1.28.3, STM32Cube_FW_F7_V1.17.4, STM32Cube_FW_G0_V1.6.2, STM32Cube_FW_G4_V1.6.1, STM32Cube_FW_H5_V1.5.0, STM32Cube_FW_H7RS_V1.2.0, STM32Cube_FW_H7_V1.12.1, STM32Cube_FW_L0_V1.12.2, STM32Cube_FW_L4_V1.18.1, STM32Cube_FW_L5_V1.5.1, STM32Cube_FW_N6_V1.2.0, STM32Cube_FW_U0_V1.3.0, STM32Cube_FW_U3_V1.2.0, STM32Cube_FW_U5_V1.8.0, STM32Cube_FW_WB0_V1.3.0, STM32Cube_FW_WBA_V1.7.0, STM32Cube_FW_WB_V1.23.0, STM32Cube_FW_WL3_V1.2.0, STM32Cube_FW_WL_V1.3.1, X-CUBE-ALGOBUILD_V1.4.0, X-CUBE-ALS_V1.0.2, X-CUBE-AZRTOS-F4_V1.1.0, X-CUBE-AZRTOS-F7_V1.1.0, X-CUBE-AZRTOS-G0_V1.1.0, X-CUBE-AZRTOS-G4_V2.0.0, X-CUBE-AZRTOS-H7RS_V1.1.0, X-CUBE-AZRTOS-H7_V3.4.0, X-CUBE-AZRTOS-L4_V2.0.0, X-CUBE-AZRTOS-L5_V2.0.0, X-CUBE-AZRTOS-WB_V2.0.0, X-CUBE-AZRTOS-WL_V2.0.0, X-CUBE-BLE1_V7.1.0, X-CUBE-BLE2_V3.3.0, X-CUBE-BLEMGR_V4.1.0, X-CUBE-EEPRMA1_V5.2.0, X-CUBE-FREERTOS_V1.3.1, X-CUBE-GNSS1_V6.0.0, X-CUBE-MEMS1_V11.3.0, X-CUBE-NFC4_V3.0.0, X-CUBE-NFC7_V2.0.0, X-CUBE-SFXS2LP1_V4.0.0, X-CUBE-ST67W61_V1.0.0, X-CUBE-SUBG2_V5.0.0, X-CUBE-TOF1_V3.4.3]
2025-10-19 18:32:45,156 [INFO] DbBoardsSqlite:226 - include board P-NUCLEO-WB55-NUCLEO as a kit item of type 'Nucleo-64'
2025-10-19 18:32:45,156 [INFO] DbBoardsSqlite:226 - include board P-NUCLEO-WB55-USBDONGLE as a kit item of type 'Nucleo USB Dongle'
2025-10-19 18:32:45,156 [INFO] DbBoardsSqlite:226 - include board STEVAL-IDP005V1 as a kit item of type 'Evaluation Board'
2025-10-19 18:32:45,157 [INFO] DbBoardsSqlite:226 - include board STEVAL-IDP005V2 as a kit item of type 'Evaluation Board'
2025-10-19 18:32:45,223 [INFO] ApiDb:240 - Found 895 in-development CPN: [B-G473E-ZEST1S, B-WB1M-WPAN1, B-WBA5M-WPAN, B-WL5M-SUBG1, NUCLEO-C031C6, NUCLEO-C051C8, NUCLEO-C071RB, NUCLEO-C092RC, NUCLEO-H503RB, NUCLEO-H533RE, NUCLEO-H563ZI, NUCLEO-H7S3L8, NUCLEO-N657X0-Q, NUCLEO-U031R8, NUCLEO-U083RC, NUCLEO-U385RG-Q, NUCLEO-U545RE-Q, NUCLEO-U5A5ZJ-Q, NUCLEO-WB05KZ, NUCLEO-WB07CC, NUCLEO-WB09KE, NUCLEO-WBA52CG, NUCLEO-WBA55CG, NUCLEO-WBA65RI, NUCLEO-WL33CC1, NUCLEO-WL33CC2, STEVAL-PROTEUS1, STEVAL-SMARTAG2, STEVAL-STWINBX1, STM320518-EVAL, STM32C0116-DK, STM32C011D6Y3TR, STM32C011D6Y6TR, STM32C011F4P3, STM32C011F4P6, STM32C011F4U3, STM32C011F4U6TR, STM32C011F6P3, STM32C011F6P6, STM32C011F6U3, STM32C011F6U6TR, STM32C011J4M3, STM32C011J4M6, STM32C011J6M3, STM32C011J6M6, STM32C0316-DK, STM32C031C4T3, STM32C031C4T6, STM32C031C4U3, STM32C031C4U6, STM32C031C6T3, STM32C031C6T6, STM32C031C6U3, STM32C031C6U6, STM32C031F4P3, STM32C031F4P6, STM32C031F6P3, STM32C031F6P6, STM32C031G4U3, STM32C031G4U6, STM32C031G6U3, STM32C031G6U6, STM32C031K4T3, STM32C031K4T6, STM32C031K4U3, STM32C031K4U6, STM32C031K6T3, STM32C031K6T6, STM32C031K6U3, STM32C031K6U6, STM32C051C6T6, STM32C051C6U6, STM32C051C8T6, STM32C051C8U6, STM32C051D8Y6TR, STM32C051F6P6, STM32C051F8P6, STM32C051G6U6, STM32C051G8U6, STM32C051K6T6, STM32C051K6U6, STM32C051K8T6, STM32C071C8T6, STM32C071C8T6N, STM32C071C8U6, STM32C071C8U6N, STM32C071CBT6, STM32C071CBT6N, STM32C071CBU6, STM32C071CBU6N, STM32C071F8P6, STM32C071F8P6N, STM32C071FBP6, STM32C071FBP6N, STM32C071FBY6TR, STM32C071G8U6, STM32C071G8U6N, STM32C071GBU6, STM32C071GBU6N, STM32C071K8T6, STM32C071K8T6N, STM32C071K8U6, STM32C071K8U6N, STM32C071KBT6, STM32C071KBT6N, STM32C071KBU6, STM32C071KBU6N, STM32C071R8T6, STM32C071R8T6N, STM32C071RBI6N, STM32C071RBT6, STM32C071RBT6N, STM32C091CBT6, STM32C091CBU6, STM32C091CCT6, STM32C091CCU6, STM32C091ECY6TR, STM32C091FBP6, STM32C091FCP6, STM32C091GBU6, STM32C091GCU6, STM32C091KBT6, STM32C091KBU6, STM32C091KCT6, STM32C091KCU6, STM32C091RBT6, STM32C091RCI6, STM32C091RCT6, STM32C092CBT6, STM32C092CBU6, STM32C092CCT6, STM32C092CCU6, STM32C092ECY6TR, STM32C092FBP6, STM32C092FCP6, STM32C092GBU6, STM32C092GCU6, STM32C092KBT6, STM32C092KBU6, STM32C092KCT6, STM32C092KCU6, STM32C092RBT6, STM32C092RCI6, STM32C092RCT6, STM32G071K8TXN, STM32G071K8UXN, STM32G081GBU6N, STM32G081KBT6N, STM32G081KBUXN, STM32G0B1CCT6N, STM32G0B1KCT6, STM32G0B1NEY6TR, STM32G0B1RCT6N, STM32G0C1CCT6, STM32G0C1CCT6N, STM32G0C1CCU6N, STM32G0C1CET6N, STM32G0C1CEU6N, STM32G0C1KCT6, STM32G0C1NEY6TR, STM32G0C1RCI6N, STM32G0C1RCT6N, STM32G0C1REI6N, STM32G0C1RET6N, STM32G0C1VCI6, STM32G0C1VEI6, STM32G411C6T3, STM32G411C6T6, STM32G411C6U3, STM32G411C6U6, STM32G411C8T3, STM32G411C8T6, STM32G411C8U3, STM32G411C8U6, STM32G411CBT3, STM32G411CBT6, STM32G411CBU3, STM32G411CBU6, STM32G411CCT3, STM32G411CCT6, STM32G411CCU3, STM32G411CCU6, STM32G411K6T3, STM32G411K6T6, STM32G411K6U3, STM32G411K6U6, STM32G411K8T3, STM32G411K8T6, STM32G411K8U3, STM32G411K8U6, STM32G411KBT3, STM32G411KBT6, STM32G411KBU3, STM32G411KBU6, STM32G411M6T3, STM32G411M6T6, STM32G411M8T3, STM32G411M8T6, STM32G411MBT3, STM32G411MBT6, STM32G411MCT3, STM32G411MCT6, STM32G411R6T3, STM32G411R6T6, STM32G411R8T3, STM32G411R8T6, STM32G411RBT3, STM32G411RBT6, STM32G411RCT3, STM32G411RCT6, STM32G414CBT3, STM32G414CBT6, STM32G414CBU3, STM32G414CBU6, STM32G414CCT3, STM32G414CCT6, STM32G414CCU3, STM32G414CCU6, STM32G414MBT3, STM32G414MBT6, STM32G414MCT3, STM32G414MCT6, STM32G414RBT3, STM32G414RBT6, STM32G414RCT3, STM32G414RCT6, STM32G414VBT3, STM32G414VBT6, STM32G414VCT3, STM32G414VCT6, STM32G431CBT3Z, STM32G431RBT3Z, STM32G471CCT6, STM32G471CCU6, STM32G471CET3, STM32G471CET6, STM32G471CEU3, STM32G471CEU6, STM32G471MCT6, STM32G471MET3, STM32G471MET6, STM32G471MEY6TR, STM32G471QCT6, STM32G471QET3, STM32G471RCT6, STM32G471RET3, STM32G471RET6, STM32G471VCH6, STM32G471VCI6, STM32G471VCT6, STM32G471VEH3, STM32G471VEH6, STM32G471VEI3, STM32G471VEI6, STM32G471VET3, STM32G471VET6, STM32G473QET3Z, STM32G473RET3Z, STM32G474CCT6, STM32G491RET3Z, STM32H503CBT6, STM32H503CBU6, STM32H503EBY6TR, STM32H503KBU6, STM32H503RBT6, STM32H523CCT6, STM32H523CCU6, STM32H523CET6, STM32H523CEU6, STM32H523HEY6TR, STM32H523RCT6, STM32H523RET6, STM32H523VCI6, STM32H523VCT6, STM32H523VEI6, STM32H523VET6, STM32H523ZCJ6, STM32H523ZCT6, STM32H523ZEJ6, STM32H523ZET6, STM32H533CET6, STM32H533CEU6, STM32H533HEY6TR, STM32H533RET6, STM32H533VEI6, STM32H533VET6, STM32H533ZEJ6, STM32H533ZET6, STM32H562AGI6, STM32H562AII6, STM32H562IGK6, STM32H562IGT6, STM32H562IIK6, STM32H562IIT6, STM32H562RGT6, STM32H562RGV6, STM32H562RIT6, STM32H562RIV6, STM32H562VGT6, STM32H562VIT6, STM32H562ZGT6, STM32H562ZIT6, STM32H563AGI6, STM32H563AII3Q, STM32H563AII6, STM32H563IGK6, STM32H563IGT6, STM32H563IIK3Q, STM32H563IIK6, STM32H563IIT3Q, STM32H563IIT6, STM32H563MIY3QTR, STM32H563RGT6, STM32H563RGV6, STM32H563RIT6, STM32H563RIV6, STM32H563VGT6, STM32H563VIT3Q, STM32H563VIT6, STM32H563ZGT6, STM32H563ZIT3Q, STM32H563ZIT6, STM32H573AII3Q, STM32H573AII6, STM32H573I-DK, STM32H573IIK3Q, STM32H573IIK6, STM32H573IIT3Q, STM32H573IIT6, STM32H573MIY3QTR, STM32H573RIT6, STM32H573RIV6, STM32H573VIT3Q, STM32H573VIT6, STM32H573ZIT3Q, STM32H573ZIT6, STM32H7R3A8I6, STM32H7R3I8K6, STM32H7R3I8T6, STM32H7R3L8H6, STM32H7R3L8H6H, STM32H7R3R8V6, STM32H7R3V8H6, STM32H7R3V8T6, STM32H7R3V8Y6TR, STM32H7R3Z8J6, STM32H7R3Z8T6, STM32H7R7A8I6, STM32H7R7I8K6, STM32H7R7I8T6, STM32H7R7L8H6, STM32H7R7L8H6H, STM32H7R7Z8J6, STM32H7S3A8I6, STM32H7S3I8K6, STM32H7S3I8T6, STM32H7S3L8H6, STM32H7S3L8H6H, STM32H7S3R8V6, STM32H7S3V8H6, STM32H7S3V8T6, STM32H7S3V8Y6TR, STM32H7S3Z8J6, STM32H7S3Z8T6, STM32H7S78-DK, STM32H7S7A8I6, STM32H7S7I8K6, STM32H7S7I8T6, STM32H7S7L8H6, STM32H7S7L8H6H, STM32H7S7Z8J6, STM32L4R5QGI6STR, STM32MP131AAE3, STM32MP131AAF3, STM32MP131AAG3, STM32MP131CAE3, STM32MP131CAF3, STM32MP131CAG3, STM32MP131DAE7, STM32MP131DAF7, STM32MP131DAG7, STM32MP131FAE7, STM32MP131FAF7, STM32MP131FAG7, STM32MP133AAE3, STM32MP133AAF3, STM32MP133AAG3, STM32MP133CAE3, STM32MP133CAF3, STM32MP133CAG3, STM32MP133DAE7, STM32MP133DAF7, STM32MP133DAG7, STM32MP133FAE7, STM32MP133FAF7, STM32MP133FAG7, STM32MP135AAE3, STM32MP135AAF3, STM32MP135AAG3, STM32MP135CAE3, STM32MP135CAF3, STM32MP135CAG3, STM32MP135DAE7, STM32MP135DAF7, STM32MP135DAG7, STM32MP135F-DK, STM32MP135FAE7, STM32MP135FAF7, STM32MP135FAF7T, STM32MP135FAF7U, STM32MP135FAG7, STM32MP231AAJ3, STM32MP231AAK3, STM32MP231AAL3, STM32MP231CAJ3, STM32MP231CAK3, STM32MP231CAL3, STM32MP231DAJ3, STM32MP231DAK3, STM32MP231DAL3, STM32MP231FAJ3, STM32MP231FAK3, STM32MP231FAL3, STM32MP233AAJ3, STM32MP233AAK3, STM32MP233AAL3, STM32MP233CAJ3, STM32MP233CAK3, STM32MP233CAL3, STM32MP233DAJ3, STM32MP233DAK3, STM32MP233DAL3, STM32MP233FAJ3, STM32MP233FAK3, STM32MP233FAL3, STM32MP235AAJ3, STM32MP235AAK3, STM32MP235AAL3, STM32MP235CAJ3, STM32MP235CAK3, STM32MP235CAL3, STM32MP235DAJ3, STM32MP235DAK3, STM32MP235DAL3, STM32MP235FAJ3, STM32MP235FAK3, STM32MP235FAL3, STM32MP251AAI3, STM32MP251AAJ3, STM32MP251AAK3, STM32MP251AAL3, STM32MP251CAI3, STM32MP251CAJ3, STM32MP251CAK3, STM32MP251CAL3, STM32MP251DAI3, STM32MP251DAJ3, STM32MP251DAK3, STM32MP251DAL3, STM32MP251FAI3, STM32MP251FAJ3, STM32MP251FAK3, STM32MP251FAL3, STM32MP253AAI3, STM32MP253AAJ3, STM32MP253AAK3, STM32MP253AAL3, STM32MP253CAI3, STM32MP253CAJ3, STM32MP253CAK3, STM32MP253CAL3, STM32MP253DAI3, STM32MP253DAJ3, STM32MP253DAK3, STM32MP253DAL3, STM32MP253FAI3, STM32MP253FAJ3, STM32MP253FAK3, STM32MP253FAL3, STM32MP255AAI3, STM32MP255AAJ3, STM32MP255AAK3, STM32MP255AAL3, STM32MP255CAI3, STM32MP255CAJ3, STM32MP255CAK3, STM32MP255CAL3, STM32MP255DAI3, STM32MP255DAJ3, STM32MP255DAK3, STM32MP255DAL3, STM32MP255FAI3, STM32MP255FAJ3, STM32MP255FAK3, STM32MP255FAL3, STM32MP257AAI3, STM32MP257AAJ3, STM32MP257AAK3, STM32MP257AAL3, STM32MP257CAI3, STM32MP257CAJ3, STM32MP257CAK3, STM32MP257CAL3, STM32MP257DAI3, STM32MP257DAJ3, STM32MP257DAK3, STM32MP257DAL3, STM32MP257F-DK, STM32MP257F-EV1, STM32MP257FAI3, STM32MP257FAJ3, STM32MP257FAK3, STM32MP257FAL3, STM32N645A0H3Q, STM32N645B0H3Q, STM32N645I0H3Q, STM32N645L0H3Q, STM32N645X0H3Q, STM32N645Z0H3Q, STM32N647A0H3Q, STM32N647B0H3Q, STM32N647I0H3Q, STM32N647L0H3Q, STM32N647X0H3Q, STM32N647Z0H3Q, STM32N655A0H3Q, STM32N655B0H3Q, STM32N655I0H3Q, STM32N655L0H3Q, STM32N655X0H3Q, STM32N655Z0H3Q, STM32N6570-DK, STM32N657A0H3Q, STM32N657B0H3Q, STM32N657I0H3Q, STM32N657L0H3Q, STM32N657X0H3Q, STM32N657Z0H3Q, STM32U031C6T6, STM32U031C6U6, STM32U031C8T6, STM32U031C8U6, STM32U031F4P6, STM32U031F6P6, STM32U031F8P6, STM32U031G6Y6TR, STM32U031G8Y6TR, STM32U031K4U6, STM32U031K6U6, STM32U031K8U6, STM32U031R6I6, STM32U031R6T6, STM32U031R8I6, STM32U031R8T6, STM32U073C8T6, STM32U073C8U6, STM32U073CBT6, STM32U073CBU6, STM32U073CCT6, STM32U073CCU6, STM32U073H8Y6TR, STM32U073HBY6TR, STM32U073HCY6TR, STM32U073K8U6, STM32U073KBU6, STM32U073KCU6, STM32U073M8I6, STM32U073M8T6, STM32U073MBI6, STM32U073MBT6, STM32U073MCI6, STM32U073MCT6, STM32U073R8I6, STM32U073R8T6, STM32U073RBI6, STM32U073RBT6, STM32U073RCI6, STM32U073RCT6, STM32U083C-DK, STM32U083CCT6, STM32U083CCU6, STM32U083HCY6TR, STM32U083KCU6, STM32U083MCI6, STM32U083MCT6, STM32U083RCI6, STM32U083RCT6, STM32U375CET6, STM32U375CET6Q, STM32U375CEU6, STM32U375CEU6Q, STM32U375CEY6QTR, STM32U375CGT6, STM32U375CGT6Q, STM32U375CGU6, STM32U375CGU6Q, STM32U375CGY6QTR, STM32U375KEU6, STM32U375KGU6, STM32U375REI6, STM32U375REI6Q, STM32U375RET6, STM32U375RET6Q, STM32U375REY6GTR, STM32U375REY6QTR, STM32U375RGI6, STM32U375RGI6Q, STM32U375RGT6, STM32U375RGT6Q, STM32U375RGY6GTR, STM32U375RGY6QTR, STM32U375VEI6, STM32U375VEI6Q, STM32U375VET6, STM32U375VET6Q, STM32U375VGI6, STM32U375VGI6Q, STM32U375VGT6, STM32U375VGT6Q, STM32U385CGT6, STM32U385CGT6Q, STM32U385CGU6, STM32U385CGU6Q, STM32U385CGY6QTR, STM32U385KGU6, STM32U385RGI6, STM32U385RGI6Q, STM32U385RGT6, STM32U385RGT6Q, STM32U385RGY6GTR, STM32U385RGY6QTR, STM32U385VGI6, STM32U385VGI6Q, STM32U385VGT6, STM32U385VGT6Q, STM32U535CBT6, STM32U535CBT6Q, STM32U535CBU6, STM32U535CBU6Q, STM32U535CCT6, STM32U535CCT6Q, STM32U535CCU6, STM32U535CCU6Q, STM32U535CET6, STM32U535CET6Q, STM32U535CEU6, STM32U535CEU6Q, STM32U535JEY6QTR, STM32U535NCY6QTR, STM32U535NEY6QTR, STM32U535RBI6, STM32U535RBI6Q, STM32U535RBT6, STM32U535RBT6Q, STM32U535RCI6, STM32U535RCI6Q, STM32U535RCT6, STM32U535RCT6Q, STM32U535REI6, STM32U535REI6Q, STM32U535RET6, STM32U535RET6Q, STM32U535VCI6, STM32U535VCI6Q, STM32U535VCT6, STM32U535VCT6Q, STM32U535VEI6, STM32U535VEI6Q, STM32U535VET6, STM32U535VET6Q, STM32U545CET6, STM32U545CET6Q, STM32U545CEU6, STM32U545CEU6Q, STM32U545JEY6QTR, STM32U545NEY6QTR, STM32U545REI6, STM32U545REI6Q, STM32U545RET6, STM32U545RET6Q, STM32U545VEI6, STM32U545VEI6Q, STM32U545VET6, STM32U545VET6Q, STM32U595AIH6, STM32U595AIH6Q, STM32U595AJH6, STM32U595AJH6Q, STM32U595QII6, STM32U595QII6Q, STM32U595QJI6, STM32U595QJI6Q, STM32U595RIT6, STM32U595RIT6Q, STM32U595RJT6, STM32U595RJT6Q, STM32U595VIT6, STM32U595VIT6Q, STM32U595VJT6, STM32U595VJT6Q, STM32U595ZIT6, STM32U595ZIT6Q, STM32U595ZIY6QTR, STM32U595ZJT6, STM32U595ZJT6Q, STM32U595ZJY6QTR, STM32U599BJY6QTR, STM32U599NIH6Q, STM32U599NJH6Q, STM32U599VIT6Q, STM32U599VJT6, STM32U599VJT6Q, STM32U599ZIT6Q, STM32U599ZIY6QTR, STM32U599ZJT6Q, STM32U599ZJY6QTR, STM32U5A5AJH6, STM32U5A5AJH6Q, STM32U5A5QII3Q , STM32U5A5QJI6, STM32U5A5QJI6Q, STM32U5A5RJT6, STM32U5A5RJT6Q, STM32U5A5VJT6, STM32U5A5VJT6Q, STM32U5A5ZJT6, STM32U5A5ZJT6Q, STM32U5A5ZJY6QTR, STM32U5A9BJY6QTR, STM32U5A9J-DK, STM32U5A9NJH6Q, STM32U5A9VJT6Q, STM32U5A9ZJT6Q, STM32U5A9ZJY6QTR, STM32U5F7VIT6, STM32U5F7VIT6Q, STM32U5F7VJT6, STM32U5F7VJT6Q, STM32U5F9BJY6QTR, STM32U5F9NJH6Q, STM32U5F9VIT6Q, STM32U5F9VJT6Q, STM32U5F9ZIJ6QTR, STM32U5F9ZIT6Q, STM32U5F9ZJJ6QTR, STM32U5F9ZJT6Q, STM32U5G7VJT6, STM32U5G7VJT6Q, STM32U5G9BJY6QTR, STM32U5G9J-DK1, STM32U5G9J-DK2, STM32U5G9NJH6Q, STM32U5G9VJT6Q, STM32U5G9ZJJ6QTR, STM32U5G9ZJT6Q, STM32WB05KZV6TR, STM32WB05KZV7TR, STM32WB05TZF6TR, STM32WB05TZF7TR, STM32WB06CCF6TR, STM32WB06CCF7TR, STM32WB06CCV6TR, STM32WB06CCV7TR, STM32WB06KCV6TR, STM32WB06KCV7TR, STM32WB07CCF6TR, STM32WB07CCF7TR, STM32WB07CCV6TR, STM32WB07CCV7TR, STM32WB07KCV6TR, STM32WB07KCV7TR, STM32WB09KEV6TR, STM32WB09KEV7TR, STM32WB09TEF6TR, STM32WB09TEF7TR, STM32WB1MMCH6, STM32WBA50KGU6, STM32WBA50KGU6TR, STM32WBA52CEU6, STM32WBA52CEU6TR, STM32WBA52CEU7, STM32WBA52CEU7TR, STM32WBA52CGU6, STM32WBA52CGU6TR, STM32WBA52CGU6U, STM32WBA52CGU7, STM32WBA52CGU7TR, STM32WBA52KEU6, STM32WBA52KEU6TR, STM32WBA52KGU6, STM32WBA52KGU6TR, STM32WBA54CEU6, STM32WBA54CEU6TR, STM32WBA54CEU7, STM32WBA54CEU7TR, STM32WBA54CGU6, STM32WBA54CGU6TR, STM32WBA54CGU7, STM32WBA54CGU7TR, STM32WBA54KEU6, STM32WBA54KEU6TR, STM32WBA54KEU7, STM32WBA54KEU7TR, STM32WBA54KGU6, STM32WBA54KGU6TR, STM32WBA54KGU7, STM32WBA54KGU7TR, STM32WBA55CEU6, STM32WBA55CEU6TR, STM32WBA55CEU7, STM32WBA55CEU7TR, STM32WBA55CGU6, STM32WBA55CGU6TR, STM32WBA55CGU6U, STM32WBA55CGU7, STM32WBA55CGU7TR, STM32WBA55G-DK1, STM32WBA55HEF6, STM32WBA55HEF7, STM32WBA55HGF6, STM32WBA55HGF7, STM32WBA55UEI6, STM32WBA55UEI6TR, STM32WBA55UEI7, STM32WBA55UEI7TR, STM32WBA55UGI6, STM32WBA55UGI6TR, STM32WBA55UGI7, STM32WBA55UGI7TR, STM32WBA5MJGH6TR, STM32WBA62CGU6, STM32WBA62CIU6, STM32WBA62MGF6, STM32WBA62MIF6, STM32WBA62PGI6, STM32WBA62PII6, STM32WBA63CGU6, STM32WBA63CGU7, STM32WBA63CIU6, STM32WBA63CIU7, STM32WBA64CGU6, STM32WBA64CGU7, STM32WBA64CIU6, STM32WBA64CIU7, STM32WBA65CGU6, STM32WBA65CGU7, STM32WBA65CIU6, STM32WBA65CIU7, STM32WBA65I-DK1, STM32WBA65MGF6, STM32WBA65MGF7, STM32WBA65MIF6, STM32WBA65MIF7, STM32WBA65PGI6, STM32WBA65PGI7, STM32WBA65PII6, STM32WBA65PII7, STM32WBA65RGV6, STM32WBA65RGV7, STM32WBA65RIV6, STM32WBA65RIV7, STM32WL30K8V6, STM32WL30KBV6, STM32WL31C8V6, STM32WL31CBV6, STM32WL31K8V6, STM32WL31KBV6, STM32WL33C8V6, STM32WL33C8V6TR, STM32WL33C8V7, STM32WL33C8V7TR, STM32WL33CBV6, STM32WL33CBV6TR, STM32WL33CBV7, STM32WL33CBV7TR, STM32WL33CCV6, STM32WL33CCV6TR, STM32WL33CCV7, STM32WL33CCV7A, STM32WL33CCV7ATR, STM32WL33CCV7TR, STM32WL33K8V6, STM32WL33K8V6TR, STM32WL33K8V7, STM32WL33K8V7TR, STM32WL33KBV6, STM32WL33KBV6TR, STM32WL33KBV7, STM32WL33KBV7TR, STM32WL33KCV6, STM32WL33KCV6TR, STM32WL33KCV7, STM32WL33KCV7TR, STM32WL5MOCH6, STM32WL5MOCH6TR]
2025-10-19 18:32:45,601 [INFO] BoardInfo:889 - No configuration file found for board P-NUCLEO-WB55
2025-10-19 18:32:45,603 [INFO] DbBoards:161 - Kit is not supported: P-NUCLEO-WB55
2025-10-19 18:32:45,614 [INFO] BoardInfo:889 - No configuration file found for board STEVAL-BFA001V1B
2025-10-19 18:32:45,615 [INFO] DbBoards:161 - Kit is not supported: STEVAL-BFA001V1B
2025-10-19 18:32:45,617 [INFO] BoardInfo:889 - No configuration file found for board STEVAL-BFA001V2B
2025-10-19 18:32:45,619 [INFO] DbBoards:161 - Kit is not supported: STEVAL-BFA001V2B
2025-10-19 18:32:45,946 [INFO] DbBoards:168 - Found 211 boards, 208 are supported
2025-10-19 18:32:45,947 [INFO] DbBoards:169 - Found 211 boards, 43 of them is supported for  Bsp
2025-10-19 18:32:45,949 [INFO] ApiDb:423 - Load user favorites file C:\Users\User/.stm32cubeide/favorites.boards.txt: 0 item(s)
2025-10-19 18:32:45,949 [INFO] ApiDb:427 - User favorites Boards=[]
2025-10-19 18:32:45,949 [INFO] DbBoards:198 - Set 0 / 0 favorites Boards
2025-10-19 18:32:45,953 [INFO] ApiDb:668 - CubeFinder database Data Model version=2.1
2025-10-19 18:32:45,953 [INFO] ApiDb:669 - CubeFinder database Configuration version=3.0.39
2025-10-19 18:32:45,953 [INFO] ApiDb:670 - CubeFinder database generation date=2025-08-25 (1756130511)
2025-10-19 18:32:45,953 [INFO] ApiDb:671 - CubeFinder database FW Pack versions=[FP-ATR-ASTRA1_V2.0.0, FP-SNS-FLIGHT1_V5.1.0, FP-SNS-MOTENV1_V5.0.0, FP-SNS-MOTENVWB1_V1.4.0, FP-SNS-SMARTAG2_V1.2.0, FP-SNS-STBOX1_V2.1.0, STM32Cube_FW_C0_V1.4.0, STM32Cube_FW_F4_V1.28.3, STM32Cube_FW_F7_V1.17.4, STM32Cube_FW_G0_V1.6.2, STM32Cube_FW_G4_V1.6.1, STM32Cube_FW_H5_V1.5.0, STM32Cube_FW_H7RS_V1.2.0, STM32Cube_FW_H7_V1.12.1, STM32Cube_FW_L0_V1.12.2, STM32Cube_FW_L4_V1.18.1, STM32Cube_FW_L5_V1.5.1, STM32Cube_FW_N6_V1.2.0, STM32Cube_FW_U0_V1.3.0, STM32Cube_FW_U3_V1.2.0, STM32Cube_FW_U5_V1.8.0, STM32Cube_FW_WB0_V1.3.0, STM32Cube_FW_WBA_V1.7.0, STM32Cube_FW_WB_V1.23.0, STM32Cube_FW_WL3_V1.2.0, STM32Cube_FW_WL_V1.3.1, X-CUBE-ALGOBUILD_V1.4.0, X-CUBE-ALS_V1.0.2, X-CUBE-AZRTOS-F4_V1.1.0, X-CUBE-AZRTOS-F7_V1.1.0, X-CUBE-AZRTOS-G0_V1.1.0, X-CUBE-AZRTOS-G4_V2.0.0, X-CUBE-AZRTOS-H7RS_V1.1.0, X-CUBE-AZRTOS-H7_V3.4.0, X-CUBE-AZRTOS-L4_V2.0.0, X-CUBE-AZRTOS-L5_V2.0.0, X-CUBE-AZRTOS-WB_V2.0.0, X-CUBE-AZRTOS-WL_V2.0.0, X-CUBE-BLE1_V7.1.0, X-CUBE-BLE2_V3.3.0, X-CUBE-BLEMGR_V4.1.0, X-CUBE-EEPRMA1_V5.2.0, X-CUBE-FREERTOS_V1.3.1, X-CUBE-GNSS1_V6.0.0, X-CUBE-MEMS1_V11.3.0, X-CUBE-NFC4_V3.0.0, X-CUBE-NFC7_V2.0.0, X-CUBE-SFXS2LP1_V4.0.0, X-CUBE-ST67W61_V1.0.0, X-CUBE-SUBG2_V5.0.0, X-CUBE-TOF1_V3.4.3]
2025-10-19 18:32:46,695 [ERROR] DbExamplesSqlite:437 - Missing JSON key: board_cpn
2025-10-19 18:32:46,695 [ERROR] DbExamplesSqlite:437 - Missing JSON key: board_cpn
2025-10-19 18:32:46,695 [ERROR] DbExamplesSqlite:437 - Missing JSON key: board_cpn
2025-10-19 18:32:46,695 [ERROR] DbExamplesSqlite:437 - Missing JSON key: board_cpn
2025-10-19 18:32:47,029 [ERROR] DbExamplesSqlite:437 - Missing JSON key: board_cpn
2025-10-19 18:32:47,029 [ERROR] DbExamplesSqlite:437 - Missing JSON key: board_cpn
2025-10-19 18:32:47,032 [INFO] DbExamplesSqlite:395 - Ignored 33 examples not supported by CubeIDE
2025-10-19 18:32:47,032 [INFO] DbExamplesSqlite:396 - Found 10871 examples active
2025-10-19 18:32:47,034 [INFO] DbExamplesSqlite:397 - Found 0 examples obsolete
2025-10-19 18:32:47,034 [INFO] DbExamplesSqlite:398 - Found 0 examples under development
2025-10-19 18:32:47,035 [INFO] DbExamplesSqlite:399 - Found 65 examples not building
2025-10-19 18:32:47,037 [INFO] DbExamples:125 - Found 10903 examples
2025-10-19 18:32:47,053 [INFO] DbExamples:222 - Found 134 boards with related examples
2025-10-19 18:32:47,055 [INFO] DbExamples:235 - Found 111 MCUs with related examples
2025-10-19 18:32:47,075 [INFO] ApiDb:423 - Load user favorites file C:\Users\User/.stm32cubeide/favorites.examples.txt: 0 item(s)
2025-10-19 18:32:47,075 [INFO] ApiDb:427 - User favorites Examples=[]
2025-10-19 18:32:47,076 [INFO] DbExamples:250 - Set 0 / 0 favorites Examples
2025-10-19 18:32:47,322 [INFO] McuFinderGlobals:76 - Set McuFinderConnectedMode to true
2025-10-19 18:32:47,340 [INFO] MultiScanPanel:200 - Auto-refresh data requested => check proxy status ongoing
2025-10-19 18:32:47,344 [INFO] FinderPluginLoader:95 - Searching for filters in installed packs
2025-10-19 18:32:49,256 [INFO] LoadUrlFilesThread:185 - End of LoadServerUrlFiles without Thread
2025-10-19 18:32:49,275 [INFO] DetailPanel:341 - Set advertising image to C:/Users/User/STM32Cube/Repository/\en.mcu-finder-stm32n6dk.jpg
2025-10-19 18:34:03,087 [INFO] MainUpdater:2872 - connection check result : 10
2025-10-19 18:34:03,088 [INFO] MainUpdater:2872 - connection check result : 10
2025-10-19 18:34:03,106 [INFO] MicroXplorer:468 - Change Database Path : 
2025-10-19 18:34:03,107 [INFO] MicroXplorer:498 - Change Database Version : DB.6.0.141
2025-10-19 18:34:03,119 [WARN] ThirdParty:871 - waiting for thirdparty lock release [close project]
2025-10-19 18:34:03,119 [INFO] ThirdParty:873 - entering critical section [close project]
2025-10-19 18:34:03,120 [INFO] ThirdParty:883 - exiting critical section [close project]
2025-10-19 18:34:03,125 [INFO] PinOutPanel:1589 - setPackage(No Configuration,No Configuration)
2025-10-19 18:34:03,133 [INFO] UtilMem:75 - Begin LoadConfig() Used Memory: 923815192 Bytes (1073741824)
2025-10-19 18:34:08,199 [INFO] MicroXplorer:468 - Change Database Path : 
2025-10-19 18:34:08,200 [INFO] MicroXplorer:498 - Change Database Version : DB.6.0.141
2025-10-19 18:34:08,200 [INFO] OpenFileManager:354 - Change cursor
2025-10-19 18:34:08,271 [INFO] Mcu:2011 - Initializing MCU STM32F103C(8-B)Tx STM32F103C8Tx STM32F103C8T6
2025-10-19 18:34:09,452 [INFO] Context:756 - Trying to add GPIOservice into a context  which must be forbidden
2025-10-19 18:34:09,708 [INFO] Rule:225 - rule Adapt Old IOC CSI. is applicable
2025-10-19 18:34:09,708 [INFO] DbConfProperties:307 - Apply Compatibility (0/1 Rules)
2025-10-19 18:34:09,734 [INFO] ImportTextPane:218 - (OptionalMessage_ERROR) Pin10 (VP_RIF_VS_RIF1) cannot be retrieved for this MCU
2025-10-19 18:34:10,003 [INFO] RtosManager:558 - Registered RTOS mode: class=CMSIS, group=RTOS, mode=CMSIS_V1, owner=FREERTOS
2025-10-19 18:34:10,003 [INFO] RtosManager:558 - Registered RTOS mode: class=CMSIS, group=RTOS2, mode=CMSIS_V2, owner=FREERTOS
2025-10-19 18:34:10,003 [INFO] RtosManager:558 - Registered RTOS mode: class=RTOS, group=Core, mode=CMSIS_V1, owner=FREERTOS
2025-10-19 18:34:10,004 [INFO] RtosManager:558 - Registered RTOS mode: class=RTOS, group=Core, mode=CMSIS_V2, owner=FREERTOS
2025-10-19 18:34:10,004 [WARN] ModelIntegratedComponent:184 - Missing modes for component STMicroelectronics:FreeRTOS:0.0.1:STMicroelectronics:RTOS:FreeRTOS:Core:::10.2.0:
2025-10-19 18:34:10,014 [WARN] ModelIntegratedComponent:63 - No mode defined for component null
2025-10-19 18:34:10,014 [WARN] ModelIntegratedComponent:63 - No mode defined for component null
2025-10-19 18:34:10,014 [WARN] ModelIntegratedComponent:63 - No mode defined for component null
2025-10-19 18:34:10,014 [WARN] ModelIntegratedComponent:63 - No mode defined for component null
2025-10-19 18:34:10,014 [WARN] ModelIntegratedComponent:63 - No mode defined for component null
2025-10-19 18:34:10,014 [WARN] ModelIntegratedComponent:63 - No mode defined for component null
2025-10-19 18:34:10,014 [WARN] ModelIntegratedComponent:63 - No mode defined for component null
2025-10-19 18:34:10,014 [WARN] ModelIntegratedComponent:63 - No mode defined for component null
2025-10-19 18:34:10,014 [WARN] ModelIntegratedComponent:63 - No mode defined for component null
2025-10-19 18:34:10,015 [WARN] ModelIntegratedComponent:63 - No mode defined for component null
2025-10-19 18:34:10,015 [WARN] ModelIntegratedComponent:63 - No mode defined for component null
2025-10-19 18:34:10,015 [WARN] ModelIntegratedComponent:63 - No mode defined for component null
2025-10-19 18:34:10,015 [WARN] ModelIntegratedComponent:63 - No mode defined for component null
2025-10-19 18:34:10,015 [WARN] ModelIntegratedComponent:63 - No mode defined for component null
2025-10-19 18:34:10,015 [WARN] ModelIntegratedComponent:63 - No mode defined for component null
2025-10-19 18:34:10,015 [WARN] ModelIntegratedComponent:63 - No mode defined for component null
2025-10-19 18:34:10,015 [WARN] ModelIntegratedComponent:63 - No mode defined for component null
2025-10-19 18:34:10,015 [WARN] ModelIntegratedComponent:63 - No mode defined for component null
2025-10-19 18:34:10,015 [WARN] ModelIntegratedComponent:63 - No mode defined for component null
2025-10-19 18:34:10,015 [WARN] ModelIntegratedComponent:63 - No mode defined for component null
2025-10-19 18:34:10,016 [WARN] ModelIntegratedComponent:63 - No mode defined for component null
2025-10-19 18:34:10,016 [WARN] ModelIntegratedComponent:63 - No mode defined for component null
2025-10-19 18:34:10,016 [WARN] ModelIntegratedComponent:63 - No mode defined for component null
2025-10-19 18:34:10,016 [WARN] ModelIntegratedComponent:63 - No mode defined for component null
2025-10-19 18:34:10,016 [WARN] ModelIntegratedComponent:63 - No mode defined for component null
2025-10-19 18:34:10,016 [WARN] ModelIntegratedComponent:63 - No mode defined for component null
2025-10-19 18:34:10,016 [WARN] ModelIntegratedComponent:63 - No mode defined for component null
2025-10-19 18:34:10,016 [WARN] ModelIntegratedComponent:63 - No mode defined for component null
2025-10-19 18:34:10,016 [WARN] ModelIntegratedComponent:63 - No mode defined for component null
2025-10-19 18:34:10,016 [WARN] ModelIntegratedComponent:63 - No mode defined for component null
2025-10-19 18:34:10,016 [WARN] ModelIntegratedComponent:63 - No mode defined for component null
2025-10-19 18:34:10,016 [WARN] ModelIntegratedComponent:63 - No mode defined for component null
2025-10-19 18:34:10,016 [WARN] ModelIntegratedComponent:63 - No mode defined for component null
2025-10-19 18:34:10,016 [WARN] ModelIntegratedComponent:63 - No mode defined for component null
2025-10-19 18:34:10,016 [WARN] ModelIntegratedComponent:63 - No mode defined for component null
2025-10-19 18:34:10,017 [WARN] ModelPack:524 - Component already loaded: STMicroelectronics:HAL Drivers:0.0.0:STMicroelectronics:Device:STMicro_Driver:XSPI:HAL::0.0.1:HAL_XSPI
2025-10-19 18:34:10,523 [INFO] ThirdPartyModel:298 - Start build external matchings
2025-10-19 18:34:14,498 [INFO] ThirdPartyModel:316 - End build external matchings
2025-10-19 18:34:14,583 [INFO] ImportTextPane:218 - (OptionalMessage_ERROR) IP (RCC) : Parameter (ADCFreqValue) has invalid value (36000000)
2025-10-19 18:34:14,584 [INFO] ImportTextPane:218 - (OptionalMessage_ERROR) IP (RCC) : Invalid parameter (FamilyName)
2025-10-19 18:34:14,584 [INFO] ImportTextPane:218 - (OptionalMessage_ERROR) IP (RCC) : Parameter (MCOFreq_Value) has invalid value (72000000)
2025-10-19 18:34:14,584 [INFO] ImportTextPane:218 - (OptionalMessage_ERROR) IP (RCC) : Parameter (USBFreq_Value) has invalid value (72000000)
2025-10-19 18:34:14,893 [INFO] UtilMem:75 - End LoadConfig() Used Memory: 755209592 Bytes (1073741824)
2025-10-19 18:34:15,061 [WARN] ThirdParty:833 - waiting for thirdparty lock release [change project]
2025-10-19 18:34:15,061 [INFO] ThirdParty:835 - entering critical section [change project]
2025-10-19 18:34:15,061 [INFO] ThirdParty:1030 - CMSIS Pack Vendor :STMicroelectronics X-CUBE-PM33A1 1.0.0
2025-10-19 18:34:15,061 [INFO] ThirdParty:1030 - CMSIS Pack Vendor :STMicroelectronics USBPD 4.1
2025-10-19 18:34:15,061 [INFO] ThirdParty:1030 - CMSIS Pack Vendor :STMicroelectronics X-CUBE-GNSS1 6.0.0
2025-10-19 18:34:15,061 [INFO] ThirdParty:1030 - CMSIS Pack Vendor :STMicroelectronics USB_HOST 2.0.0
2025-10-19 18:34:15,061 [INFO] ThirdParty:1030 - CMSIS Pack Vendor :STMicroelectronics FP-SNS-MOTENVWB1 1.4.0
2025-10-19 18:34:15,061 [INFO] ThirdParty:1030 - CMSIS Pack Vendor :STMicroelectronics X-CUBE-AZRTOS-F4 1.1.0
2025-10-19 18:34:15,063 [INFO] ThirdParty:1030 - CMSIS Pack Vendor :STMicroelectronics LIBJPEG 8.0.0
2025-10-19 18:34:15,063 [INFO] ThirdParty:1030 - CMSIS Pack Vendor :STMicroelectronics FP-ATR-ASTRA1 2.0.2
2025-10-19 18:34:15,063 [INFO] ThirdParty:1030 - CMSIS Pack Vendor :STMicroelectronics FP-ATR-ASTRA1 2.0.1
2025-10-19 18:34:15,063 [INFO] ThirdParty:1030 - CMSIS Pack Vendor :Avnet-IotConnect X-CUBE-IoTC-DA16k-PMOD 1.0.0
2025-10-19 18:34:15,063 [INFO] ThirdParty:1030 - CMSIS Pack Vendor :STMicroelectronics X-CUBE-SMBUS 2.1.0
2025-10-19 18:34:15,063 [INFO] ThirdParty:1030 - CMSIS Pack Vendor :STMicroelectronics X-CUBE-WB05N 1.1.0
2025-10-19 18:34:15,063 [INFO] ThirdParty:1030 - CMSIS Pack Vendor :STMicroelectronics X-CUBE-ISPU 2.1.0
2025-10-19 18:34:15,063 [INFO] ThirdParty:1030 - CMSIS Pack Vendor :STMicroelectronics X-CUBE-FREERTOS 1.2.0
2025-10-19 18:34:15,063 [INFO] ThirdParty:1030 - CMSIS Pack Vendor :STMicroelectronics X-CUBE-ST60 1.0.0
2025-10-19 18:34:15,063 [INFO] ThirdParty:1030 - CMSIS Pack Vendor :STMicroelectronics X-CUBE-TOUCHGFX 4.23.0
2025-10-19 18:34:15,063 [INFO] ThirdParty:1030 - CMSIS Pack Vendor :STMicroelectronics X-CUBE-NFC12 1.0.0
2025-10-19 18:34:15,063 [INFO] ThirdParty:1030 - CMSIS Pack Vendor :STMicroelectronics X-CUBE-TOUCHGFX 4.23.2
2025-10-19 18:34:15,063 [INFO] ThirdParty:1030 - CMSIS Pack Vendor :STMicroelectronics X-CUBE-AZRTOS-F7 1.1.0
2025-10-19 18:34:15,063 [INFO] ThirdParty:1030 - CMSIS Pack Vendor :STMicroelectronics X-CUBE-AZRTOS-L5 2.0.0
2025-10-19 18:34:15,063 [INFO] ThirdParty:1030 - CMSIS Pack Vendor :STMicroelectronics USB_DEVICE 2.0.0
2025-10-19 18:34:15,063 [INFO] ThirdParty:1030 - CMSIS Pack Vendor :STMicroelectronics X-CUBE-EEPRMA1 4.2.0
2025-10-19 18:34:15,063 [INFO] ThirdParty:1030 - CMSIS Pack Vendor :STMicroelectronics X-CUBE-NFC6 3.1.0
2025-10-19 18:34:15,064 [INFO] ThirdParty:1030 - CMSIS Pack Vendor :STMicroelectronics FP-SNS-MOTENV1 4.3.2
2025-10-19 18:34:15,064 [INFO] ThirdParty:1030 - CMSIS Pack Vendor :STMicroelectronics X-CUBE-MEMS1 11.0.0
2025-10-19 18:34:15,064 [INFO] ThirdParty:1030 - CMSIS Pack Vendor :STMicroelectronics FreeRTOS 0.0.1
2025-10-19 18:34:15,064 [INFO] ThirdParty:1030 - CMSIS Pack Vendor :STMicroelectronics X-CUBE-DPower 1.2.0
2025-10-19 18:34:15,064 [INFO] ThirdParty:1030 - CMSIS Pack Vendor :STMicroelectronics FP-SNS-FLIGHT1 5.0.2
2025-10-19 18:34:15,064 [INFO] ThirdParty:1030 - CMSIS Pack Vendor :STMicroelectronics X-CUBE-AI 9.0.0
2025-10-19 18:34:15,064 [INFO] ThirdParty:1030 - CMSIS Pack Vendor :STMicroelectronics PDM2PCM 3.3.0
2025-10-19 18:34:15,064 [INFO] ThirdParty:1030 - CMSIS Pack Vendor :STMicroelectronics X-CUBE-AZRTOS-H7 3.4.0
2025-10-19 18:34:15,064 [INFO] ThirdParty:1030 - CMSIS Pack Vendor :STMicroelectronics X-CUBE-DISPLAY 3.0.0
2025-10-19 18:34:15,064 [INFO] ThirdParty:1030 - CMSIS Pack Vendor :STMicroelectronics X-CUBE-BLE1 7.0.0
2025-10-19 18:34:15,064 [INFO] ThirdParty:1030 - CMSIS Pack Vendor :STMicroelectronics X-CUBE-NFC10 1.0.0
2025-10-19 18:34:15,064 [INFO] ThirdParty:1030 - CMSIS Pack Vendor :STMicroelectronics X-CUBE-BLEMGR 4.0.0
2025-10-19 18:34:15,064 [INFO] ThirdParty:1030 - CMSIS Pack Vendor :STMicroelectronics X-CUBE-FREERTOS 1.3.1
2025-10-19 18:34:15,064 [INFO] ThirdParty:1030 - CMSIS Pack Vendor :STMicroelectronics HAL Drivers 0.0.0
2025-10-19 18:34:15,064 [INFO] ThirdParty:1030 - CMSIS Pack Vendor :STMicroelectronics X-CUBE-ST60 1.1.0
2025-10-19 18:34:15,064 [INFO] ThirdParty:1030 - CMSIS Pack Vendor :emotas I-CUBE-CANOPEN 1.3.0
2025-10-19 18:34:15,064 [INFO] ThirdParty:1030 - CMSIS Pack Vendor :STMicroelectronics X-CUBE-FREERTOS 1.3.0
2025-10-19 18:34:15,064 [INFO] ThirdParty:1030 - CMSIS Pack Vendor :STMicroelectronics X-CUBE-NFC7 1.0.1
2025-10-19 18:34:15,064 [INFO] ThirdParty:1030 - CMSIS Pack Vendor :STMicroelectronics MBEDTLS 2.14.1
2025-10-19 18:34:15,064 [INFO] ThirdParty:1030 - CMSIS Pack Vendor :STMicroelectronics X-CUBE-TOUCHGFX 4.26.0
2025-10-19 18:34:15,064 [INFO] ThirdParty:1030 - CMSIS Pack Vendor :STMicroelectronics X-CUBE-NFC6 3.0.0
2025-10-19 18:34:15,065 [INFO] ThirdParty:1030 - CMSIS Pack Vendor :STMicroelectronics X-CUBE-BLEMGR 3.1.0
2025-10-19 18:34:15,065 [INFO] ThirdParty:1030 - CMSIS Pack Vendor :STMicroelectronics X-CUBE-AI 10.0.0
2025-10-19 18:34:15,065 [INFO] ThirdParty:1030 - CMSIS Pack Vendor :STMicroelectronics FP-SNS-SMARTAG2 1.2.0
2025-10-19 18:34:15,065 [INFO] ThirdParty:1030 - CMSIS Pack Vendor :STMicroelectronics FP-SNS-FLIGHT1 5.1.0
2025-10-19 18:34:15,065 [INFO] ThirdParty:1030 - CMSIS Pack Vendor :STMicroelectronics X-CUBE-MEMS1 11.1.0
2025-10-19 18:34:15,065 [INFO] ThirdParty:1030 - CMSIS Pack Vendor :STMicroelectronics X-CUBE-AZRTOS-WL 2.0.0
2025-10-19 18:34:15,065 [INFO] ThirdParty:1030 - CMSIS Pack Vendor :STMicroelectronics X-CUBE-DPower 1.3.0
2025-10-19 18:34:15,065 [INFO] ThirdParty:1030 - CMSIS Pack Vendor :STMicroelectronics FP-SNS-MOTENV1 5.0.0
2025-10-19 18:34:15,065 [INFO] ThirdParty:1030 - CMSIS Pack Vendor :STMicroelectronics USB_DEVICE 1.0.0
2025-10-19 18:34:15,065 [INFO] ThirdParty:1030 - CMSIS Pack Vendor :STMicroelectronics X-CUBE-AI 8.1.0
2025-10-19 18:34:15,065 [INFO] ThirdParty:1030 - CMSIS Pack Vendor :wolfSSL I-CUBE-wolfMQTT 1.19.0
2025-10-19 18:34:15,065 [INFO] ThirdParty:1030 - CMSIS Pack Vendor :STMicroelectronics X-CUBE-AZRTOS-L4 2.0.0
2025-10-19 18:34:15,065 [INFO] ThirdParty:1030 - CMSIS Pack Vendor :STMicroelectronics ThreadX 0.0.2
2025-10-19 18:34:15,065 [INFO] ThirdParty:1030 - CMSIS Pack Vendor :WES I-CUBE-Cesium 1.3.0
2025-10-19 18:34:15,065 [INFO] ThirdParty:1030 - CMSIS Pack Vendor :STMicroelectronics lwIP 2.1.2
2025-10-19 18:34:15,065 [INFO] ThirdParty:1030 - CMSIS Pack Vendor :STMicroelectronics X-CUBE-SFXS2LP1 4.0.0
2025-10-19 18:34:15,065 [INFO] ThirdParty:1030 - CMSIS Pack Vendor :STMicroelectronics X-CUBE-BLE2 3.3.0
2025-10-19 18:34:15,065 [INFO] ThirdParty:1030 - CMSIS Pack Vendor :STMicroelectronics PDM2PCM 3.2.0
2025-10-19 18:34:15,066 [INFO] ThirdParty:1030 - CMSIS Pack Vendor :STMicroelectronics X-CUBE-AZRTOS-H7 3.3.0
2025-10-19 18:34:15,066 [INFO] ThirdParty:1030 - CMSIS Pack Vendor :STMicroelectronics X-CUBE-NFC9 1.0.0
2025-10-19 18:34:15,066 [INFO] ThirdParty:1030 - CMSIS Pack Vendor :STMicroelectronics X-CUBE-BLE1 7.1.0
2025-10-19 18:34:15,066 [INFO] ThirdParty:1030 - CMSIS Pack Vendor :STMicroelectronics USB_DEVICE 3.0.0
2025-10-19 18:34:15,066 [INFO] ThirdParty:1030 - CMSIS Pack Vendor :STMicroelectronics X-CUBE-TCPP 4.1.0
2025-10-19 18:34:15,066 [INFO] ThirdParty:1030 - CMSIS Pack Vendor :STMicroelectronics X-CUBE-EEPRMA1 5.2.0
2025-10-19 18:34:15,066 [INFO] ThirdParty:1030 - CMSIS Pack Vendor :STMicroelectronics X-CUBE-BLEMGR 4.1.0
2025-10-19 18:34:15,066 [INFO] ThirdParty:1030 - CMSIS Pack Vendor :STMicroelectronics X-CUBE-IPS 3.0.0
2025-10-19 18:34:15,066 [INFO] ThirdParty:1030 - CMSIS Pack Vendor :STMicroelectronics X-CUBE-AZRTOS-WB 2.0.0
2025-10-19 18:34:15,066 [INFO] ThirdParty:1030 - CMSIS Pack Vendor :STMicroelectronics X-CUBE-GNSS1 7.0.0
2025-10-19 18:34:15,066 [INFO] ThirdParty:1030 - CMSIS Pack Vendor :STMicroelectronics X-CUBE-GNSS1 7.0.1
2025-10-19 18:34:15,066 [INFO] ThirdParty:1030 - CMSIS Pack Vendor :STMicroelectronics X-CUBE-TOUCHGFX 4.25.0
2025-10-19 18:34:15,066 [INFO] ThirdParty:1030 - CMSIS Pack Vendor :STMicroelectronics X-CUBE-AI 10.1.0
2025-10-19 18:34:15,066 [INFO] ThirdParty:1030 - CMSIS Pack Vendor :STMicroelectronics FP-SNS-STBOX1 2.0.0
2025-10-19 18:34:15,066 [INFO] ThirdParty:1030 - CMSIS Pack Vendor :STMicroelectronics X-CUBE-ALGOBUILD 1.3.0
2025-10-19 18:34:15,066 [INFO] ThirdParty:1030 - CMSIS Pack Vendor :STMicroelectronics X-CUBE-MEMS1 11.2.0
2025-10-19 18:34:15,066 [INFO] ThirdParty:1030 - CMSIS Pack Vendor :STMicroelectronics X-CUBE-AZRTOS-G0 1.1.0
2025-10-19 18:34:15,067 [INFO] ThirdParty:1030 - CMSIS Pack Vendor :STMicroelectronics X-CUBE-SAFEA1 1.2.2
2025-10-19 18:34:15,067 [INFO] ThirdParty:1030 - CMSIS Pack Vendor :STMicroelectronics X-CUBE-NFC4 3.0.0
2025-10-19 18:34:15,067 [INFO] ThirdParty:1030 - CMSIS Pack Vendor :STMicroelectronics X-CUBE-SUBG2 5.0.0
2025-10-19 18:34:15,067 [INFO] ThirdParty:1030 - CMSIS Pack Vendor :STMicroelectronics X-CUBE-AZRTOS-H7RS 1.1.0
2025-10-19 18:34:15,067 [INFO] ThirdParty:1030 - CMSIS Pack Vendor :STMicroelectronics STM32_WPAN 1.0.0
2025-10-19 18:34:15,067 [INFO] ThirdParty:1030 - CMSIS Pack Vendor :EmbeddedOffice I-CUBE-FS-RTOS 1.0.1
2025-10-19 18:34:15,067 [INFO] ThirdParty:1030 - CMSIS Pack Vendor :STMicroelectronics lwIP 2.0.3
2025-10-19 18:34:15,067 [INFO] ThirdParty:1030 - CMSIS Pack Vendor :Cesanta I-CUBE-Mongoose 7.13.0
2025-10-19 18:34:15,067 [INFO] ThirdParty:1030 - CMSIS Pack Vendor :STMicroelectronics USB_HOST 1.0.0
2025-10-19 18:34:15,067 [INFO] ThirdParty:1030 - CMSIS Pack Vendor :STMicroelectronics X-CUBE-AZRTOS-G4 2.0.0
2025-10-19 18:34:15,067 [INFO] ThirdParty:1030 - CMSIS Pack Vendor :STMicroelectronics X-CUBE-WB05N 2.0.0
2025-10-19 18:34:15,067 [INFO] ThirdParty:1030 - CMSIS Pack Vendor :STMicroelectronics PDM2PCM 3.1.0
2025-10-19 18:34:15,067 [INFO] ThirdParty:1030 - CMSIS Pack Vendor :STMicroelectronics X-CUBE-BLEMGR 3.0.0
2025-10-19 18:34:15,067 [INFO] ThirdParty:1030 - CMSIS Pack Vendor :STMicroelectronics X-CUBE-NFC7 2.0.0
2025-10-19 18:34:15,067 [INFO] ThirdParty:1030 - CMSIS Pack Vendor :STMicroelectronics X-CUBE-TCPP 4.2.0
2025-10-19 18:34:15,067 [INFO] ThirdParty:1030 - CMSIS Pack Vendor :RealThread X-CUBE-RT-Thread_Nano 4.1.1
2025-10-19 18:34:15,068 [INFO] ThirdParty:1030 - CMSIS Pack Vendor :wolfSSL I-CUBE-wolfSSL 5.7.0
2025-10-19 18:34:15,068 [INFO] ThirdParty:1030 - CMSIS Pack Vendor :STMicroelectronics FP-SNS-MOTENVWB1 1.3.1
2025-10-19 18:34:15,068 [INFO] ThirdParty:1030 - CMSIS Pack Vendor :STMicroelectronics FP-ATR-SIGFOX1 3.2.0
2025-10-19 18:34:15,068 [INFO] ThirdParty:1030 - CMSIS Pack Vendor :quantropi X-CUBE-qispace-sdk-base 1.9.3
2025-10-19 18:34:15,068 [INFO] ThirdParty:1030 - CMSIS Pack Vendor :STMicroelectronics X-CUBE-ISPU 2.0.0
2025-10-19 18:34:15,068 [INFO] ThirdParty:1030 - CMSIS Pack Vendor :STMicroelectronics X-CUBE-EEPRMA1 5.1.0
2025-10-19 18:34:15,068 [INFO] ThirdParty:1030 - CMSIS Pack Vendor :STMicroelectronics MBEDTLS 2.16.2
2025-10-19 18:34:15,068 [INFO] ThirdParty:1030 - CMSIS Pack Vendor :STMicroelectronics X-CUBE-IPS 3.1.0
2025-10-19 18:34:15,068 [INFO] ThirdParty:1030 - CMSIS Pack Vendor :STMicroelectronics X-CUBE-ALS 1.0.2
2025-10-19 18:34:15,068 [INFO] ThirdParty:1030 - CMSIS Pack Vendor :STMicroelectronics X-CUBE-MEMS1 10.0.0
2025-10-19 18:34:15,068 [INFO] ThirdParty:1030 - CMSIS Pack Vendor :STMicroelectronics X-CUBE-FREERTOS 1.1.0
2025-10-19 18:34:15,068 [INFO] ThirdParty:1030 - CMSIS Pack Vendor :STMicroelectronics X-CUBE-TOUCHGFX 4.24.0
2025-10-19 18:34:15,068 [INFO] ThirdParty:1030 - CMSIS Pack Vendor :ITTIA_DB I-CUBE-ITTIADB 8.9.0
2025-10-19 18:34:15,068 [INFO] ThirdParty:1030 - CMSIS Pack Vendor :STMicroelectronics X-CUBE-TOUCHGFX 4.24.2
2025-10-19 18:34:15,068 [INFO] ThirdParty:1030 - CMSIS Pack Vendor :STMicroelectronics X-CUBE-TOUCHGFX 4.24.1
2025-10-19 18:34:15,068 [INFO] ThirdParty:1030 - CMSIS Pack Vendor :STMicroelectronics X-CUBE-STSE01 1.0.0
2025-10-19 18:34:15,068 [INFO] ThirdParty:1030 - CMSIS Pack Vendor :wolfSSL I-CUBE-wolfTPM 3.4.0
2025-10-19 18:34:15,068 [INFO] ThirdParty:1030 - CMSIS Pack Vendor :portGmbH I-Cube-SoM-uGOAL 1.1.0
2025-10-19 18:34:15,068 [INFO] ThirdParty:1030 - CMSIS Pack Vendor :STMicroelectronics X-CUBE-ALS 1.0.1
2025-10-19 18:34:15,068 [INFO] ThirdParty:1030 - CMSIS Pack Vendor :STMicroelectronics X-CUBE-ST67W61 1.0.0
2025-10-19 18:34:15,068 [INFO] ThirdParty:1030 - CMSIS Pack Vendor :STMicroelectronics X-CUBE-AI 10.2.0
2025-10-19 18:34:15,068 [INFO] ThirdParty:1030 - CMSIS Pack Vendor :STMicroelectronics ThreadX 1.0.0
2025-10-19 18:34:15,069 [INFO] ThirdParty:1030 - CMSIS Pack Vendor :SEGGER I-CUBE-embOS 1.3.1
2025-10-19 18:34:15,069 [INFO] ThirdParty:1030 - CMSIS Pack Vendor :STMicroelectronics X-CUBE-ALGOBUILD 1.4.0
2025-10-19 18:34:15,069 [INFO] ThirdParty:1030 - CMSIS Pack Vendor :STMicroelectronics X-CUBE-MEMS1 11.3.0
2025-10-19 18:34:15,069 [INFO] ThirdParty:1030 - CMSIS Pack Vendor :STMicroelectronics X-CUBE-AZRTOS-H7RS 1.0.0
2025-10-19 18:34:15,069 [INFO] ThirdParty:1030 - CMSIS Pack Vendor :STMicroelectronics FP-ATR-ASTRA1 2.0.0
2025-10-19 18:34:15,069 [INFO] ThirdParty:1030 - CMSIS Pack Vendor :STMicroelectronics X-CUBE-TOF1 3.4.2
2025-10-19 18:34:15,069 [INFO] ThirdParty:1030 - CMSIS Pack Vendor :STMicroelectronics X-CUBE-TOF1 3.4.3
2025-10-19 18:34:15,069 [INFO] ThirdParty:1030 - CMSIS Pack Vendor :STMicroelectronics X-CUBE-AI 9.1.0
2025-10-19 18:34:15,069 [INFO] ThirdParty:1030 - CMSIS Pack Vendor :STMicroelectronics X-CUBE-TOF1 3.4.0
2025-10-19 18:34:15,069 [INFO] ThirdParty:1030 - CMSIS Pack Vendor :STMicroelectronics X-CUBE-TOF1 3.4.1
2025-10-19 18:34:15,069 [INFO] ThirdParty:1030 - CMSIS Pack Vendor :STMicroelectronics X-CUBE-AZRTOS-H7 3.2.0
2025-10-19 18:34:15,069 [INFO] ThirdParty:1030 - CMSIS Pack Vendor :Infineon AIROC-Wi-Fi-Bluetooth-STM32 1.6.0
2025-10-19 18:34:15,069 [INFO] ThirdParty:1030 - CMSIS Pack Vendor :wolfSSL I-CUBE-wolfSSH 1.4.17
2025-10-19 18:34:15,070 [INFO] ThirdParty:841 - exiting critical section [change project]
2025-10-19 18:34:15,514 [INFO] PinOutPanel:1589 - setPackage(No Configuration,No Configuration)
2025-10-19 18:34:15,516 [INFO] PinOutPanel:1589 - setPackage(STM32F103C8Tx,LQFP48)
2025-10-19 18:34:16,199 [INFO] UtilMem:75 - Before build in PCC Used Memory: 706634752 Bytes (1073741824)
2025-10-19 18:34:17,148 [INFO] UtilMem:75 - After build in PCC Used Memory: 778986496 Bytes (1073741824)
2025-10-19 18:34:17,208 [INFO] IPUIPlugin:80 - create IPUIPlugin
2025-10-19 18:34:17,208 [INFO] IPUIPlugin:80 - create IPUIPlugin
2025-10-19 18:34:17,208 [INFO] IPUIPlugin:80 - create IPUIPlugin
2025-10-19 18:34:17,208 [INFO] IPUIPlugin:80 - create IPUIPlugin
2025-10-19 18:34:17,209 [INFO] IPUIPlugin:80 - create IPUIPlugin
2025-10-19 18:34:17,209 [INFO] IPUIPlugin:80 - create IPUIPlugin
2025-10-19 18:34:17,209 [INFO] IPUIPlugin:80 - create IPUIPlugin
2025-10-19 18:34:17,209 [INFO] IPUIPlugin:80 - create IPUIPlugin
2025-10-19 18:34:17,209 [INFO] IPUIPlugin:80 - create IPUIPlugin
2025-10-19 18:34:17,210 [INFO] IPUIPlugin:80 - create IPUIPlugin
2025-10-19 18:34:17,210 [INFO] IPUIPlugin:80 - create IPUIPlugin
2025-10-19 18:34:17,210 [INFO] IPUIPlugin:80 - create IPUIPlugin
2025-10-19 18:34:17,210 [INFO] IPUIPlugin:80 - create IPUIPlugin
2025-10-19 18:34:17,210 [INFO] IPUIPlugin:80 - create IPUIPlugin
2025-10-19 18:34:17,211 [INFO] IPUIPlugin:80 - create IPUIPlugin
2025-10-19 18:34:17,211 [INFO] IPUIPlugin:80 - create IPUIPlugin
2025-10-19 18:34:17,211 [INFO] IPUIPlugin:80 - create IPUIPlugin
2025-10-19 18:34:17,212 [INFO] IPUIPlugin:80 - create IPUIPlugin
2025-10-19 18:34:17,212 [INFO] IPUIPlugin:80 - create IPUIPlugin
2025-10-19 18:34:17,212 [INFO] IPUIPlugin:80 - create IPUIPlugin
2025-10-19 18:34:17,212 [INFO] IPUIPlugin:80 - create IPUIPlugin
2025-10-19 18:34:17,214 [INFO] IPUIPlugin:80 - create IPUIPlugin
2025-10-19 18:34:17,214 [INFO] IPUIPlugin:80 - create IPUIPlugin
2025-10-19 18:34:17,214 [INFO] IPUIPlugin:80 - create IPUIPlugin
2025-10-19 18:34:17,215 [INFO] IPUIPlugin:80 - create IPUIPlugin
2025-10-19 18:34:17,215 [INFO] IPUIPlugin:80 - create IPUIPlugin
2025-10-19 18:34:17,216 [INFO] IPUIPlugin:80 - create IPUIPlugin
2025-10-19 18:34:17,499 [INFO] CADModel:165 - CPN selected for project levelSTM32F103C8T6
2025-10-19 18:34:17,499 [INFO] CADModel:114 - Register for checkConnection events
2025-10-19 18:34:17,548 [INFO] OpenFileManager:385 - Restore cursor
2025-10-19 18:34:18,631 [INFO] UtilMem:75 - End SaveConfig() Used Memory: 884907160 Bytes (1073741824)
2025-10-19 18:34:18,762 [INFO] UtilMem:75 - End SaveConfig() Used Memory: 899046400 Bytes (1073741824)
2025-10-19 18:34:19,206 [INFO] BlockDiagram:2775 - set Specific Code input for plugin: NVIC
2025-10-19 18:34:19,206 [INFO] BlockDiagram:2775 - set Specific Code input for plugin: USART
2025-10-19 18:34:19,206 [INFO] BlockDiagram:2775 - set Specific Code input for plugin: TIM1_8F1
2025-10-19 18:34:19,206 [INFO] BlockDiagram:2775 - set Specific Code input for plugin: TIM1_8F1
2025-10-19 18:34:19,206 [INFO] BlockDiagram:2775 - set Specific Code input for plugin: SYS
2025-10-19 18:34:19,206 [INFO] BlockDiagram:2775 - set Specific Code input for plugin: GPIO
2025-10-19 18:34:19,206 [INFO] BlockDiagram:2775 - set Specific Code input for plugin: RCC
2025-10-19 18:34:19,209 [INFO] CodeGenerator:882 - code generatio: config db path: C:\ST\STM32CubeIDE_1.18.0\STM32CubeIDE\plugins\com.st.stm32cube.common.mx_6.14.1.202504091515\\db\
2025-10-19 18:34:19,424 [INFO] CodeEngine:263 - oldGeneratedFile, C:\GIT\GIT_AULAS_FATEC\Exemplos_Codigo_STM32\Interrupcao_externa_e_timer\MXTmpFiles\license.tmp_save
2025-10-19 18:34:19,841 [INFO] CodeEngine:287 - Generated code: C:\GIT\GIT_AULAS_FATEC\Exemplos_Codigo_STM32\Interrupcao_externa_e_timer\MXTmpFiles\license.tmp
2025-10-19 18:34:19,982 [INFO] CodeEngine:263 - oldGeneratedFile, C:\GIT\GIT_AULAS_FATEC\Exemplos_Codigo_STM32\Interrupcao_externa_e_timer\MXTmpFiles\gpio.tmp_save
2025-10-19 18:34:20,142 [INFO] CodeEngine:287 - Generated code: C:\GIT\GIT_AULAS_FATEC\Exemplos_Codigo_STM32\Interrupcao_externa_e_timer\MXTmpFiles\gpio.tmp
2025-10-19 18:34:20,372 [INFO] CodeEngine:263 - oldGeneratedFile, C:\GIT\GIT_AULAS_FATEC\Exemplos_Codigo_STM32\Interrupcao_externa_e_timer\Core\Src\stm32f1xx_it.c_save
2025-10-19 18:34:20,515 [INFO] CodeEngine:287 - Generated code: C:\GIT\GIT_AULAS_FATEC\Exemplos_Codigo_STM32\Interrupcao_externa_e_timer\Core\Src\stm32f1xx_it.c
2025-10-19 18:34:20,523 [INFO] CodeEngine:263 - oldGeneratedFile, C:\GIT\GIT_AULAS_FATEC\Exemplos_Codigo_STM32\Interrupcao_externa_e_timer\Core\Inc\stm32f1xx_it.h_save
2025-10-19 18:34:20,605 [INFO] CodeEngine:287 - Generated code: C:\GIT\GIT_AULAS_FATEC\Exemplos_Codigo_STM32\Interrupcao_externa_e_timer\Core\Inc\stm32f1xx_it.h
2025-10-19 18:34:20,624 [INFO] CodeEngine:263 - oldGeneratedFile, C:\GIT\GIT_AULAS_FATEC\Exemplos_Codigo_STM32\Interrupcao_externa_e_timer\Core\Src\stm32f1xx_hal_msp.c_save
2025-10-19 18:34:20,766 [INFO] CodeEngine:287 - Generated code: C:\GIT\GIT_AULAS_FATEC\Exemplos_Codigo_STM32\Interrupcao_externa_e_timer\Core\Src\stm32f1xx_hal_msp.c
2025-10-19 18:34:20,772 [INFO] CodeEngine:263 - oldGeneratedFile, C:\GIT\GIT_AULAS_FATEC\Exemplos_Codigo_STM32\Interrupcao_externa_e_timer\MXTmpFiles\system.tmp_save
2025-10-19 18:34:20,845 [INFO] CodeEngine:287 - Generated code: C:\GIT\GIT_AULAS_FATEC\Exemplos_Codigo_STM32\Interrupcao_externa_e_timer\MXTmpFiles\system.tmp
2025-10-19 18:34:20,863 [INFO] CodeEngine:319 - oldGeneratedFile, C:\GIT\GIT_AULAS_FATEC\Exemplos_Codigo_STM32\Interrupcao_externa_e_timer\Core\Inc\stm32f1xx_hal_conf.h_save
2025-10-19 18:34:20,950 [INFO] CodeEngine:343 - Generated code: C:\GIT\GIT_AULAS_FATEC\Exemplos_Codigo_STM32\Interrupcao_externa_e_timer\Core\Inc\stm32f1xx_hal_conf.h
2025-10-19 18:34:21,060 [INFO] ApiDbMcu:508 - Load IP Config File for TIM1
2025-10-19 18:34:21,123 [INFO] ApiDbMcu:508 - Load IP Config File for TIM2
2025-10-19 18:34:21,131 [INFO] ApiDbMcu:508 - Load IP Config File for USART1
2025-10-19 18:34:21,136 [INFO] ApiDbMcu:508 - Load IP Config File for RCC
2025-10-19 18:34:21,138 [WARN] IPConfigManager:3790 - IP not found : TIM
2025-10-19 18:34:21,139 [WARN] CodeGenerator:4198 - IP not found : null
2025-10-19 18:34:21,150 [INFO] CodeEngine:263 - oldGeneratedFile, C:\GIT\GIT_AULAS_FATEC\Exemplos_Codigo_STM32\Interrupcao_externa_e_timer\Core\Inc\main.h_save
2025-10-19 18:34:21,259 [INFO] CodeEngine:287 - Generated code: C:\GIT\GIT_AULAS_FATEC\Exemplos_Codigo_STM32\Interrupcao_externa_e_timer\Core\Inc\main.h
2025-10-19 18:34:21,267 [INFO] CodeEngine:263 - oldGeneratedFile, C:\GIT\GIT_AULAS_FATEC\Exemplos_Codigo_STM32\Interrupcao_externa_e_timer\Core\Src\main.c_save
2025-10-19 18:34:21,433 [INFO] CodeEngine:287 - Generated code: C:\GIT\GIT_AULAS_FATEC\Exemplos_Codigo_STM32\Interrupcao_externa_e_timer\Core\Src\main.c
2025-10-19 18:34:21,854 [INFO] ProjectBuilder:3324 - Time for Copy HAL[1] : 202mS.
2025-10-19 18:34:21,861 [INFO] ProjectBuilder:4912 - Project Generator version: 4.6.0.1-B1
2025-10-19 18:34:21,966 [INFO] ConfigFileManager:1590 - The Die is : DIE410
2025-10-19 18:34:21,986 [INFO] ApiDbMcu:508 - Load IP Config File for FATFS
2025-10-19 18:34:22,011 [INFO] ApiDbMcu:508 - Load IP Config File for FREERTOS
2025-10-19 18:34:22,041 [INFO] ApiDbMcu:508 - Load IP Config File for USB_DEVICE
2025-10-19 18:34:22,633 [INFO] LogOutputStream:77 - [STDOUT_REDIRECT] 
2025-10-19 18:34:26,375 [INFO] ProjectBuilder:5191 - Time for Generating toolchain IDE Files: 4513mS.
2025-10-19 18:34:26,377 [INFO] ProjectBuilder:3181 - Time for Copy CMSIS : 1mS.
2025-10-19 18:34:26,382 [INFO] ProjectBuilder:3181 - Time for Copy CMSIS : 1mS.
2025-10-19 18:34:27,210 [INFO] McuFinderGlobals:76 - Set McuFinderConnectedMode to true
2025-10-19 18:34:27,219 [INFO] ApiDb:448 - Save user favorites file C:\Users\User/.stm32cubeide/favorites.mcus.txt: 1 item(s)
2025-10-19 18:34:27,219 [INFO] ApiDb:452 - User favorites MCUs=[STM32F103C8T6]
2025-10-19 18:39:18,449 [INFO] UtilMem:75 - End SaveConfig() Used Memory: 667910480 Bytes (1073741824)
2025-10-19 18:39:18,774 [INFO] BlockDiagram:2775 - set Specific Code input for plugin: NVIC
2025-10-19 18:39:18,774 [INFO] BlockDiagram:2775 - set Specific Code input for plugin: USART
2025-10-19 18:39:18,775 [INFO] BlockDiagram:2775 - set Specific Code input for plugin: TIM1_8F1
2025-10-19 18:39:18,775 [INFO] BlockDiagram:2775 - set Specific Code input for plugin: TIM1_8F1
2025-10-19 18:39:18,775 [INFO] BlockDiagram:2775 - set Specific Code input for plugin: SYS
2025-10-19 18:39:18,775 [INFO] BlockDiagram:2775 - set Specific Code input for plugin: GPIO
2025-10-19 18:39:18,776 [INFO] BlockDiagram:2775 - set Specific Code input for plugin: RCC
2025-10-19 18:39:18,777 [INFO] CodeGenerator:882 - code generatio: config db path: C:\ST\STM32CubeIDE_1.18.0\STM32CubeIDE\plugins\com.st.stm32cube.common.mx_6.14.1.202504091515\\db\
2025-10-19 18:39:18,908 [INFO] CodeEngine:263 - oldGeneratedFile, C:\GIT\GIT_AULAS_FATEC\Exemplos_Codigo_STM32\Interrupcao_externa_e_timer\MXTmpFiles\license.tmp_save
2025-10-19 18:39:19,145 [INFO] CodeEngine:287 - Generated code: C:\GIT\GIT_AULAS_FATEC\Exemplos_Codigo_STM32\Interrupcao_externa_e_timer\MXTmpFiles\license.tmp
2025-10-19 18:39:19,191 [INFO] CodeEngine:263 - oldGeneratedFile, C:\GIT\GIT_AULAS_FATEC\Exemplos_Codigo_STM32\Interrupcao_externa_e_timer\MXTmpFiles\gpio.tmp_save
2025-10-19 18:39:19,356 [INFO] CodeEngine:287 - Generated code: C:\GIT\GIT_AULAS_FATEC\Exemplos_Codigo_STM32\Interrupcao_externa_e_timer\MXTmpFiles\gpio.tmp
2025-10-19 18:39:19,541 [INFO] CodeEngine:263 - oldGeneratedFile, C:\GIT\GIT_AULAS_FATEC\Exemplos_Codigo_STM32\Interrupcao_externa_e_timer\Core\Src\stm32f1xx_it.c_save
2025-10-19 18:39:19,657 [INFO] CodeEngine:287 - Generated code: C:\GIT\GIT_AULAS_FATEC\Exemplos_Codigo_STM32\Interrupcao_externa_e_timer\Core\Src\stm32f1xx_it.c
2025-10-19 18:39:19,664 [INFO] CodeEngine:263 - oldGeneratedFile, C:\GIT\GIT_AULAS_FATEC\Exemplos_Codigo_STM32\Interrupcao_externa_e_timer\Core\Inc\stm32f1xx_it.h_save
2025-10-19 18:39:19,753 [INFO] CodeEngine:287 - Generated code: C:\GIT\GIT_AULAS_FATEC\Exemplos_Codigo_STM32\Interrupcao_externa_e_timer\Core\Inc\stm32f1xx_it.h
2025-10-19 18:39:19,772 [INFO] CodeEngine:263 - oldGeneratedFile, C:\GIT\GIT_AULAS_FATEC\Exemplos_Codigo_STM32\Interrupcao_externa_e_timer\Core\Src\stm32f1xx_hal_msp.c_save
2025-10-19 18:39:19,885 [INFO] CodeEngine:287 - Generated code: C:\GIT\GIT_AULAS_FATEC\Exemplos_Codigo_STM32\Interrupcao_externa_e_timer\Core\Src\stm32f1xx_hal_msp.c
2025-10-19 18:39:19,893 [INFO] CodeEngine:263 - oldGeneratedFile, C:\GIT\GIT_AULAS_FATEC\Exemplos_Codigo_STM32\Interrupcao_externa_e_timer\MXTmpFiles\system.tmp_save
2025-10-19 18:39:19,965 [INFO] CodeEngine:287 - Generated code: C:\GIT\GIT_AULAS_FATEC\Exemplos_Codigo_STM32\Interrupcao_externa_e_timer\MXTmpFiles\system.tmp
2025-10-19 18:39:19,980 [INFO] CodeEngine:319 - oldGeneratedFile, C:\GIT\GIT_AULAS_FATEC\Exemplos_Codigo_STM32\Interrupcao_externa_e_timer\Core\Inc\stm32f1xx_hal_conf.h_save
2025-10-19 18:39:20,058 [INFO] CodeEngine:343 - Generated code: C:\GIT\GIT_AULAS_FATEC\Exemplos_Codigo_STM32\Interrupcao_externa_e_timer\Core\Inc\stm32f1xx_hal_conf.h
2025-10-19 18:39:20,082 [WARN] IPConfigManager:3790 - IP not found : TIM
2025-10-19 18:39:20,083 [WARN] CodeGenerator:4198 - IP not found : null
2025-10-19 18:39:20,098 [INFO] CodeEngine:263 - oldGeneratedFile, C:\GIT\GIT_AULAS_FATEC\Exemplos_Codigo_STM32\Interrupcao_externa_e_timer\Core\Inc\main.h_save
2025-10-19 18:39:20,178 [INFO] CodeEngine:287 - Generated code: C:\GIT\GIT_AULAS_FATEC\Exemplos_Codigo_STM32\Interrupcao_externa_e_timer\Core\Inc\main.h
2025-10-19 18:39:20,186 [INFO] CodeEngine:263 - oldGeneratedFile, C:\GIT\GIT_AULAS_FATEC\Exemplos_Codigo_STM32\Interrupcao_externa_e_timer\Core\Src\main.c_save
2025-10-19 18:39:20,289 [INFO] CodeEngine:287 - Generated code: C:\GIT\GIT_AULAS_FATEC\Exemplos_Codigo_STM32\Interrupcao_externa_e_timer\Core\Src\main.c
2025-10-19 18:39:20,696 [INFO] ProjectBuilder:3324 - Time for Copy HAL[1] : 202mS.
2025-10-19 18:39:20,707 [INFO] ProjectBuilder:4912 - Project Generator version: 4.6.0.1-B1
2025-10-19 18:39:20,873 [INFO] ConfigFileManager:1590 - The Die is : DIE410
2025-10-19 18:39:22,452 [INFO] ProjectBuilder:5191 - Time for Generating toolchain IDE Files: 1746mS.
2025-10-19 18:39:22,454 [INFO] ProjectBuilder:3181 - Time for Copy CMSIS : 1mS.
2025-10-19 18:39:22,459 [INFO] ProjectBuilder:3181 - Time for Copy CMSIS : 0mS.
